/* GENERATED by tools/gen_guest_bench.py -- do not edit. */
/* inputs-sha256: 099ad57f078d0f71322beb119125236c1fd9a72cbc98623e1a2ab972a756e134 */
/* tool: Ubuntu clang version 18.1.3 (1ubuntu1) */
/* tool: Ubuntu LLD 18.1.3 (compatible with GNU linkers) */
#ifndef S5LBOX_GUEST_IMAGES_H
#define S5LBOX_GUEST_IMAGES_H
#include <stdint.h>
#define GUEST_BENCH_INPUTS_SHA256 "099ad57f078d0f71322beb119125236c1fd9a72cbc98623e1a2ab972a756e134"
#define GUEST_BENCH_ARM_SIZE 16079u
#define GUEST_BENCH_ARM_START 0x00002000u
#define GUEST_BENCH_ARM_MBOX 0x00001000u
#define GUEST_BENCH_ARM_SVCCOUNTER 0x00004000u
#define GUEST_BENCH_ARM_FIQCOUNTER 0x00004004u
#define GUEST_BENCH_ARM_WLARENA 0x00005000u
#define GUEST_BENCH_ARM_BSSEND 0x00605000u
static const uint8_t guest_bench_arm_image[16079] = {
    0xfe,0x07,0x00,0xea,0x29,0x08,0x00,0xea,0x19,0x08,0x00,0xea,0x2b,0x08,0x00,0xea,
    0x2e,0x08,0x00,0xea,0x31,0x08,0x00,0xea,0x34,0x08,0x00,0xea,0x1b,0x08,0x00,0xea,
    0x00,0x00,0x00,0x00,0x00,0x00,0x00,0x00,0x00,0x00,0x00,0x00,0x00,0x00,0x00,0x00,
    0x00,0x00,0x00,0x00,0x00,0x00,0x00,0x00,0x00,0x00,0x00,0x00,0x00,0x00,0x00,0x00,
    0x00,0x00,0x00,0x00,0x00,0x00,0x00,0x00,0x00,0x00,0x00,0x00,0x00,0x00,0x00,0x00,
    0x00,0x00,0x00,0x00,0x00,0x00,0x00,0x00,0x00,0x00,0x00,0x00,0x00,0x00,0x00,0x00,
    0x00,0x00,0x00,0x00,0x00,0x00,0x00,0x00,0x00,0x00,0x00,0x00,0x00,0x00,0x00,0x00,
    0x00,0x00,0x00,0x00,0x00,0x00,0x00,0x00,0x00,0x00,0x00,0x00,0x00,0x00,0x00,0x00,
    0x00,0x00,0x00,0x00,0x00,0x00,0x00,0x00,0x00,0x00,0x00,0x00,0x00,0x00,0x00,0x00,
    0x00,0x00,0x00,0x00,0x00,0x00,0x00,0x00,0x00,0x00,0x00,0x00,0x00,0x00,0x00,0x00,
    0x00,0x00,0x00,0x00,0x00,0x00,0x00,0x00,0x00,0x00,0x00,0x00,0x00,0x00,0x00,0x00,
    0x00,0x00,0x00,0x00,0x00,0x00,0x00,0x00,0x00,0x00,0x00,0x00,0x00,0x00,0x00,0x00,
    0x00,0x00,0x00,0x00,0x00,0x00,0x00,0x00,0x00,0x00,0x00,0x00,0x00,0x00,0x00,0x00,
    0x00,0x00,0x00,0x00,0x00,0x00,0x00,0x00,0x00,0x00,0x00,0x00,0x00,0x00,0x00,0x00,
    0x00,0x00,0x00,0x00,0x00,0x00,0x00,0x00,0x00,0x00,0x00,0x00,0x00,0x00,0x00,0x00,
    0x00,0x00,0x00,0x00,0x00,0x00,0x00,0x00,0x00,0x00,0x00,0x00,0x00,0x00,0x00,0x00,
    0x00,0x00,0x00,0x00,0x00,0x00,0x00,0x00,0x00,0x00,0x00,0x00,0x00,0x00,0x00,0x00,
    0x00,0x00,0x00,0x00,0x00,0x00,0x00,0x00,0x00,0x00,0x00,0x00,0x00,0x00,0x00,0x00,
    0x00,0x00,0x00,0x00,0x00,0x00,0x00,0x00,0x00,0x00,0x00,0x00,0x00,0x00,0x00,0x00,
    0x00,0x00,0x00,0x00,0x00,0x00,0x00,0x00,0x00,0x00,0x00,0x00,0x00,0x00,0x00,0x00,
    0x00,0x00,0x00,0x00,0x00,0x00,0x00,0x00,0x00,0x00,0x00,0x00,0x00,0x00,0x00,0x00,
    0x00,0x00,0x00,0x00,0x00,0x00,0x00,0x00,0x00,0x00,0x00,0x00,0x00,0x00,0x00,0x00,
    0x00,0x00,0x00,0x00,0x00,0x00,0x00,0x00,0x00,0x00,0x00,0x00,0x00,0x00,0x00,0x00,
    0x00,0x00,0x00,0x00,0x00,0x00,0x00,0x00,0x00,0x00,0x00,0x00,0x00,0x00,0x00,0x00,
    0x00,0x00,0x00,0x00,0x00,0x00,0x00,0x00,0x00,0x00,0x00,0x00,0x00,0x00,0x00,0x00,
    0x00,0x00,0x00,0x00,0x00,0x00,0x00,0x00,0x00,0x00,0x00,0x00,0x00,0x00,0x00,0x00,
    0x00,0x00,0x00,0x00,0x00,0x00,0x00,0x00,0x00,0x00,0x00,0x00,0x00,0x00,0x00,0x00,
    0x00,0x00,0x00,0x00,0x00,0x00,0x00,0x00,0x00,0x00,0x00,0x00,0x00,0x00,0x00,0x00,
    0x00,0x00,0x00,0x00,0x00,0x00,0x00,0x00,0x00,0x00,0x00,0x00,0x00,0x00,0x00,0x00,
    0x00,0x00,0x00,0x00,0x00,0x00,0x00,0x00,0x00,0x00,0x00,0x00,0x00,0x00,0x00,0x00,
    0x00,0x00,0x00,0x00,0x00,0x00,0x00,0x00,0x00,0x00,0x00,0x00,0x00,0x00,0x00,0x00,
    0x00,0x00,0x00,0x00,0x00,0x00,0x00,0x00,0x00,0x00,0x00,0x00,0x00,0x00,0x00,0x00,
    0x00,0x00,0x00,0x00,0x00,0x00,0x00,0x00,0x00,0x00,0x00,0x00,0x00,0x00,0x00,0x00,
    0x00,0x00,0x00,0x00,0x00,0x00,0x00,0x00,0x00,0x00,0x00,0x00,0x00,0x00,0x00,0x00,
    0x00,0x00,0x00,0x00,0x00,0x00,0x00,0x00,0x00,0x00,0x00,0x00,0x00,0x00,0x00,0x00,
    0x00,0x00,0x00,0x00,0x00,0x00,0x00,0x00,0x00,0x00,0x00,0x00,0x00,0x00,0x00,0x00,
    0x00,0x00,0x00,0x00,0x00,0x00,0x00,0x00,0x00,0x00,0x00,0x00,0x00,0x00,0x00,0x00,
    0x00,0x00,0x00,0x00,0x00,0x00,0x00,0x00,0x00,0x00,0x00,0x00,0x00,0x00,0x00,0x00,
    0x00,0x00,0x00,0x00,0x00,0x00,0x00,0x00,0x00,0x00,0x00,0x00,0x00,0x00,0x00,0x00,
    0x00,0x00,0x00,0x00,0x00,0x00,0x00,0x00,0x00,0x00,0x00,0x00,0x00,0x00,0x00,0x00,
    0x00,0x00,0x00,0x00,0x00,0x00,0x00,0x00,0x00,0x00,0x00,0x00,0x00,0x00,0x00,0x00,
    0x00,0x00,0x00,0x00,0x00,0x00,0x00,0x00,0x00,0x00,0x00,0x00,0x00,0x00,0x00,0x00,
    0x00,0x00,0x00,0x00,0x00,0x00,0x00,0x00,0x00,0x00,0x00,0x00,0x00,0x00,0x00,0x00,
    0x00,0x00,0x00,0x00,0x00,0x00,0x00,0x00,0x00,0x00,0x00,0x00,0x00,0x00,0x00,0x00,
    0x00,0x00,0x00,0x00,0x00,0x00,0x00,0x00,0x00,0x00,0x00,0x00,0x00,0x00,0x00,0x00,
    0x00,0x00,0x00,0x00,0x00,0x00,0x00,0x00,0x00,0x00,0x00,0x00,0x00,0x00,0x00,0x00,
    0x00,0x00,0x00,0x00,0x00,0x00,0x00,0x00,0x00,0x00,0x00,0x00,0x00,0x00,0x00,0x00,
    0x00,0x00,0x00,0x00,0x00,0x00,0x00,0x00,0x00,0x00,0x00,0x00,0x00,0x00,0x00,0x00,
    0x00,0x00,0x00,0x00,0x00,0x00,0x00,0x00,0x00,0x00,0x00,0x00,0x00,0x00,0x00,0x00,
    0x00,0x00,0x00,0x00,0x00,0x00,0x00,0x00,0x00,0x00,0x00,0x00,0x00,0x00,0x00,0x00,
    0x00,0x00,0x00,0x00,0x00,0x00,0x00,0x00,0x00,0x00,0x00,0x00,0x00,0x00,0x00,0x00,
    0x00,0x00,0x00,0x00,0x00,0x00,0x00,0x00,0x00,0x00,0x00,0x00,0x00,0x00,0x00,0x00,
    0x00,0x00,0x00,0x00,0x00,0x00,0x00,0x00,0x00,0x00,0x00,0x00,0x00,0x00,0x00,0x00,
    0x00,0x00,0x00,0x00,0x00,0x00,0x00,0x00,0x00,0x00,0x00,0x00,0x00,0x00,0x00,0x00,
    0x00,0x00,0x00,0x00,0x00,0x00,0x00,0x00,0x00,0x00,0x00,0x00,0x00,0x00,0x00,0x00,
    0x00,0x00,0x00,0x00,0x00,0x00,0x00,0x00,0x00,0x00,0x00,0x00,0x00,0x00,0x00,0x00,
    0x00,0x00,0x00,0x00,0x00,0x00,0x00,0x00,0x00,0x00,0x00,0x00,0x00,0x00,0x00,0x00,
    0x00,0x00,0x00,0x00,0x00,0x00,0x00,0x00,0x00,0x00,0x00,0x00,0x00,0x00,0x00,0x00,
    0x00,0x00,0x00,0x00,0x00,0x00,0x00,0x00,0x00,0x00,0x00,0x00,0x00,0x00,0x00,0x00,
    0x00,0x00,0x00,0x00,0x00,0x00,0x00,0x00,0x00,0x00,0x00,0x00,0x00,0x00,0x00,0x00,
    0x00,0x00,0x00,0x00,0x00,0x00,0x00,0x00,0x00,0x00,0x00,0x00,0x00,0x00,0x00,0x00,
    0x00,0x00,0x00,0x00,0x00,0x00,0x00,0x00,0x00,0x00,0x00,0x00,0x00,0x00,0x00,0x00,
    0x00,0x00,0x00,0x00,0x00,0x00,0x00,0x00,0x00,0x00,0x00,0x00,0x00,0x00,0x00,0x00,
    0x00,0x00,0x00,0x00,0x00,0x00,0x00,0x00,0x00,0x00,0x00,0x00,0x00,0x00,0x00,0x00,
    0x00,0x00,0x00,0x00,0x00,0x00,0x00,0x00,0x00,0x00,0x00,0x00,0x00,0x00,0x00,0x00,
    0x00,0x00,0x00,0x00,0x00,0x00,0x00,0x00,0x00,0x00,0x00,0x00,0x00,0x00,0x00,0x00,
    0x00,0x00,0x00,0x00,0x00,0x00,0x00,0x00,0x00,0x00,0x00,0x00,0x00,0x00,0x00,0x00,
    0x00,0x00,0x00,0x00,0x00,0x00,0x00,0x00,0x00,0x00,0x00,0x00,0x00,0x00,0x00,0x00,
    0x00,0x00,0x00,0x00,0x00,0x00,0x00,0x00,0x00,0x00,0x00,0x00,0x00,0x00,0x00,0x00,
    0x00,0x00,0x00,0x00,0x00,0x00,0x00,0x00,0x00,0x00,0x00,0x00,0x00,0x00,0x00,0x00,
    0x00,0x00,0x00,0x00,0x00,0x00,0x00,0x00,0x00,0x00,0x00,0x00,0x00,0x00,0x00,0x00,
    0x00,0x00,0x00,0x00,0x00,0x00,0x00,0x00,0x00,0x00,0x00,0x00,0x00,0x00,0x00,0x00,
    0x00,0x00,0x00,0x00,0x00,0x00,0x00,0x00,0x00,0x00,0x00,0x00,0x00,0x00,0x00,0x00,
    0x00,0x00,0x00,0x00,0x00,0x00,0x00,0x00,0x00,0x00,0x00,0x00,0x00,0x00,0x00,0x00,
    0x00,0x00,0x00,0x00,0x00,0x00,0x00,0x00,0x00,0x00,0x00,0x00,0x00,0x00,0x00,0x00,
    0x00,0x00,0x00,0x00,0x00,0x00,0x00,0x00,0x00,0x00,0x00,0x00,0x00,0x00,0x00,0x00,
    0x00,0x00,0x00,0x00,0x00,0x00,0x00,0x00,0x00,0x00,0x00,0x00,0x00,0x00,0x00,0x00,
    0x00,0x00,0x00,0x00,0x00,0x00,0x00,0x00,0x00,0x00,0x00,0x00,0x00,0x00,0x00,0x00,
    0x00,0x00,0x00,0x00,0x00,0x00,0x00,0x00,0x00,0x00,0x00,0x00,0x00,0x00,0x00,0x00,
    0x00,0x00,0x00,0x00,0x00,0x00,0x00,0x00,0x00,0x00,0x00,0x00,0x00,0x00,0x00,0x00,
    0x00,0x00,0x00,0x00,0x00,0x00,0x00,0x00,0x00,0x00,0x00,0x00,0x00,0x00,0x00,0x00,
    0x00,0x00,0x00,0x00,0x00,0x00,0x00,0x00,0x00,0x00,0x00,0x00,0x00,0x00,0x00,0x00,
    0x00,0x00,0x00,0x00,0x00,0x00,0x00,0x00,0x00,0x00,0x00,0x00,0x00,0x00,0x00,0x00,
    0x00,0x00,0x00,0x00,0x00,0x00,0x00,0x00,0x00,0x00,0x00,0x00,0x00,0x00,0x00,0x00,
    0x00,0x00,0x00,0x00,0x00,0x00,0x00,0x00,0x00,0x00,0x00,0x00,0x00,0x00,0x00,0x00,
    0x00,0x00,0x00,0x00,0x00,0x00,0x00,0x00,0x00,0x00,0x00,0x00,0x00,0x00,0x00,0x00,
    0x00,0x00,0x00,0x00,0x00,0x00,0x00,0x00,0x00,0x00,0x00,0x00,0x00,0x00,0x00,0x00,
    0x00,0x00,0x00,0x00,0x00,0x00,0x00,0x00,0x00,0x00,0x00,0x00,0x00,0x00,0x00,0x00,
    0x00,0x00,0x00,0x00,0x00,0x00,0x00,0x00,0x00,0x00,0x00,0x00,0x00,0x00,0x00,0x00,
    0x00,0x00,0x00,0x00,0x00,0x00,0x00,0x00,0x00,0x00,0x00,0x00,0x00,0x00,0x00,0x00,
    0x00,0x00,0x00,0x00,0x00,0x00,0x00,0x00,0x00,0x00,0x00,0x00,0x00,0x00,0x00,0x00,
    0x00,0x00,0x00,0x00,0x00,0x00,0x00,0x00,0x00,0x00,0x00,0x00,0x00,0x00,0x00,0x00,
    0x00,0x00,0x00,0x00,0x00,0x00,0x00,0x00,0x00,0x00,0x00,0x00,0x00,0x00,0x00,0x00,
    0x00,0x00,0x00,0x00,0x00,0x00,0x00,0x00,0x00,0x00,0x00,0x00,0x00,0x00,0x00,0x00,
    0x00,0x00,0x00,0x00,0x00,0x00,0x00,0x00,0x00,0x00,0x00,0x00,0x00,0x00,0x00,0x00,
    0x00,0x00,0x00,0x00,0x00,0x00,0x00,0x00,0x00,0x00,0x00,0x00,0x00,0x00,0x00,0x00,
    0x00,0x00,0x00,0x00,0x00,0x00,0x00,0x00,0x00,0x00,0x00,0x00,0x00,0x00,0x00,0x00,
    0x00,0x00,0x00,0x00,0x00,0x00,0x00,0x00,0x00,0x00,0x00,0x00,0x00,0x00,0x00,0x00,
    0x00,0x00,0x00,0x00,0x00,0x00,0x00,0x00,0x00,0x00,0x00,0x00,0x00,0x00,0x00,0x00,
    0x00,0x00,0x00,0x00,0x00,0x00,0x00,0x00,0x00,0x00,0x00,0x00,0x00,0x00,0x00,0x00,
    0x00,0x00,0x00,0x00,0x00,0x00,0x00,0x00,0x00,0x00,0x00,0x00,0x00,0x00,0x00,0x00,
    0x00,0x00,0x00,0x00,0x00,0x00,0x00,0x00,0x00,0x00,0x00,0x00,0x00,0x00,0x00,0x00,
    0x00,0x00,0x00,0x00,0x00,0x00,0x00,0x00,0x00,0x00,0x00,0x00,0x00,0x00,0x00,0x00,
    0x00,0x00,0x00,0x00,0x00,0x00,0x00,0x00,0x00,0x00,0x00,0x00,0x00,0x00,0x00,0x00,
    0x00,0x00,0x00,0x00,0x00,0x00,0x00,0x00,0x00,0x00,0x00,0x00,0x00,0x00,0x00,0x00,
    0x00,0x00,0x00,0x00,0x00,0x00,0x00,0x00,0x00,0x00,0x00,0x00,0x00,0x00,0x00,0x00,
    0x00,0x00,0x00,0x00,0x00,0x00,0x00,0x00,0x00,0x00,0x00,0x00,0x00,0x00,0x00,0x00,
    0x00,0x00,0x00,0x00,0x00,0x00,0x00,0x00,0x00,0x00,0x00,0x00,0x00,0x00,0x00,0x00,
    0x00,0x00,0x00,0x00,0x00,0x00,0x00,0x00,0x00,0x00,0x00,0x00,0x00,0x00,0x00,0x00,
    0x00,0x00,0x00,0x00,0x00,0x00,0x00,0x00,0x00,0x00,0x00,0x00,0x00,0x00,0x00,0x00,
    0x00,0x00,0x00,0x00,0x00,0x00,0x00,0x00,0x00,0x00,0x00,0x00,0x00,0x00,0x00,0x00,
    0x00,0x00,0x00,0x00,0x00,0x00,0x00,0x00,0x00,0x00,0x00,0x00,0x00,0x00,0x00,0x00,
    0x00,0x00,0x00,0x00,0x00,0x00,0x00,0x00,0x00,0x00,0x00,0x00,0x00,0x00,0x00,0x00,
    0x00,0x00,0x00,0x00,0x00,0x00,0x00,0x00,0x00,0x00,0x00,0x00,0x00,0x00,0x00,0x00,
    0x00,0x00,0x00,0x00,0x00,0x00,0x00,0x00,0x00,0x00,0x00,0x00,0x00,0x00,0x00,0x00,
    0x00,0x00,0x00,0x00,0x00,0x00,0x00,0x00,0x00,0x00,0x00,0x00,0x00,0x00,0x00,0x00,
    0x00,0x00,0x00,0x00,0x00,0x00,0x00,0x00,0x00,0x00,0x00,0x00,0x00,0x00,0x00,0x00,
    0x00,0x00,0x00,0x00,0x00,0x00,0x00,0x00,0x00,0x00,0x00,0x00,0x00,0x00,0x00,0x00,
    0x00,0x00,0x00,0x00,0x00,0x00,0x00,0x00,0x00,0x00,0x00,0x00,0x00,0x00,0x00,0x00,
    0x00,0x00,0x00,0x00,0x00,0x00,0x00,0x00,0x00,0x00,0x00,0x00,0x00,0x00,0x00,0x00,
    0x00,0x00,0x00,0x00,0x00,0x00,0x00,0x00,0x00,0x00,0x00,0x00,0x00,0x00,0x00,0x00,
    0x00,0x00,0x00,0x00,0x00,0x00,0x00,0x00,0x00,0x00,0x00,0x00,0x00,0x00,0x00,0x00,
    0x00,0x00,0x00,0x00,0x00,0x00,0x00,0x00,0x00,0x00,0x00,0x00,0x00,0x00,0x00,0x00,
    0x00,0x00,0x00,0x00,0x00,0x00,0x00,0x00,0x00,0x00,0x00,0x00,0x00,0x00,0x00,0x00,
    0x00,0x00,0x00,0x00,0x00,0x00,0x00,0x00,0x00,0x00,0x00,0x00,0x00,0x00,0x00,0x00,
    0x00,0x00,0x00,0x00,0x00,0x00,0x00,0x00,0x00,0x00,0x00,0x00,0x00,0x00,0x00,0x00,
    0x00,0x00,0x00,0x00,0x00,0x00,0x00,0x00,0x00,0x00,0x00,0x00,0x00,0x00,0x00,0x00,
    0x00,0x00,0x00,0x00,0x00,0x00,0x00,0x00,0x00,0x00,0x00,0x00,0x00,0x00,0x00,0x00,
    0x00,0x00,0x00,0x00,0x00,0x00,0x00,0x00,0x00,0x00,0x00,0x00,0x00,0x00,0x00,0x00,
    0x00,0x00,0x00,0x00,0x00,0x00,0x00,0x00,0x00,0x00,0x00,0x00,0x00,0x00,0x00,0x00,
    0x00,0x00,0x00,0x00,0x00,0x00,0x00,0x00,0x00,0x00,0x00,0x00,0x00,0x00,0x00,0x00,
    0x00,0x00,0x00,0x00,0x00,0x00,0x00,0x00,0x00,0x00,0x00,0x00,0x00,0x00,0x00,0x00,
    0x00,0x00,0x00,0x00,0x00,0x00,0x00,0x00,0x00,0x00,0x00,0x00,0x00,0x00,0x00,0x00,
    0x00,0x00,0x00,0x00,0x00,0x00,0x00,0x00,0x00,0x00,0x00,0x00,0x00,0x00,0x00,0x00,
    0x00,0x00,0x00,0x00,0x00,0x00,0x00,0x00,0x00,0x00,0x00,0x00,0x00,0x00,0x00,0x00,
    0x00,0x00,0x00,0x00,0x00,0x00,0x00,0x00,0x00,0x00,0x00,0x00,0x00,0x00,0x00,0x00,
    0x00,0x00,0x00,0x00,0x00,0x00,0x00,0x00,0x00,0x00,0x00,0x00,0x00,0x00,0x00,0x00,
    0x00,0x00,0x00,0x00,0x00,0x00,0x00,0x00,0x00,0x00,0x00,0x00,0x00,0x00,0x00,0x00,
    0x00,0x00,0x00,0x00,0x00,0x00,0x00,0x00,0x00,0x00,0x00,0x00,0x00,0x00,0x00,0x00,
    0x00,0x00,0x00,0x00,0x00,0x00,0x00,0x00,0x00,0x00,0x00,0x00,0x00,0x00,0x00,0x00,
    0x00,0x00,0x00,0x00,0x00,0x00,0x00,0x00,0x00,0x00,0x00,0x00,0x00,0x00,0x00,0x00,
    0x00,0x00,0x00,0x00,0x00,0x00,0x00,0x00,0x00,0x00,0x00,0x00,0x00,0x00,0x00,0x00,
    0x00,0x00,0x00,0x00,0x00,0x00,0x00,0x00,0x00,0x00,0x00,0x00,0x00,0x00,0x00,0x00,
    0x00,0x00,0x00,0x00,0x00,0x00,0x00,0x00,0x00,0x00,0x00,0x00,0x00,0x00,0x00,0x00,
    0x00,0x00,0x00,0x00,0x00,0x00,0x00,0x00,0x00,0x00,0x00,0x00,0x00,0x00,0x00,0x00,
    0x00,0x00,0x00,0x00,0x00,0x00,0x00,0x00,0x00,0x00,0x00,0x00,0x00,0x00,0x00,0x00,
    0x00,0x00,0x00,0x00,0x00,0x00,0x00,0x00,0x00,0x00,0x00,0x00,0x00,0x00,0x00,0x00,
    0x00,0x00,0x00,0x00,0x00,0x00,0x00,0x00,0x00,0x00,0x00,0x00,0x00,0x00,0x00,0x00,
    0x00,0x00,0x00,0x00,0x00,0x00,0x00,0x00,0x00,0x00,0x00,0x00,0x00,0x00,0x00,0x00,
    0x00,0x00,0x00,0x00,0x00,0x00,0x00,0x00,0x00,0x00,0x00,0x00,0x00,0x00,0x00,0x00,
    0x00,0x00,0x00,0x00,0x00,0x00,0x00,0x00,0x00,0x00,0x00,0x00,0x00,0x00,0x00,0x00,
    0x00,0x00,0x00,0x00,0x00,0x00,0x00,0x00,0x00,0x00,0x00,0x00,0x00,0x00,0x00,0x00,
    0x00,0x00,0x00,0x00,0x00,0x00,0x00,0x00,0x00,0x00,0x00,0x00,0x00,0x00,0x00,0x00,
    0x00,0x00,0x00,0x00,0x00,0x00,0x00,0x00,0x00,0x00,0x00,0x00,0x00,0x00,0x00,0x00,
    0x00,0x00,0x00,0x00,0x00,0x00,0x00,0x00,0x00,0x00,0x00,0x00,0x00,0x00,0x00,0x00,
    0x00,0x00,0x00,0x00,0x00,0x00,0x00,0x00,0x00,0x00,0x00,0x00,0x00,0x00,0x00,0x00,
    0x00,0x00,0x00,0x00,0x00,0x00,0x00,0x00,0x00,0x00,0x00,0x00,0x00,0x00,0x00,0x00,
    0x00,0x00,0x00,0x00,0x00,0x00,0x00,0x00,0x00,0x00,0x00,0x00,0x00,0x00,0x00,0x00,
    0x00,0x00,0x00,0x00,0x00,0x00,0x00,0x00,0x00,0x00,0x00,0x00,0x00,0x00,0x00,0x00,
    0x00,0x00,0x00,0x00,0x00,0x00,0x00,0x00,0x00,0x00,0x00,0x00,0x00,0x00,0x00,0x00,
    0x00,0x00,0x00,0x00,0x00,0x00,0x00,0x00,0x00,0x00,0x00,0x00,0x00,0x00,0x00,0x00,
    0x00,0x00,0x00,0x00,0x00,0x00,0x00,0x00,0x00,0x00,0x00,0x00,0x00,0x00,0x00,0x00,
    0x00,0x00,0x00,0x00,0x00,0x00,0x00,0x00,0x00,0x00,0x00,0x00,0x00,0x00,0x00,0x00,
    0x00,0x00,0x00,0x00,0x00,0x00,0x00,0x00,0x00,0x00,0x00,0x00,0x00,0x00,0x00,0x00,
    0x00,0x00,0x00,0x00,0x00,0x00,0x00,0x00,0x00,0x00,0x00,0x00,0x00,0x00,0x00,0x00,
    0x00,0x00,0x00,0x00,0x00,0x00,0x00,0x00,0x00,0x00,0x00,0x00,0x00,0x00,0x00,0x00,
    0x00,0x00,0x00,0x00,0x00,0x00,0x00,0x00,0x00,0x00,0x00,0x00,0x00,0x00,0x00,0x00,
    0x00,0x00,0x00,0x00,0x00,0x00,0x00,0x00,0x00,0x00,0x00,0x00,0x00,0x00,0x00,0x00,
    0x00,0x00,0x00,0x00,0x00,0x00,0x00,0x00,0x00,0x00,0x00,0x00,0x00,0x00,0x00,0x00,
    0x00,0x00,0x00,0x00,0x00,0x00,0x00,0x00,0x00,0x00,0x00,0x00,0x00,0x00,0x00,0x00,
    0x00,0x00,0x00,0x00,0x00,0x00,0x00,0x00,0x00,0x00,0x00,0x00,0x00,0x00,0x00,0x00,
    0x00,0x00,0x00,0x00,0x00,0x00,0x00,0x00,0x00,0x00,0x00,0x00,0x00,0x00,0x00,0x00,
    0x00,0x00,0x00,0x00,0x00,0x00,0x00,0x00,0x00,0x00,0x00,0x00,0x00,0x00,0x00,0x00,
    0x00,0x00,0x00,0x00,0x00,0x00,0x00,0x00,0x00,0x00,0x00,0x00,0x00,0x00,0x00,0x00,
    0x00,0x00,0x00,0x00,0x00,0x00,0x00,0x00,0x00,0x00,0x00,0x00,0x00,0x00,0x00,0x00,
    0x00,0x00,0x00,0x00,0x00,0x00,0x00,0x00,0x00,0x00,0x00,0x00,0x00,0x00,0x00,0x00,
    0x00,0x00,0x00,0x00,0x00,0x00,0x00,0x00,0x00,0x00,0x00,0x00,0x00,0x00,0x00,0x00,
    0x00,0x00,0x00,0x00,0x00,0x00,0x00,0x00,0x00,0x00,0x00,0x00,0x00,0x00,0x00,0x00,
    0x00,0x00,0x00,0x00,0x00,0x00,0x00,0x00,0x00,0x00,0x00,0x00,0x00,0x00,0x00,0x00,
    0x00,0x00,0x00,0x00,0x00,0x00,0x00,0x00,0x00,0x00,0x00,0x00,0x00,0x00,0x00,0x00,
    0x00,0x00,0x00,0x00,0x00,0x00,0x00,0x00,0x00,0x00,0x00,0x00,0x00,0x00,0x00,0x00,
    0x00,0x00,0x00,0x00,0x00,0x00,0x00,0x00,0x00,0x00,0x00,0x00,0x00,0x00,0x00,0x00,
    0x00,0x00,0x00,0x00,0x00,0x00,0x00,0x00,0x00,0x00,0x00,0x00,0x00,0x00,0x00,0x00,
    0x00,0x00,0x00,0x00,0x00,0x00,0x00,0x00,0x00,0x00,0x00,0x00,0x00,0x00,0x00,0x00,
    0x00,0x00,0x00,0x00,0x00,0x00,0x00,0x00,0x00,0x00,0x00,0x00,0x00,0x00,0x00,0x00,
    0x00,0x00,0x00,0x00,0x00,0x00,0x00,0x00,0x00,0x00,0x00,0x00,0x00,0x00,0x00,0x00,
    0x00,0x00,0x00,0x00,0x00,0x00,0x00,0x00,0x00,0x00,0x00,0x00,0x00,0x00,0x00,0x00,
    0x00,0x00,0x00,0x00,0x00,0x00,0x00,0x00,0x00,0x00,0x00,0x00,0x00,0x00,0x00,0x00,
    0x00,0x00,0x00,0x00,0x00,0x00,0x00,0x00,0x00,0x00,0x00,0x00,0x00,0x00,0x00,0x00,
    0x00,0x00,0x00,0x00,0x00,0x00,0x00,0x00,0x00,0x00,0x00,0x00,0x00,0x00,0x00,0x00,
    0x00,0x00,0x00,0x00,0x00,0x00,0x00,0x00,0x00,0x00,0x00,0x00,0x00,0x00,0x00,0x00,
    0x00,0x00,0x00,0x00,0x00,0x00,0x00,0x00,0x00,0x00,0x00,0x00,0x00,0x00,0x00,0x00,
    0x00,0x00,0x00,0x00,0x00,0x00,0x00,0x00,0x00,0x00,0x00,0x00,0x00,0x00,0x00,0x00,
    0x00,0x00,0x00,0x00,0x00,0x00,0x00,0x00,0x00,0x00,0x00,0x00,0x00,0x00,0x00,0x00,
    0x00,0x00,0x00,0x00,0x00,0x00,0x00,0x00,0x00,0x00,0x00,0x00,0x00,0x00,0x00,0x00,
    0x00,0x00,0x00,0x00,0x00,0x00,0x00,0x00,0x00,0x00,0x00,0x00,0x00,0x00,0x00,0x00,
    0x00,0x00,0x00,0x00,0x00,0x00,0x00,0x00,0x00,0x00,0x00,0x00,0x00,0x00,0x00,0x00,
    0x00,0x00,0x00,0x00,0x00,0x00,0x00,0x00,0x00,0x00,0x00,0x00,0x00,0x00,0x00,0x00,
    0x00,0x00,0x00,0x00,0x00,0x00,0x00,0x00,0x00,0x00,0x00,0x00,0x00,0x00,0x00,0x00,
    0x00,0x00,0x00,0x00,0x00,0x00,0x00,0x00,0x00,0x00,0x00,0x00,0x00,0x00,0x00,0x00,
    0x00,0x00,0x00,0x00,0x00,0x00,0x00,0x00,0x00,0x00,0x00,0x00,0x00,0x00,0x00,0x00,
    0x00,0x00,0x00,0x00,0x00,0x00,0x00,0x00,0x00,0x00,0x00,0x00,0x00,0x00,0x00,0x00,
    0x00,0x00,0x00,0x00,0x00,0x00,0x00,0x00,0x00,0x00,0x00,0x00,0x00,0x00,0x00,0x00,
    0x00,0x00,0x00,0x00,0x00,0x00,0x00,0x00,0x00,0x00,0x00,0x00,0x00,0x00,0x00,0x00,
    0x00,0x00,0x00,0x00,0x00,0x00,0x00,0x00,0x00,0x00,0x00,0x00,0x00,0x00,0x00,0x00,
    0x00,0x00,0x00,0x00,0x00,0x00,0x00,0x00,0x00,0x00,0x00,0x00,0x00,0x00,0x00,0x00,
    0x00,0x00,0x00,0x00,0x00,0x00,0x00,0x00,0x00,0x00,0x00,0x00,0x00,0x00,0x00,0x00,
    0x00,0x00,0x00,0x00,0x00,0x00,0x00,0x00,0x00,0x00,0x00,0x00,0x00,0x00,0x00,0x00,
    0x00,0x00,0x00,0x00,0x00,0x00,0x00,0x00,0x00,0x00,0x00,0x00,0x00,0x00,0x00,0x00,
    0x00,0x00,0x00,0x00,0x00,0x00,0x00,0x00,0x00,0x00,0x00,0x00,0x00,0x00,0x00,0x00,
    0x00,0x00,0x00,0x00,0x00,0x00,0x00,0x00,0x00,0x00,0x00,0x00,0x00,0x00,0x00,0x00,
    0x00,0x00,0x00,0x00,0x00,0x00,0x00,0x00,0x00,0x00,0x00,0x00,0x00,0x00,0x00,0x00,
    0x00,0x00,0x00,0x00,0x00,0x00,0x00,0x00,0x00,0x00,0x00,0x00,0x00,0x00,0x00,0x00,
    0x00,0x00,0x00,0x00,0x00,0x00,0x00,0x00,0x00,0x00,0x00,0x00,0x00,0x00,0x00,0x00,
    0x00,0x00,0x00,0x00,0x00,0x00,0x00,0x00,0x00,0x00,0x00,0x00,0x00,0x00,0x00,0x00,
    0x00,0x00,0x00,0x00,0x00,0x00,0x00,0x00,0x00,0x00,0x00,0x00,0x00,0x00,0x00,0x00,
    0x00,0x00,0x00,0x00,0x00,0x00,0x00,0x00,0x00,0x00,0x00,0x00,0x00,0x00,0x00,0x00,
    0x00,0x00,0x00,0x00,0x00,0x00,0x00,0x00,0x00,0x00,0x00,0x00,0x00,0x00,0x00,0x00,
    0x00,0x00,0x00,0x00,0x00,0x00,0x00,0x00,0x00,0x00,0x00,0x00,0x00,0x00,0x00,0x00,
    0x00,0x00,0x00,0x00,0x00,0x00,0x00,0x00,0x00,0x00,0x00,0x00,0x00,0x00,0x00,0x00,
    0x00,0x00,0x00,0x00,0x00,0x00,0x00,0x00,0x00,0x00,0x00,0x00,0x00,0x00,0x00,0x00,
    0x00,0x00,0x00,0x00,0x00,0x00,0x00,0x00,0x00,0x00,0x00,0x00,0x00,0x00,0x00,0x00,
    0x00,0x00,0x00,0x00,0x00,0x00,0x00,0x00,0x00,0x00,0x00,0x00,0x00,0x00,0x00,0x00,
    0x00,0x00,0x00,0x00,0x00,0x00,0x00,0x00,0x00,0x00,0x00,0x00,0x00,0x00,0x00,0x00,
    0x00,0x00,0x00,0x00,0x00,0x00,0x00,0x00,0x00,0x00,0x00,0x00,0x00,0x00,0x00,0x00,
    0x00,0x00,0x00,0x00,0x00,0x00,0x00,0x00,0x00,0x00,0x00,0x00,0x00,0x00,0x00,0x00,
    0x00,0x00,0x00,0x00,0x00,0x00,0x00,0x00,0x00,0x00,0x00,0x00,0x00,0x00,0x00,0x00,
    0x00,0x00,0x00,0x00,0x00,0x00,0x00,0x00,0x00,0x00,0x00,0x00,0x00,0x00,0x00,0x00,
    0x00,0x00,0x00,0x00,0x00,0x00,0x00,0x00,0x00,0x00,0x00,0x00,0x00,0x00,0x00,0x00,
    0x00,0x00,0x00,0x00,0x00,0x00,0x00,0x00,0x00,0x00,0x00,0x00,0x00,0x00,0x00,0x00,
    0x00,0x00,0x00,0x00,0x00,0x00,0x00,0x00,0x00,0x00,0x00,0x00,0x00,0x00,0x00,0x00,
    0x00,0x00,0x00,0x00,0x00,0x00,0x00,0x00,0x00,0x00,0x00,0x00,0x00,0x00,0x00,0x00,
    0x00,0x00,0x00,0x00,0x00,0x00,0x00,0x00,0x00,0x00,0x00,0x00,0x00,0x00,0x00,0x00,
    0x00,0x00,0x00,0x00,0x00,0x00,0x00,0x00,0x00,0x00,0x00,0x00,0x00,0x00,0x00,0x00,
    0x00,0x00,0x00,0x00,0x00,0x00,0x00,0x00,0x00,0x00,0x00,0x00,0x00,0x00,0x00,0x00,
    0x00,0x00,0x00,0x00,0x00,0x00,0x00,0x00,0x00,0x00,0x00,0x00,0x00,0x00,0x00,0x00,
    0x00,0x00,0x00,0x00,0x00,0x00,0x00,0x00,0x00,0x00,0x00,0x00,0x00,0x00,0x00,0x00,
    0x00,0x00,0x00,0x00,0x00,0x00,0x00,0x00,0x00,0x00,0x00,0x00,0x00,0x00,0x00,0x00,
    0x00,0x00,0x00,0x00,0x00,0x00,0x00,0x00,0x00,0x00,0x00,0x00,0x00,0x00,0x00,0x00,
    0x00,0x00,0x00,0x00,0x00,0x00,0x00,0x00,0x00,0x00,0x00,0x00,0x00,0x00,0x00,0x00,
    0x00,0x00,0x00,0x00,0x00,0x00,0x00,0x00,0x00,0x00,0x00,0x00,0x00,0x00,0x00,0x00,
    0x00,0x00,0x00,0x00,0x00,0x00,0x00,0x00,0x00,0x00,0x00,0x00,0x00,0x00,0x00,0x00,
    0x00,0x00,0x00,0x00,0x00,0x00,0x00,0x00,0x00,0x00,0x00,0x00,0x00,0x00,0x00,0x00,
    0x00,0x00,0x00,0x00,0x00,0x00,0x00,0x00,0x00,0x00,0x00,0x00,0x00,0x00,0x00,0x00,
    0x00,0x00,0x00,0x00,0x00,0x00,0x00,0x00,0x00,0x00,0x00,0x00,0x00,0x00,0x00,0x00,
    0x00,0x00,0x00,0x00,0x00,0x00,0x00,0x00,0x00,0x00,0x00,0x00,0x00,0x00,0x00,0x00,
    0x00,0x00,0x00,0x00,0x00,0x00,0x00,0x00,0x00,0x00,0x00,0x00,0x00,0x00,0x00,0x00,
    0x00,0x00,0x00,0x00,0x00,0x00,0x00,0x00,0x00,0x00,0x00,0x00,0x00,0x00,0x00,0x00,
    0x00,0x00,0x00,0x00,0x00,0x00,0x00,0x00,0x00,0x00,0x00,0x00,0x00,0x00,0x00,0x00,
    0x00,0x00,0x00,0x00,0x00,0x00,0x00,0x00,0x00,0x00,0x00,0x00,0x00,0x00,0x00,0x00,
    0x00,0x00,0x00,0x00,0x00,0x00,0x00,0x00,0x00,0x00,0x00,0x00,0x00,0x00,0x00,0x00,
    0x00,0x00,0x00,0x00,0x00,0x00,0x00,0x00,0x00,0x00,0x00,0x00,0x00,0x00,0x00,0x00,
    0x00,0x00,0x00,0x00,0x00,0x00,0x00,0x00,0x00,0x00,0x00,0x00,0x00,0x00,0x00,0x00,
    0x00,0x00,0x00,0x00,0x00,0x00,0x00,0x00,0x00,0x00,0x00,0x00,0x00,0x00,0x00,0x00,
    0x00,0x00,0x00,0x00,0x00,0x00,0x00,0x00,0x00,0x00,0x00,0x00,0x00,0x00,0x00,0x00,
    0x00,0x00,0x00,0x00,0x00,0x00,0x00,0x00,0x00,0x00,0x00,0x00,0x00,0x00,0x00,0x00,
    0x00,0x00,0x00,0x00,0x00,0x00,0x00,0x00,0x00,0x00,0x00,0x00,0x00,0x00,0x00,0x00,
    0x00,0x00,0x00,0x00,0x00,0x00,0x00,0x00,0x00,0x00,0x00,0x00,0x00,0x00,0x00,0x00,
    0x00,0x00,0x00,0x00,0x00,0x00,0x00,0x00,0x00,0x00,0x00,0x00,0x00,0x00,0x00,0x00,
    0x00,0x00,0x00,0x00,0x00,0x00,0x00,0x00,0x00,0x00,0x00,0x00,0x00,0x00,0x00,0x00,
    0x00,0x00,0x00,0x00,0x00,0x00,0x00,0x00,0x00,0x00,0x00,0x00,0x00,0x00,0x00,0x00,
    0x00,0x00,0x00,0x00,0x00,0x00,0x00,0x00,0x00,0x00,0x00,0x00,0x00,0x00,0x00,0x00,
    0x00,0x00,0x00,0x00,0x00,0x00,0x00,0x00,0x00,0x00,0x00,0x00,0x00,0x00,0x00,0x00,
    0x00,0x00,0x00,0x00,0x00,0x00,0x00,0x00,0x00,0x00,0x00,0x00,0x00,0x00,0x00,0x00,
    0x00,0x00,0x00,0x00,0x00,0x00,0x00,0x00,0x00,0x00,0x00,0x00,0x00,0x00,0x00,0x00,
    0x00,0x00,0x00,0x00,0x00,0x00,0x00,0x00,0x00,0x00,0x00,0x00,0x00,0x00,0x00,0x00,
    0x00,0x00,0x00,0x00,0x00,0x00,0x00,0x00,0x00,0x00,0x00,0x00,0x00,0x00,0x00,0x00,
    0x00,0x00,0x00,0x00,0x00,0x00,0x00,0x00,0x00,0x00,0x00,0x00,0x00,0x00,0x00,0x00,
    0x00,0x00,0x00,0x00,0x00,0x00,0x00,0x00,0x00,0x00,0x00,0x00,0x00,0x00,0x00,0x00,
    0x00,0x00,0x00,0x00,0x00,0x00,0x00,0x00,0x00,0x00,0x00,0x00,0x00,0x00,0x00,0x00,
    0x00,0x00,0x00,0x00,0x00,0x00,0x00,0x00,0x00,0x00,0x00,0x00,0x00,0x00,0x00,0x00,
    0x00,0x00,0x00,0x00,0x00,0x00,0x00,0x00,0x00,0x00,0x00,0x00,0x00,0x00,0x00,0x00,
    0x00,0x00,0x00,0x00,0x00,0x00,0x00,0x00,0x00,0x00,0x00,0x00,0x00,0x00,0x00,0x00,
    0x00,0x00,0x00,0x00,0x00,0x00,0x00,0x00,0x00,0x00,0x00,0x00,0x00,0x00,0x00,0x00,
    0x00,0x00,0x00,0x00,0x00,0x00,0x00,0x00,0x00,0x00,0x00,0x00,0x00,0x00,0x00,0x00,
    0x00,0x00,0x00,0x00,0x00,0x00,0x00,0x00,0x00,0x00,0x00,0x00,0x00,0x00,0x00,0x00,
    0x00,0x00,0x00,0x00,0x00,0x00,0x00,0x00,0x00,0x00,0x00,0x00,0x00,0x00,0x00,0x00,
    0x00,0x00,0x00,0x00,0x00,0x00,0x00,0x00,0x00,0x00,0x00,0x00,0x00,0x00,0x00,0x00,
    0x00,0x00,0x00,0x00,0x00,0x00,0x00,0x00,0x00,0x00,0x00,0x00,0x00,0x00,0x00,0x00,
    0x00,0x00,0x00,0x00,0x00,0x00,0x00,0x00,0x00,0x00,0x00,0x00,0x00,0x00,0x00,0x00,
    0x00,0x00,0x00,0x00,0x00,0x00,0x00,0x00,0x00,0x00,0x00,0x00,0x00,0x00,0x00,0x00,
    0x00,0x00,0x00,0x00,0x00,0x00,0x00,0x00,0x00,0x00,0x00,0x00,0x00,0x00,0x00,0x00,
    0x00,0x00,0x00,0x00,0x00,0x00,0x00,0x00,0x00,0x00,0x00,0x00,0x00,0x00,0x00,0x00,
    0x00,0x00,0x00,0x00,0x00,0x00,0x00,0x00,0x00,0x00,0x00,0x00,0x00,0x00,0x00,0x00,
    0x00,0x00,0x00,0x00,0x00,0x00,0x00,0x00,0x00,0x00,0x00,0x00,0x00,0x00,0x00,0x00,
    0x00,0x00,0x00,0x00,0x00,0x00,0x00,0x00,0x00,0x00,0x00,0x00,0x00,0x00,0x00,0x00,
    0x00,0x00,0x00,0x00,0x00,0x00,0x00,0x00,0x00,0x00,0x00,0x00,0x00,0x00,0x00,0x00,
    0x00,0x00,0x00,0x00,0x00,0x00,0x00,0x00,0x00,0x00,0x00,0x00,0x00,0x00,0x00,0x00,
    0x00,0x00,0x00,0x00,0x00,0x00,0x00,0x00,0x00,0x00,0x00,0x00,0x00,0x00,0x00,0x00,
    0x00,0x00,0x00,0x00,0x00,0x00,0x00,0x00,0x00,0x00,0x00,0x00,0x00,0x00,0x00,0x00,
    0x00,0x00,0x00,0x00,0x00,0x00,0x00,0x00,0x00,0x00,0x00,0x00,0x00,0x00,0x00,0x00,
    0x00,0x00,0x00,0x00,0x00,0x00,0x00,0x00,0x00,0x00,0x00,0x00,0x00,0x00,0x00,0x00,
    0x00,0x00,0x00,0x00,0x00,0x00,0x00,0x00,0x00,0x00,0x00,0x00,0x00,0x00,0x00,0x00,
    0x00,0x00,0x00,0x00,0x00,0x00,0x00,0x00,0x00,0x00,0x00,0x00,0x00,0x00,0x00,0x00,
    0x00,0x00,0x00,0x00,0x00,0x00,0x00,0x00,0x00,0x00,0x00,0x00,0x00,0x00,0x00,0x00,
    0x00,0x00,0x00,0x00,0x00,0x00,0x00,0x00,0x00,0x00,0x00,0x00,0x00,0x00,0x00,0x00,
    0x00,0x00,0x00,0x00,0x00,0x00,0x00,0x00,0x00,0x00,0x00,0x00,0x00,0x00,0x00,0x00,
    0x00,0x00,0x00,0x00,0x00,0x00,0x00,0x00,0x00,0x00,0x00,0x00,0x00,0x00,0x00,0x00,
    0x00,0x00,0x00,0x00,0x00,0x00,0x00,0x00,0x00,0x00,0x00,0x00,0x00,0x00,0x00,0x00,
    0x00,0x00,0x00,0x00,0x00,0x00,0x00,0x00,0x00,0x00,0x00,0x00,0x00,0x00,0x00,0x00,
    0x00,0x00,0x00,0x00,0x00,0x00,0x00,0x00,0x00,0x00,0x00,0x00,0x00,0x00,0x00,0x00,
    0x00,0x00,0x00,0x00,0x00,0x00,0x00,0x00,0x00,0x00,0x00,0x00,0x00,0x00,0x00,0x00,
    0x00,0x00,0x00,0x00,0x00,0x00,0x00,0x00,0x00,0x00,0x00,0x00,0x00,0x00,0x00,0x00,
    0x00,0x00,0x00,0x00,0x00,0x00,0x00,0x00,0x00,0x00,0x00,0x00,0x00,0x00,0x00,0x00,
    0x00,0x00,0x00,0x00,0x00,0x00,0x00,0x00,0x00,0x00,0x00,0x00,0x00,0x00,0x00,0x00,
    0x00,0x00,0x00,0x00,0x00,0x00,0x00,0x00,0x00,0x00,0x00,0x00,0x00,0x00,0x00,0x00,
    0x00,0x00,0x00,0x00,0x00,0x00,0x00,0x00,0x00,0x00,0x00,0x00,0x00,0x00,0x00,0x00,
    0x00,0x00,0x00,0x00,0x00,0x00,0x00,0x00,0x00,0x00,0x00,0x00,0x00,0x00,0x00,0x00,
    0x00,0x00,0x00,0x00,0x00,0x00,0x00,0x00,0x00,0x00,0x00,0x00,0x00,0x00,0x00,0x00,
    0x00,0x00,0x00,0x00,0x00,0x00,0x00,0x00,0x00,0x00,0x00,0x00,0x00,0x00,0x00,0x00,
    0x00,0x00,0x00,0x00,0x00,0x00,0x00,0x00,0x00,0x00,0x00,0x00,0x00,0x00,0x00,0x00,
    0x00,0x00,0x00,0x00,0x00,0x00,0x00,0x00,0x00,0x00,0x00,0x00,0x00,0x00,0x00,0x00,
    0x00,0x00,0x00,0x00,0x00,0x00,0x00,0x00,0x00,0x00,0x00,0x00,0x00,0x00,0x00,0x00,
    0x00,0x00,0x00,0x00,0x00,0x00,0x00,0x00,0x00,0x00,0x00,0x00,0x00,0x00,0x00,0x00,
    0x00,0x00,0x00,0x00,0x00,0x00,0x00,0x00,0x00,0x00,0x00,0x00,0x00,0x00,0x00,0x00,
    0x00,0x00,0x00,0x00,0x00,0x00,0x00,0x00,0x00,0x00,0x00,0x00,0x00,0x00,0x00,0x00,
    0x00,0x00,0x00,0x00,0x00,0x00,0x00,0x00,0x00,0x00,0x00,0x00,0x00,0x00,0x00,0x00,
    0x00,0x00,0x00,0x00,0x00,0x00,0x00,0x00,0x00,0x00,0x00,0x00,0x00,0x00,0x00,0x00,
    0x00,0x00,0x00,0x00,0x00,0x00,0x00,0x00,0x00,0x00,0x00,0x00,0x00,0x00,0x00,0x00,
    0x00,0x00,0x00,0x00,0x00,0x00,0x00,0x00,0x00,0x00,0x00,0x00,0x00,0x00,0x00,0x00,
    0x00,0x00,0x00,0x00,0x00,0x00,0x00,0x00,0x00,0x00,0x00,0x00,0x00,0x00,0x00,0x00,
    0x00,0x00,0x00,0x00,0x00,0x00,0x00,0x00,0x00,0x00,0x00,0x00,0x00,0x00,0x00,0x00,
    0x00,0x00,0x00,0x00,0x00,0x00,0x00,0x00,0x00,0x00,0x00,0x00,0x00,0x00,0x00,0x00,
    0x00,0x00,0x00,0x00,0x00,0x00,0x00,0x00,0x00,0x00,0x00,0x00,0x00,0x00,0x00,0x00,
    0x00,0x00,0x00,0x00,0x00,0x00,0x00,0x00,0x00,0x00,0x00,0x00,0x00,0x00,0x00,0x00,
    0x00,0x00,0x00,0x00,0x00,0x00,0x00,0x00,0x00,0x00,0x00,0x00,0x00,0x00,0x00,0x00,
    0x00,0x00,0x00,0x00,0x00,0x00,0x00,0x00,0x00,0x00,0x00,0x00,0x00,0x00,0x00,0x00,
    0x00,0x00,0x00,0x00,0x00,0x00,0x00,0x00,0x00,0x00,0x00,0x00,0x00,0x00,0x00,0x00,
    0x00,0x00,0x00,0x00,0x00,0x00,0x00,0x00,0x00,0x00,0x00,0x00,0x00,0x00,0x00,0x00,
    0x00,0x00,0x00,0x00,0x00,0x00,0x00,0x00,0x00,0x00,0x00,0x00,0x00,0x00,0x00,0x00,
    0x00,0x00,0x00,0x00,0x00,0x00,0x00,0x00,0x00,0x00,0x00,0x00,0x00,0x00,0x00,0x00,
    0x00,0x00,0x00,0x00,0x00,0x00,0x00,0x00,0x00,0x00,0x00,0x00,0x00,0x00,0x00,0x00,
    0x00,0x00,0x00,0x00,0x00,0x00,0x00,0x00,0x00,0x00,0x00,0x00,0x00,0x00,0x00,0x00,
    0x00,0x00,0x00,0x00,0x00,0x00,0x00,0x00,0x00,0x00,0x00,0x00,0x00,0x00,0x00,0x00,
    0x00,0x00,0x00,0x00,0x00,0x00,0x00,0x00,0x00,0x00,0x00,0x00,0x00,0x00,0x00,0x00,
    0x00,0x00,0x00,0x00,0x00,0x00,0x00,0x00,0x00,0x00,0x00,0x00,0x00,0x00,0x00,0x00,
    0x00,0x00,0x00,0x00,0x00,0x00,0x00,0x00,0x00,0x00,0x00,0x00,0x00,0x00,0x00,0x00,
    0x00,0x00,0x00,0x00,0x00,0x00,0x00,0x00,0x00,0x00,0x00,0x00,0x00,0x00,0x00,0x00,
    0x00,0x00,0x00,0x00,0x00,0x00,0x00,0x00,0x00,0x00,0x00,0x00,0x00,0x00,0x00,0x00,
    0x00,0x00,0x00,0x00,0x00,0x00,0x00,0x00,0x00,0x00,0x00,0x00,0x00,0x00,0x00,0x00,
    0x00,0x00,0x00,0x00,0x00,0x00,0x00,0x00,0x00,0x00,0x00,0x00,0x00,0x00,0x00,0x00,
    0x00,0x00,0x00,0x00,0x00,0x00,0x00,0x00,0x00,0x00,0x00,0x00,0x00,0x00,0x00,0x00,
    0x00,0x00,0x00,0x00,0x00,0x00,0x00,0x00,0x00,0x00,0x00,0x00,0x00,0x00,0x00,0x00,
    0x00,0x00,0x00,0x00,0x00,0x00,0x00,0x00,0x00,0x00,0x00,0x00,0x00,0x00,0x00,0x00,
    0x00,0x00,0x00,0x00,0x00,0x00,0x00,0x00,0x00,0x00,0x00,0x00,0x00,0x00,0x00,0x00,
    0x00,0x00,0x00,0x00,0x00,0x00,0x00,0x00,0x00,0x00,0x00,0x00,0x00,0x00,0x00,0x00,
    0x00,0x00,0x00,0x00,0x00,0x00,0x00,0x00,0x00,0x00,0x00,0x00,0x00,0x00,0x00,0x00,
    0x00,0x00,0x00,0x00,0x00,0x00,0x00,0x00,0x00,0x00,0x00,0x00,0x00,0x00,0x00,0x00,
    0x00,0x00,0x00,0x00,0x00,0x00,0x00,0x00,0x00,0x00,0x00,0x00,0x00,0x00,0x00,0x00,
    0x00,0x00,0x00,0x00,0x00,0x00,0x00,0x00,0x00,0x00,0x00,0x00,0x00,0x00,0x00,0x00,
    0x00,0x00,0x00,0x00,0x00,0x00,0x00,0x00,0x00,0x00,0x00,0x00,0x00,0x00,0x00,0x00,
    0x00,0x00,0x00,0x00,0x00,0x00,0x00,0x00,0x00,0x00,0x00,0x00,0x00,0x00,0x00,0x00,
    0x00,0x00,0x00,0x00,0x00,0x00,0x00,0x00,0x00,0x00,0x00,0x00,0x00,0x00,0x00,0x00,
    0x00,0x00,0x00,0x00,0x00,0x00,0x00,0x00,0x00,0x00,0x00,0x00,0x00,0x00,0x00,0x00,
    0x00,0x00,0x00,0x00,0x00,0x00,0x00,0x00,0x00,0x00,0x00,0x00,0x00,0x00,0x00,0x00,
    0x00,0x00,0x00,0x00,0x00,0x00,0x00,0x00,0x00,0x00,0x00,0x00,0x00,0x00,0x00,0x00,
    0x00,0x00,0x00,0x00,0x00,0x00,0x00,0x00,0x00,0x00,0x00,0x00,0x00,0x00,0x00,0x00,
    0x00,0x00,0x00,0x00,0x00,0x00,0x00,0x00,0x00,0x00,0x00,0x00,0x00,0x00,0x00,0x00,
    0x00,0x00,0x00,0x00,0x00,0x00,0x00,0x00,0x00,0x00,0x00,0x00,0x00,0x00,0x00,0x00,
    0x00,0x00,0x00,0x00,0x00,0x00,0x00,0x00,0x00,0x00,0x00,0x00,0x00,0x00,0x00,0x00,
    0x00,0x00,0x00,0x00,0x00,0x00,0x00,0x00,0x00,0x00,0x00,0x00,0x00,0x00,0x00,0x00,
    0x00,0x00,0x00,0x00,0x00,0x00,0x00,0x00,0x00,0x00,0x00,0x00,0x00,0x00,0x00,0x00,
    0x00,0x00,0x00,0x00,0x00,0x00,0x00,0x00,0x00,0x00,0x00,0x00,0x00,0x00,0x00,0x00,
    0x00,0x00,0x00,0x00,0x00,0x00,0x00,0x00,0x00,0x00,0x00,0x00,0x00,0x00,0x00,0x00,
    0x00,0x00,0x00,0x00,0x00,0x00,0x00,0x00,0x00,0x00,0x00,0x00,0x00,0x00,0x00,0x00,
    0x00,0x00,0x00,0x00,0x00,0x00,0x00,0x00,0x00,0x00,0x00,0x00,0x00,0x00,0x00,0x00,
    0x00,0x00,0x00,0x00,0x00,0x00,0x00,0x00,0x00,0x00,0x00,0x00,0x00,0x00,0x00,0x00,
    0x00,0x00,0x00,0x00,0x00,0x00,0x00,0x00,0x00,0x00,0x00,0x00,0x00,0x00,0x00,0x00,
    0x00,0x00,0x00,0x00,0x00,0x00,0x00,0x00,0x00,0x00,0x00,0x00,0x00,0x00,0x00,0x00,
    0x00,0x00,0x00,0x00,0x00,0x00,0x00,0x00,0x00,0x00,0x00,0x00,0x00,0x00,0x00,0x00,
    0x00,0x00,0x00,0x00,0x00,0x00,0x00,0x00,0x00,0x00,0x00,0x00,0x00,0x00,0x00,0x00,
    0x00,0x00,0x00,0x00,0x00,0x00,0x00,0x00,0x00,0x00,0x00,0x00,0x00,0x00,0x00,0x00,
    0x00,0x00,0x00,0x00,0x00,0x00,0x00,0x00,0x00,0x00,0x00,0x00,0x00,0x00,0x00,0x00,
    0x00,0x00,0x00,0x00,0x00,0x00,0x00,0x00,0x00,0x00,0x00,0x00,0x00,0x00,0x00,0x00,
    0x00,0x00,0x00,0x00,0x00,0x00,0x00,0x00,0x00,0x00,0x00,0x00,0x00,0x00,0x00,0x00,
    0x00,0x00,0x00,0x00,0x00,0x00,0x00,0x00,0x00,0x00,0x00,0x00,0x00,0x00,0x00,0x00,
    0x00,0x00,0x00,0x00,0x00,0x00,0x00,0x00,0x00,0x00,0x00,0x00,0x00,0x00,0x00,0x00,
    0x00,0x00,0x00,0x00,0x00,0x00,0x00,0x00,0x00,0x00,0x00,0x00,0x00,0x00,0x00,0x00,
    0x00,0x00,0x00,0x00,0x00,0x00,0x00,0x00,0x00,0x00,0x00,0x00,0x00,0x00,0x00,0x00,
    0x00,0x00,0x00,0x00,0x00,0x00,0x00,0x00,0x00,0x00,0x00,0x00,0x00,0x00,0x00,0x00,
    0x00,0x00,0x00,0x00,0x00,0x00,0x00,0x00,0x00,0x00,0x00,0x00,0x00,0x00,0x00,0x00,
    0x00,0x00,0x00,0x00,0x00,0x00,0x00,0x00,0x00,0x00,0x00,0x00,0x00,0x00,0x00,0x00,
    0x00,0x00,0x00,0x00,0x00,0x00,0x00,0x00,0x00,0x00,0x00,0x00,0x00,0x00,0x00,0x00,
    0x00,0x00,0x00,0x00,0x00,0x00,0x00,0x00,0x00,0x00,0x00,0x00,0x00,0x00,0x00,0x00,
    0x00,0x00,0x00,0x00,0x00,0x00,0x00,0x00,0x00,0x00,0x00,0x00,0x00,0x00,0x00,0x00,
    0x00,0x00,0x00,0x00,0x00,0x00,0x00,0x00,0x00,0x00,0x00,0x00,0x00,0x00,0x00,0x00,
    0x00,0x00,0x00,0x00,0x00,0x00,0x00,0x00,0x00,0x00,0x00,0x00,0x00,0x00,0x00,0x00,
    0x00,0x00,0x00,0x00,0x00,0x00,0x00,0x00,0x00,0x00,0x00,0x00,0x00,0x00,0x00,0x00,
    0x00,0x00,0x00,0x00,0x00,0x00,0x00,0x00,0x00,0x00,0x00,0x00,0x00,0x00,0x00,0x00,
    0x00,0x00,0x00,0x00,0x00,0x00,0x00,0x00,0x00,0x00,0x00,0x00,0x00,0x00,0x00,0x00,
    0x00,0x00,0x00,0x00,0x00,0x00,0x00,0x00,0x00,0x00,0x00,0x00,0x00,0x00,0x00,0x00,
    0x00,0x00,0x00,0x00,0x00,0x00,0x00,0x00,0x00,0x00,0x00,0x00,0x00,0x00,0x00,0x00,
    0x00,0x00,0x00,0x00,0x00,0x00,0x00,0x00,0x00,0x00,0x00,0x00,0x00,0x00,0x00,0x00,
    0x00,0x00,0x00,0x00,0x00,0x00,0x00,0x00,0x00,0x00,0x00,0x00,0x00,0x00,0x00,0x00,
    0x00,0x00,0x00,0x00,0x00,0x00,0x00,0x00,0x00,0x00,0x00,0x00,0x00,0x00,0x00,0x00,
    0x00,0x00,0x00,0x00,0x00,0x00,0x00,0x00,0x00,0x00,0x00,0x00,0x00,0x00,0x00,0x00,
    0x00,0x00,0x00,0x00,0x00,0x00,0x00,0x00,0x00,0x00,0x00,0x00,0x00,0x00,0x00,0x00,
    0x00,0x00,0x00,0x00,0x00,0x00,0x00,0x00,0x00,0x00,0x00,0x00,0x00,0x00,0x00,0x00,
    0x00,0x00,0x00,0x00,0x00,0x00,0x00,0x00,0x00,0x00,0x00,0x00,0x00,0x00,0x00,0x00,
    0x00,0x00,0x00,0x00,0x00,0x00,0x00,0x00,0x00,0x00,0x00,0x00,0x00,0x00,0x00,0x00,
    0x00,0x00,0x00,0x00,0x00,0x00,0x00,0x00,0x00,0x00,0x00,0x00,0x00,0x00,0x00,0x00,
    0x00,0x00,0x00,0x00,0x00,0x00,0x00,0x00,0x00,0x00,0x00,0x00,0x00,0x00,0x00,0x00,
    0x00,0x00,0x00,0x00,0x00,0x00,0x00,0x00,0x00,0x00,0x00,0x00,0x00,0x00,0x00,0x00,
    0x00,0x00,0x00,0x00,0x00,0x00,0x00,0x00,0x00,0x00,0x00,0x00,0x00,0x00,0x00,0x00,
    0x00,0x00,0x00,0x00,0x00,0x00,0x00,0x00,0x00,0x00,0x00,0x00,0x00,0x00,0x00,0x00,
    0x00,0x00,0x00,0x00,0x00,0x00,0x00,0x00,0x00,0x00,0x00,0x00,0x00,0x00,0x00,0x00,
    0x00,0x00,0x00,0x00,0x00,0x00,0x00,0x00,0x00,0x00,0x00,0x00,0x00,0x00,0x00,0x00,
    0x00,0x00,0x00,0x00,0x00,0x00,0x00,0x00,0x00,0x00,0x00,0x00,0x00,0x00,0x00,0x00,
    0x00,0x00,0x00,0x00,0x00,0x00,0x00,0x00,0x00,0x00,0x00,0x00,0x00,0x00,0x00,0x00,
    0x00,0x00,0x00,0x00,0x00,0x00,0x00,0x00,0x00,0x00,0x00,0x00,0x00,0x00,0x00,0x00,
    0x00,0x00,0x00,0x00,0x00,0x00,0x00,0x00,0x00,0x00,0x00,0x00,0x00,0x00,0x00,0x00,
    0x00,0x00,0x00,0x00,0x00,0x00,0x00,0x00,0x00,0x00,0x00,0x00,0x00,0x00,0x00,0x00,
    0x00,0x00,0x00,0x00,0x00,0x00,0x00,0x00,0x00,0x00,0x00,0x00,0x00,0x00,0x00,0x00,
    0x00,0x00,0x00,0x00,0x00,0x00,0x00,0x00,0x00,0x00,0x00,0x00,0x00,0x00,0x00,0x00,
    0x00,0x00,0x00,0x00,0x00,0x00,0x00,0x00,0x00,0x00,0x00,0x00,0x00,0x00,0x00,0x00,
    0x00,0x00,0x00,0x00,0x00,0x00,0x00,0x00,0x00,0x00,0x00,0x00,0x00,0x00,0x00,0x00,
    0x00,0x00,0x00,0x00,0x00,0x00,0x00,0x00,0x00,0x00,0x00,0x00,0x00,0x00,0x00,0x00,
    0x00,0x00,0x00,0x00,0x00,0x00,0x00,0x00,0x00,0x00,0x00,0x00,0x00,0x00,0x00,0x00,
    0x00,0x00,0x00,0x00,0x00,0x00,0x00,0x00,0x00,0x00,0x00,0x00,0x00,0x00,0x00,0x00,
    0x00,0x00,0x00,0x00,0x00,0x00,0x00,0x00,0x00,0x00,0x00,0x00,0x00,0x00,0x00,0x00,
    0x00,0x00,0x00,0x00,0x00,0x00,0x00,0x00,0x00,0x00,0x00,0x00,0x00,0x00,0x00,0x00,
    0x00,0x00,0x00,0x00,0x00,0x00,0x00,0x00,0x00,0x00,0x00,0x00,0x00,0x00,0x00,0x00,
    0x00,0x00,0x00,0x00,0x00,0x00,0x00,0x00,0x00,0x00,0x00,0x00,0x00,0x00,0x00,0x00,
    0x00,0x00,0x00,0x00,0x00,0x00,0x00,0x00,0x00,0x00,0x00,0x00,0x00,0x00,0x00,0x00,
    0x00,0x00,0x00,0x00,0x00,0x00,0x00,0x00,0x00,0x00,0x00,0x00,0x00,0x00,0x00,0x00,
    0x00,0x00,0x00,0x00,0x00,0x00,0x00,0x00,0x00,0x00,0x00,0x00,0x00,0x00,0x00,0x00,
    0x00,0x00,0x00,0x00,0x00,0x00,0x00,0x00,0x00,0x00,0x00,0x00,0x00,0x00,0x00,0x00,
    0x00,0x00,0x00,0x00,0x00,0x00,0x00,0x00,0x00,0x00,0x00,0x00,0x00,0x00,0x00,0x00,
    0x00,0x00,0x00,0x00,0x00,0x00,0x00,0x00,0x00,0x00,0x00,0x00,0x00,0x00,0x00,0x00,
    0x00,0x00,0x00,0x00,0x00,0x00,0x00,0x00,0x00,0x00,0x00,0x00,0x00,0x00,0x00,0x00,
    0x00,0x00,0x00,0x00,0x00,0x00,0x00,0x00,0x00,0x00,0x00,0x00,0x00,0x00,0x00,0x00,
    0x00,0x00,0x00,0x00,0x00,0x00,0x00,0x00,0x00,0x00,0x00,0x00,0x00,0x00,0x00,0x00,
    0x00,0x00,0x00,0x00,0x00,0x00,0x00,0x00,0x00,0x00,0x00,0x00,0x00,0x00,0x00,0x00,
    0x00,0x00,0x00,0x00,0x00,0x00,0x00,0x00,0x00,0x00,0x00,0x00,0x00,0x00,0x00,0x00,
    0x00,0x00,0x00,0x00,0x00,0x00,0x00,0x00,0x00,0x00,0x00,0x00,0x00,0x00,0x00,0x00,
    0x00,0x00,0x00,0x00,0x00,0x00,0x00,0x00,0x00,0x00,0x00,0x00,0x00,0x00,0x00,0x00,
    0x00,0x00,0x00,0x00,0x00,0x00,0x00,0x00,0x00,0x00,0x00,0x00,0x00,0x00,0x00,0x00,
    0x00,0x00,0x00,0x00,0x00,0x00,0x00,0x00,0x00,0x00,0x00,0x00,0x00,0x00,0x00,0x00,
    0x00,0x00,0x00,0x00,0x00,0x00,0x00,0x00,0x00,0x00,0x00,0x00,0x00,0x00,0x00,0x00,
    0x00,0x00,0x00,0x00,0x00,0x00,0x00,0x00,0x00,0x00,0x00,0x00,0x00,0x00,0x00,0x00,
    0x00,0x00,0x00,0x00,0x00,0x00,0x00,0x00,0x00,0x00,0x00,0x00,0x00,0x00,0x00,0x00,
    0x00,0x00,0x00,0x00,0x00,0x00,0x00,0x00,0x00,0x00,0x00,0x00,0x00,0x00,0x00,0x00,
    0x00,0x00,0x00,0x00,0x00,0x00,0x00,0x00,0x00,0x00,0x00,0x00,0x00,0x00,0x00,0x00,
    0x00,0x00,0x00,0x00,0x00,0x00,0x00,0x00,0x00,0x00,0x00,0x00,0x00,0x00,0x00,0x00,
    0x00,0x00,0x00,0x00,0x00,0x00,0x00,0x00,0x00,0x00,0x00,0x00,0x00,0x00,0x00,0x00,
    0x00,0x00,0x00,0x00,0x00,0x00,0x00,0x00,0x00,0x00,0x00,0x00,0x00,0x00,0x00,0x00,
    0x00,0x00,0x00,0x00,0x00,0x00,0x00,0x00,0x00,0x00,0x00,0x00,0x00,0x00,0x00,0x00,
    0x00,0x00,0x00,0x00,0x00,0x00,0x00,0x00,0x00,0x00,0x00,0x00,0x00,0x00,0x00,0x00,
    0x00,0x00,0x00,0x00,0x00,0x00,0x00,0x00,0x00,0x00,0x00,0x00,0x00,0x00,0x00,0x00,
    0x00,0x00,0x00,0x00,0x00,0x00,0x00,0x00,0x00,0x00,0x00,0x00,0x00,0x00,0x00,0x00,
    0x00,0x00,0x00,0x00,0x00,0x00,0x00,0x00,0x00,0x00,0x00,0x00,0x00,0x00,0x00,0x00,
    0x00,0x00,0x00,0x00,0x00,0x00,0x00,0x00,0x00,0x00,0x00,0x00,0x00,0x00,0x00,0x00,
    0x00,0x00,0x00,0x00,0x00,0x00,0x00,0x00,0x00,0x00,0x00,0x00,0x00,0x00,0x00,0x00,
    0x00,0x00,0x00,0x00,0x00,0x00,0x00,0x00,0x00,0x00,0x00,0x00,0x00,0x00,0x00,0x00,
    0x00,0x00,0x00,0x00,0x00,0x00,0x00,0x00,0x00,0x00,0x00,0x00,0x00,0x00,0x00,0x00,
    0x00,0x00,0x00,0x00,0x00,0x00,0x00,0x00,0x00,0x00,0x00,0x00,0x00,0x00,0x00,0x00,
    0x00,0x00,0x00,0x00,0x00,0x00,0x00,0x00,0x00,0x00,0x00,0x00,0x00,0x00,0x00,0x00,
    0x00,0x00,0x00,0x00,0x00,0x00,0x00,0x00,0x00,0x00,0x00,0x00,0x00,0x00,0x00,0x00,
    0x00,0x00,0x00,0x00,0x00,0x00,0x00,0x00,0x00,0x00,0x00,0x00,0x00,0x00,0x00,0x00,
    0x00,0x00,0x00,0x00,0x00,0x00,0x00,0x00,0x00,0x00,0x00,0x00,0x00,0x00,0x00,0x00,
    0x00,0x00,0x00,0x00,0x00,0x00,0x00,0x00,0x00,0x00,0x00,0x00,0x00,0x00,0x00,0x00,
    0x00,0x00,0x00,0x00,0x00,0x00,0x00,0x00,0x00,0x00,0x00,0x00,0x00,0x00,0x00,0x00,
    0x00,0x00,0x00,0x00,0x00,0x00,0x00,0x00,0x00,0x00,0x00,0x00,0x00,0x00,0x00,0x00,
    0x00,0x00,0x00,0x00,0x00,0x00,0x00,0x00,0x00,0x00,0x00,0x00,0x00,0x00,0x00,0x00,
    0x00,0x00,0x00,0x00,0x00,0x00,0x00,0x00,0x00,0x00,0x00,0x00,0x00,0x00,0x00,0x00,
    0x00,0x00,0x00,0x00,0x00,0x00,0x00,0x00,0x00,0x00,0x00,0x00,0x00,0x00,0x00,0x00,
    0x00,0x00,0x00,0x00,0x00,0x00,0x00,0x00,0x00,0x00,0x00,0x00,0x00,0x00,0x00,0x00,
    0x00,0x00,0x00,0x00,0x00,0x00,0x00,0x00,0x00,0x00,0x00,0x00,0x00,0x00,0x00,0x00,
    0x00,0x00,0x00,0x00,0x00,0x00,0x00,0x00,0x00,0x00,0x00,0x00,0x00,0x00,0x00,0x00,
    0x00,0x00,0x00,0x00,0x00,0x00,0x00,0x00,0x00,0x00,0x00,0x00,0x00,0x00,0x00,0x00,
    0x00,0x00,0x00,0x00,0x00,0x00,0x00,0x00,0x00,0x00,0x00,0x00,0x00,0x00,0x00,0x00,
    0x00,0x00,0x00,0x00,0x00,0x00,0x00,0x00,0x00,0x00,0x00,0x00,0x00,0x00,0x00,0x00,
    0x00,0x00,0x00,0x00,0x00,0x00,0x00,0x00,0x00,0x00,0x00,0x00,0x00,0x00,0x00,0x00,
    0x00,0x00,0x00,0x00,0x00,0x00,0x00,0x00,0x00,0x00,0x00,0x00,0x00,0x00,0x00,0x00,
    0x00,0x00,0x00,0x00,0x00,0x00,0x00,0x00,0x00,0x00,0x00,0x00,0x00,0x00,0x00,0x00,
    0x00,0x00,0x00,0x00,0x00,0x00,0x00,0x00,0x00,0x00,0x00,0x00,0x00,0x00,0x00,0x00,
    0x00,0x00,0x00,0x00,0x00,0x00,0x00,0x00,0x00,0x00,0x00,0x00,0x00,0x00,0x00,0x00,
    0x00,0x00,0x00,0x00,0x00,0x00,0x00,0x00,0x00,0x00,0x00,0x00,0x00,0x00,0x00,0x00,
    0x00,0x00,0x00,0x00,0x00,0x00,0x00,0x00,0x00,0x00,0x00,0x00,0x00,0x00,0x00,0x00,
    0x00,0x00,0x00,0x00,0x00,0x00,0x00,0x00,0x00,0x00,0x00,0x00,0x00,0x00,0x00,0x00,
    0x00,0x00,0x00,0x00,0x00,0x00,0x00,0x00,0x00,0x00,0x00,0x00,0x00,0x00,0x00,0x00,
    0x00,0x00,0x00,0x00,0x00,0x00,0x00,0x00,0x00,0x00,0x00,0x00,0x00,0x00,0x00,0x00,
    0x00,0x00,0x00,0x00,0x00,0x00,0x00,0x00,0x00,0x00,0x00,0x00,0x00,0x00,0x00,0x00,
    0x00,0x00,0x00,0x00,0x00,0x00,0x00,0x00,0x00,0x00,0x00,0x00,0x00,0x00,0x00,0x00,
    0x00,0x00,0x00,0x00,0x00,0x00,0x00,0x00,0x00,0x00,0x00,0x00,0x00,0x00,0x00,0x00,
    0x00,0x00,0x00,0x00,0x00,0x00,0x00,0x00,0x00,0x00,0x00,0x00,0x00,0x00,0x00,0x00,
    0x00,0x00,0x00,0x00,0x00,0x00,0x00,0x00,0x00,0x00,0x00,0x00,0x00,0x00,0x00,0x00,
    0x00,0x00,0x00,0x00,0x00,0x00,0x00,0x00,0x00,0x00,0x00,0x00,0x00,0x00,0x00,0x00,
    0x00,0x00,0x00,0x00,0x00,0x00,0x00,0x00,0x00,0x00,0x00,0x00,0x00,0x00,0x00,0x00,
    0x00,0x00,0x00,0x00,0x00,0x00,0x00,0x00,0x00,0x00,0x00,0x00,0x00,0x00,0x00,0x00,
    0x00,0x00,0x00,0x00,0x00,0x00,0x00,0x00,0x00,0x00,0x00,0x00,0x00,0x00,0x00,0x00,
    0x00,0x00,0x00,0x00,0x00,0x00,0x00,0x00,0x00,0x00,0x00,0x00,0x00,0x00,0x00,0x00,
    0x00,0x00,0x00,0x00,0x00,0x00,0x00,0x00,0x00,0x00,0x00,0x00,0x00,0x00,0x00,0x00,
    0x00,0x00,0x00,0x00,0x00,0x00,0x00,0x00,0x00,0x00,0x00,0x00,0x00,0x00,0x00,0x00,
    0x00,0x00,0x00,0x00,0x00,0x00,0x00,0x00,0x00,0x00,0x00,0x00,0x00,0x00,0x00,0x00,
    0x00,0x00,0x00,0x00,0x00,0x00,0x00,0x00,0x00,0x00,0x00,0x00,0x00,0x00,0x00,0x00,
    0x00,0x00,0x00,0x00,0x00,0x00,0x00,0x00,0x00,0x00,0x00,0x00,0x00,0x00,0x00,0x00,
    0x00,0x00,0x00,0x00,0x00,0x00,0x00,0x00,0x00,0x00,0x00,0x00,0x00,0x00,0x00,0x00,
    0x00,0x00,0x00,0x00,0x00,0x00,0x00,0x00,0x00,0x00,0x00,0x00,0x00,0x00,0x00,0x00,
    0x00,0x00,0x00,0x00,0x00,0x00,0x00,0x00,0x00,0x00,0x00,0x00,0x00,0x00,0x00,0x00,
    0x00,0x00,0x00,0x00,0x00,0x00,0x00,0x00,0x00,0x00,0x00,0x00,0x00,0x00,0x00,0x00,
    0x00,0x00,0x00,0x00,0x00,0x00,0x00,0x00,0x00,0x00,0x00,0x00,0x00,0x00,0x00,0x00,
    0x00,0x00,0x00,0x00,0x00,0x00,0x00,0x00,0x00,0x00,0x00,0x00,0x00,0x00,0x00,0x00,
    0x00,0x00,0x00,0x00,0x00,0x00,0x00,0x00,0x00,0x00,0x00,0x00,0x00,0x00,0x00,0x00,
    0x00,0x00,0x00,0x00,0x00,0x00,0x00,0x00,0x00,0x00,0x00,0x00,0x00,0x00,0x00,0x00,
    0x00,0x00,0x00,0x00,0x00,0x00,0x00,0x00,0x00,0x00,0x00,0x00,0x00,0x00,0x00,0x00,
    0x00,0x00,0x00,0x00,0x00,0x00,0x00,0x00,0x00,0x00,0x00,0x00,0x00,0x00,0x00,0x00,
    0x00,0x00,0x00,0x00,0x00,0x00,0x00,0x00,0x00,0x00,0x00,0x00,0x00,0x00,0x00,0x00,
    0x00,0x00,0x00,0x00,0x00,0x00,0x00,0x00,0x00,0x00,0x00,0x00,0x00,0x00,0x00,0x00,
    0x00,0x00,0x00,0x00,0x00,0x00,0x00,0x00,0x00,0x00,0x00,0x00,0x00,0x00,0x00,0x00,
    0x00,0x00,0x00,0x00,0x00,0x00,0x00,0x00,0x00,0x00,0x00,0x00,0x00,0x00,0x00,0x00,
    0x00,0x00,0x00,0x00,0x00,0x00,0x00,0x00,0x00,0x00,0x00,0x00,0x00,0x00,0x00,0x00,
    0xf8,0xd0,0x9f,0xe5,0xf8,0x40,0x9f,0xe5,0x00,0x00,0x94,0xe5,0x04,0x10,0x94,0xe5,
    0x08,0x50,0x94,0xe5,0x14,0x60,0x94,0xe5,0x00,0x00,0x56,0xe3,0x08,0x00,0x00,0x0a,
    0xfe,0x78,0xa0,0xe3,0xa8,0x60,0x87,0xe5,0x03,0x80,0xa0,0xe3,0xa4,0x80,0x87,0xe5,
    0xff,0x78,0xa0,0xe3,0x80,0x80,0xa0,0xe3,0x0c,0x80,0x87,0xe5,0x10,0x80,0x87,0xe5,
    0x40,0x00,0x08,0xf1,0x00,0x00,0x55,0xe3,0x01,0x00,0x00,0x0a,0x10,0x00,0x02,0xf1,
    0xb0,0xd0,0x9f,0xe5,0xb0,0x20,0x9f,0xe5,0xb0,0x30,0x9f,0xe5,0xb0,0xc0,0x9f,0xe5,
    0x3c,0xff,0x2f,0xe1,0x0c,0x00,0x84,0xe5,0x01,0x00,0xa0,0xe3,0x10,0x00,0x84,0xe5,
    0xfe,0xff,0xff,0xea,0x03,0x00,0x2d,0xe9,0x90,0x00,0x9f,0xe5,0x00,0x10,0x90,0xe5,
    0x01,0x10,0x81,0xe2,0x00,0x10,0x80,0xe5,0x03,0x00,0xbd,0xe8,0x0e,0xf0,0xb0,0xe1,
    0xfe,0x88,0xa0,0xe3,0x03,0x98,0xa0,0xe3,0xf8,0x90,0x88,0xe5,0x74,0xa0,0x9f,0xe5,
    0x00,0xb0,0x9a,0xe5,0x01,0xb0,0x8b,0xe2,0x00,0xb0,0x8a,0xe5,0x04,0xf0,0x5e,0xe2,
    0x4c,0x40,0x9f,0xe5,0x60,0x00,0x9f,0xe5,0x10,0x00,0x84,0xe5,0xfe,0xff,0xff,0xea,
    0x3c,0x40,0x9f,0xe5,0x54,0x00,0x9f,0xe5,0x10,0x00,0x84,0xe5,0xfe,0xff,0xff,0xea,
    0x2c,0x40,0x9f,0xe5,0xf1,0x0e,0xa0,0xe3,0x10,0x00,0x84,0xe5,0xfe,0xff,0xff,0xea,
    0x1c,0x40,0x9f,0xe5,0x38,0x00,0x9f,0xe5,0x10,0x00,0x84,0xe5,0xfe,0xff,0xff,0xea,
    0x0c,0x40,0x9f,0xe5,0x2c,0x00,0x9f,0xe5,0x10,0x00,0x84,0xe5,0xfe,0xff,0xff,0xea,
    0x00,0x00,0xf0,0x00,0x00,0x10,0x00,0x00,0x00,0x00,0xe0,0x00,0x00,0x50,0x00,0x00,
    0x00,0x40,0x00,0x00,0xc8,0x24,0x00,0x00,0x04,0x40,0x00,0x00,0x04,0x0f,0x00,0x00,
    0x0c,0x0f,0x00,0x00,0x14,0x0f,0x00,0x00,0x18,0x0f,0x00,0x00,0x00,0x00,0x52,0xe3,
    0x1e,0xff,0x2f,0x01,0x00,0xc0,0xa0,0xe1,0x01,0x30,0xd1,0xe4,0x01,0x20,0x52,0xe2,
    0x01,0x30,0xcc,0xe4,0xfb,0xff,0xff,0x1a,0x1e,0xff,0x2f,0xe1,0x01,0x00,0x50,0xe1,
    0x07,0x00,0x00,0x2a,0x00,0x00,0x52,0xe3,0x0d,0x00,0x00,0x0a,0x00,0xc0,0xa0,0xe1,
    0x01,0x30,0xd1,0xe4,0x01,0x20,0x52,0xe2,0x01,0x30,0xcc,0xe4,0xfb,0xff,0xff,0x1a,
    0x07,0x00,0x00,0xea,0x00,0x00,0x52,0xe3,0x1e,0xff,0x2f,0x01,0x01,0xc0,0x40,0xe2,
    0x01,0x10,0x41,0xe2,0x02,0x30,0xd1,0xe7,0x02,0x30,0xcc,0xe7,0x01,0x20,0x52,0xe2,
    0xfb,0xff,0xff,0x1a,0x1e,0xff,0x2f,0xe1,0x00,0x00,0x52,0xe3,0x1e,0xff,0x2f,0x01,
    0x00,0x30,0xa0,0xe1,0x01,0x10,0xc3,0xe4,0x01,0x20,0x52,0xe2,0xfc,0xff,0xff,0x1a,
    0x1e,0xff,0x2f,0xe1,0x00,0x00,0x52,0xe3,0x1e,0xff,0x2f,0x01,0x01,0x30,0xd1,0xe4,
    0x01,0x20,0x52,0xe2,0x01,0x30,0xc0,0xe4,0xfb,0xff,0xff,0x1a,0x1e,0xff,0x2f,0xe1,
    0x00,0x00,0x52,0xe3,0x1e,0xff,0x2f,0x01,0x01,0x30,0xd1,0xe4,0x01,0x20,0x52,0xe2,
    0x01,0x30,0xc0,0xe4,0xfb,0xff,0xff,0x1a,0x1e,0xff,0x2f,0xe1,0x00,0x00,0x52,0xe3,
    0x1e,0xff,0x2f,0x01,0x01,0x30,0xd1,0xe4,0x01,0x20,0x52,0xe2,0x01,0x30,0xc0,0xe4,
    0xfb,0xff,0xff,0x1a,0x1e,0xff,0x2f,0xe1,0x01,0x00,0x50,0xe1,0x06,0x00,0x00,0x2a,
    0x00,0x00,0x52,0xe3,0x0c,0x00,0x00,0x0a,0x01,0x30,0xd1,0xe4,0x01,0x20,0x52,0xe2,
    0x01,0x30,0xc0,0xe4,0xfb,0xff,0xff,0x1a,0x07,0x00,0x00,0xea,0x00,0x00,0x52,0xe3,
    0x1e,0xff,0x2f,0x01,0x01,0x00,0x40,0xe2,0x01,0x10,0x41,0xe2,0x02,0x30,0xd1,0xe7,
    0x02,0x30,0xc0,0xe7,0x01,0x20,0x52,0xe2,0xfb,0xff,0xff,0x1a,0x1e,0xff,0x2f,0xe1,
    0x00,0x00,0x51,0xe3,0x1e,0xff,0x2f,0x01,0x01,0x20,0xc0,0xe4,0x01,0x10,0x51,0xe2,
    0xfc,0xff,0xff,0x1a,0x1e,0xff,0x2f,0xe1,0x00,0x00,0x51,0xe3,0x1e,0xff,0x2f,0x01,
    0x01,0x20,0xc0,0xe4,0x01,0x10,0x51,0xe2,0xfc,0xff,0xff,0x1a,0x1e,0xff,0x2f,0xe1,
    0x00,0x00,0x51,0xe3,0x1e,0xff,0x2f,0x01,0x00,0x20,0xa0,0xe3,0x01,0x20,0xc0,0xe4,
    0x01,0x10,0x51,0xe2,0xfc,0xff,0xff,0x1a,0x1e,0xff,0x2f,0xe1,0x00,0x00,0x51,0xe3,
    0x1e,0xff,0x2f,0x01,0x00,0x20,0xa0,0xe3,0x01,0x20,0xc0,0xe4,0x01,0x10,0x51,0xe2,
    0xfc,0xff,0xff,0x1a,0x1e,0xff,0x2f,0xe1,0x00,0x00,0x51,0xe3,0x1e,0xff,0x2f,0x01,
    0x00,0x20,0xa0,0xe3,0x01,0x20,0xc0,0xe4,0x01,0x10,0x51,0xe2,0xfc,0xff,0xff,0x1a,
    0x1e,0xff,0x2f,0xe1,0x00,0x00,0x51,0xe3,0x00,0x00,0xe0,0x03,0x1e,0xff,0x2f,0x01,
    0x10,0x4c,0x2d,0xe9,0x08,0xb0,0x8d,0xe2,0x00,0x30,0xa0,0xe3,0x1f,0x20,0xa0,0xe3,
    0x01,0xe0,0xa0,0xe3,0x00,0xc0,0xa0,0xe3,0x30,0x42,0x0e,0xe0,0x83,0x30,0x84,0xe1,
    0x01,0x00,0x53,0xe1,0x1e,0xc2,0x8c,0x21,0x01,0x30,0x43,0x20,0x01,0x20,0x42,0xe2,
    0x01,0x00,0x72,0xe3,0xf7,0xff,0xff,0x1a,0x10,0x4c,0xbd,0xe8,0x0c,0x00,0xa0,0xe1,
    0x1e,0xff,0x2f,0xe1,0x00,0x00,0x51,0xe3,0x11,0x00,0x00,0x0a,0x10,0x4c,0x2d,0xe9,
    0x08,0xb0,0x8d,0xe2,0x01,0xc0,0xa0,0xe1,0x00,0x10,0xa0,0xe3,0x1f,0x20,0xa0,0xe3,
    0x01,0xe0,0xa0,0xe3,0x00,0x30,0xa0,0xe3,0x30,0x42,0x0e,0xe0,0x81,0x10,0x84,0xe1,
    0x0c,0x00,0x51,0xe1,0x1e,0x32,0x83,0x21,0x0c,0x10,0x41,0x20,0x01,0x20,0x42,0xe2,
    0x01,0x00,0x72,0xe3,0xf7,0xff,0xff,0x1a,0x10,0x4c,0xbd,0xe8,0x03,0x00,0xa0,0xe1,
    0x1e,0xff,0x2f,0xe1,0x00,0x30,0xe0,0xe3,0x00,0x10,0xa0,0xe1,0x03,0x00,0xa0,0xe1,
    0x1e,0xff,0x2f,0xe1,0x70,0x4c,0x2d,0xe9,0x10,0xb0,0x8d,0xe2,0x00,0x00,0x51,0xe3,
    0x01,0xe0,0xa0,0xe1,0x00,0xe0,0x61,0x42,0x00,0x00,0x50,0xe3,0x00,0xc0,0xa0,0xe1,
    0x00,0xc0,0x60,0x42,0x00,0x00,0x51,0xe3,0x0c,0x00,0x00,0x0a,0x00,0x30,0xa0,0xe3,
    0x1f,0x40,0xa0,0xe3,0x01,0x50,0xa0,0xe3,0x00,0x20,0xa0,0xe3,0x3c,0x64,0x05,0xe0,
    0x83,0x30,0x86,0xe1,0x0e,0x00,0x53,0xe1,0x15,0x24,0x82,0x21,0x0e,0x30,0x43,0x20,
    0x01,0x40,0x44,0xe2,0x01,0x00,0x74,0xe3,0xf7,0xff,0xff,0x1a,0x00,0x00,0x00,0xea,
    0x00,0x20,0xe0,0xe3,0x00,0x00,0x31,0xe0,0x00,0x20,0x62,0x42,0x02,0x00,0xa0,0xe1,
    0x70,0x8c,0xbd,0xe8,0x00,0x00,0x51,0xe3,0x01,0xc0,0xa0,0xe1,0x00,0xc0,0x61,0x42,
    0x70,0x4c,0x2d,0xe9,0x10,0xb0,0x8d,0xe2,0x00,0x00,0x50,0xe3,0x00,0xe0,0xa0,0xe1,
    0x00,0xe0,0x60,0x42,0x00,0x00,0x51,0xe3,0x0c,0x00,0x00,0x0a,0x00,0x20,0xa0,0xe3,
    0x1f,0x40,0xa0,0xe3,0x01,0x50,0xa0,0xe3,0x00,0x30,0xa0,0xe3,0x3e,0x64,0x05,0xe0,
    0x82,0x20,0x86,0xe1,0x0c,0x00,0x52,0xe1,0x15,0x34,0x83,0x21,0x0c,0x20,0x42,0x20,
    0x01,0x40,0x44,0xe2,0x01,0x00,0x74,0xe3,0xf7,0xff,0xff,0x1a,0x01,0x00,0x00,0xea,
    0x00,0x30,0xe0,0xe3,0x0e,0x20,0xa0,0xe1,0x00,0x00,0x50,0xe3,0x00,0x10,0x21,0xe0,
    0x00,0x20,0x62,0x42,0x00,0x00,0x51,0xe3,0x00,0x30,0x63,0x42,0x03,0x00,0xa0,0xe1,
    0x02,0x10,0xa0,0xe1,0x70,0x8c,0xbd,0xe8,0x00,0x48,0x2d,0xe9,0x0d,0xb0,0xa0,0xe1,
    0x91,0x02,0x0c,0xe0,0x22,0x18,0xa0,0xe1,0x93,0xc0,0x2c,0xe0,0x20,0x38,0xa0,0xe1,
    0x70,0x00,0xff,0xe6,0x72,0x20,0xff,0xe6,0x91,0x00,0x0e,0xe0,0x92,0x00,0x00,0xe0,
    0x92,0x03,0x02,0xe0,0x91,0xc3,0x21,0xe0,0x20,0x38,0xa0,0xe1,0x2e,0x18,0x81,0xe0,
    0x7e,0x30,0xf3,0xe6,0x22,0x18,0x81,0xe0,0x72,0x20,0xf3,0xe6,0x22,0x18,0x81,0xe0,
    0x12,0x08,0x80,0xe6,0x00,0x88,0xbd,0xe8,0xf0,0x4f,0x2d,0xe9,0x1c,0xb0,0x8d,0xe2,
    0x04,0xd0,0x4d,0xe2,0x10,0x8b,0x2d,0xed,0x70,0xd0,0x4d,0xe2,0x0a,0x00,0x50,0xe3,
    0x78,0x03,0x00,0x8a,0x01,0xa0,0xa0,0xe1,0x0c,0x10,0x8f,0xe2,0x02,0xc0,0xa0,0xe1,
    0x48,0xa0,0x8d,0xe5,0x4c,0x20,0x8d,0xe5,0x00,0xf1,0x91,0xe7,0x28,0x25,0x00,0x00,
    0x00,0x30,0x00,0x00,0x0c,0x2a,0x00,0x00,0xfc,0x2a,0x00,0x00,0xec,0x25,0x00,0x00,
    0x20,0x31,0x00,0x00,0x6c,0x31,0x00,0x00,0xd0,0x2e,0x00,0x00,0x64,0x32,0x00,0x00,
    0xac,0x26,0x00,0x00,0x0c,0x32,0x00,0x00,0xfc,0x1f,0x9f,0xe5,0xfc,0x0f,0x9f,0xe5,
    0xfc,0x2f,0x9f,0xe5,0x80,0x80,0x8c,0xe2,0x00,0x30,0xa0,0xe3,0x91,0x20,0x27,0xe0,
    0x0c,0x60,0xa0,0xe1,0x03,0x71,0xa6,0xe7,0x97,0x20,0x21,0xe0,0x01,0x30,0x83,0xe2,
    0x20,0x00,0x53,0xe3,0x80,0x10,0x86,0xe5,0xf7,0xff,0xff,0x1a,0xd8,0x0f,0x9f,0xe5,
    0x00,0x00,0x5a,0xe3,0x3c,0x03,0x00,0x0a,0xd4,0x9f,0x9f,0xe5,0x01,0x7c,0x8c,0xe2,
    0x00,0x60,0xa0,0xe3,0x00,0x40,0xa0,0xe3,0x0c,0x50,0xa0,0xe1,0x00,0xa0,0xa0,0xe1,
    0x07,0x00,0xa0,0xe1,0x05,0x10,0xa0,0xe1,0x08,0x20,0xa0,0xe1,0xff,0x03,0x00,0xeb,
    0x07,0x00,0x06,0xe2,0x00,0x01,0x85,0xe0,0x01,0x0c,0x80,0xe2,0x00,0x10,0xa0,0xe3,
    0x01,0x21,0x90,0xe7,0x01,0x31,0x95,0xe7,0x02,0x20,0x23,0xe0,0x01,0x21,0x85,0xe7,
    0x01,0x10,0x81,0xe2,0x20,0x00,0x51,0xe3,0xf8,0xff,0xff,0x1a,0x7c,0x01,0x95,0xe5,
    0xfc,0x11,0x95,0xe5,0x01,0x60,0x86,0xe2,0x0a,0x00,0x20,0xe0,0x01,0x40,0x84,0xe2,
    0x90,0x09,0x00,0xe0,0x01,0x00,0x20,0xe0,0x90,0x09,0x0a,0xe0,0x48,0x00,0x9d,0xe5,
    0x00,0x00,0x54,0xe1,0xe5,0xff,0xff,0x1a,0xca,0x03,0x00,0xea,0x48,0x0f,0x9f,0xe5,
    0x00,0x00,0x5a,0xe3,0x18,0x03,0x00,0x0a,0x40,0x6f,0x9f,0xe5,0x44,0x4f,0x9f,0xe5,
    0xff,0x50,0xa0,0xe3,0x04,0x90,0x8c,0xe2,0x01,0x70,0xa0,0xe3,0x00,0x80,0xa0,0xe3,
    0x0f,0x5c,0x85,0xe3,0x00,0xa0,0xa0,0xe1,0x02,0x1a,0x8c,0xe2,0x44,0x10,0x8d,0xe5,
    0x07,0x30,0x08,0xe2,0x00,0x10,0xa0,0xe3,0x97,0x46,0x27,0xe0,0x37,0x23,0xa0,0xe1,
    0x01,0x21,0x8c,0xe7,0x01,0x10,0x81,0xe2,0x01,0x0a,0x51,0xe3,0xf9,0xff,0xff,0x1a,
    0x0c,0x00,0xa0,0xe1,0x00,0x10,0xa0,0xe3,0x05,0x20,0xa0,0xe1,0x94,0x04,0x00,0xeb,
    0x09,0x00,0xa0,0xe1,0x05,0x10,0xa0,0xe1,0x0c,0x00,0x10,0xe8,0x03,0x00,0x52,0xe1,
    0x1a,0x03,0x00,0x8a,0x04,0x00,0x80,0xe2,0x01,0x10,0x51,0xe2,0xf9,0xff,0xff,0x1a,
    0x4c,0xc0,0x9d,0xe5,0x05,0x00,0x08,0xe0,0xc4,0x2e,0x9f,0xe5,0x00,0x01,0x9c,0xe7,
    0x44,0x10,0x9d,0xe5,0x01,0x80,0x88,0xe2,0x0a,0x00,0x20,0xe0,0x90,0x02,0x00,0xe0,
    0x00,0x10,0x91,0xe5,0x01,0x00,0x20,0xe0,0x90,0x02,0x0a,0xe0,0x48,0x00,0x9d,0xe5,
    0x00,0x00,0x58,0xe1,0xdd,0xff,0xff,0x1a,0x9a,0x03,0x00,0xea,0xd2,0x0a,0x9f,0xed,
    0xd2,0x1a,0x9f,0xed,0xd2,0x2a,0x9f,0xed,0xd2,0x3a,0x9f,0xed,0x7c,0x0e,0x9f,0xe5,
    0x80,0x1e,0x9f,0xe5,0x2b,0x30,0xa0,0xe3,0x02,0x7b,0x8c,0xe2,0x01,0x8b,0x8c,0xe2,
    0x02,0x3c,0x83,0xe3,0x00,0x20,0xa0,0xe3,0x93,0x10,0x26,0xe0,0x96,0x10,0x23,0xe0,
    0x26,0x6a,0xa0,0xe1,0x23,0x5a,0xa0,0xe1,0x10,0x6a,0x04,0xee,0x10,0x5a,0x05,0xee,
    0x02,0x60,0x8c,0xe0,0x04,0x20,0x82,0xe2,0x01,0x0b,0x52,0xe3,0xc4,0x4a,0xb8,0xee,
    0xc5,0x5a,0xb8,0xee,0x00,0x4a,0x24,0xee,0x01,0x5a,0x25,0xee,0x02,0x4a,0x34,0xee,
    0x03,0x5a,0x35,0xee,0x00,0x4a,0x86,0xed,0x01,0x6b,0x86,0xe2,0x00,0x5a,0x86,0xed,
    0xec,0xff,0xff,0x1a,0x2e,0xc7,0xa0,0xe3,0x2b,0x17,0xa0,0xe3,0x25,0x37,0xa0,0xe3,
    0x04,0xee,0x9f,0xe5,0x0a,0x26,0xa0,0xe3,0x22,0x67,0xa0,0xe3,0x1e,0x57,0xa0,0xe3,
    0x12,0x07,0xa0,0xe3,0x01,0xc1,0x8c,0xe3,0x01,0x11,0x81,0xe3,0x01,0x31,0x83,0xe3,
    0x06,0x46,0xa0,0xe3,0x01,0x21,0x82,0xe3,0x30,0x30,0x87,0xe5,0xfd,0x36,0xa0,0xe3,
    0x38,0x10,0x87,0xe5,0x06,0x17,0xa0,0xe3,0x3c,0xc0,0x87,0xe5,0x03,0xc6,0xa0,0xe3,
    0x01,0x61,0x86,0xe3,0x01,0x51,0x85,0xe3,0x01,0x01,0x80,0xe3,0x20,0x90,0x87,0xe2,
    0x01,0x41,0x84,0xe3,0x71,0x00,0x89,0xe8,0xfa,0x66,0xa0,0xe3,0xf6,0x56,0xa0,0xe3,
    0x34,0x20,0x87,0xe5,0x01,0xc1,0x8c,0xe3,0x01,0x11,0x81,0xe3,0x01,0x21,0xa0,0xe3,
    0x03,0x32,0x83,0xe3,0x00,0x00,0x5a,0xe3,0x3e,0x04,0xa0,0xe3,0x03,0x62,0x86,0xe3,
    0x03,0x52,0x85,0xe3,0x3f,0x44,0xa0,0xe3,0x71,0x00,0x87,0xe8,0x10,0x30,0x87,0xe5,
    0x14,0x20,0x87,0xe5,0x18,0x10,0x87,0xe5,0x1c,0xc0,0x87,0xe5,0xc1,0x02,0x00,0x0a,
    0xc3,0x9a,0x9f,0xed,0xc3,0xaa,0x9f,0xed,0xc3,0xba,0x9f,0xed,0xc3,0xca,0x9f,0xed,
    0xc3,0xda,0x9f,0xed,0xc3,0xea,0x9f,0xed,0x54,0x4d,0x9f,0xe5,0x4c,0x50,0x9d,0xe5,
    0x40,0x90,0x87,0xe2,0x00,0x60,0xa0,0xe3,0x0e,0xa0,0xa0,0xe1,0x05,0x00,0xa0,0xe1,
    0x08,0x10,0xa0,0xe1,0x3e,0x05,0x00,0xeb,0x09,0x00,0xa0,0xe1,0x07,0x10,0xa0,0xe1,
    0x07,0x20,0xa0,0xe1,0x40,0x8a,0xb0,0xee,0x46,0x05,0x00,0xeb,0x10,0x0a,0x97,0xed,
    0x11,0x1a,0x97,0xed,0x12,0x2a,0x97,0xed,0x13,0x3a,0x97,0xed,0x00,0x0a,0x60,0xee,
    0x01,0x1a,0x61,0xee,0x02,0x2a,0x62,0xee,0x14,0x4a,0x97,0xed,0x15,0x5a,0x97,0xed,
    0x16,0x6a,0x97,0xed,0x17,0x7a,0x97,0xed,0x0a,0x9a,0x68,0xee,0x89,0x0a,0x70,0xee,
    0xa1,0x0a,0x70,0xee,0x03,0x1a,0x63,0xee,0xa2,0x0a,0x70,0xee,0x04,0x2a,0x64,0xee,
    0xa1,0x0a,0x70,0xee,0x05,0x1a,0x65,0xee,0xa2,0x0a,0x70,0xee,0x06,0x2a,0x66,0xee,
    0xa1,0x0a,0x70,0xee,0x07,0x1a,0x67,0xee,0xa2,0x0a,0x70,0xee,0x18,0x2a,0xd7,0xed,
    0xa2,0x3a,0x62,0xee,0xa1,0x0a,0x70,0xee,0x19,0x1a,0xd7,0xed,0xa1,0x4a,0x61,0xee,
    0xa3,0x0a,0x70,0xee,0x1a,0x3a,0xd7,0xed,0xa3,0x5a,0x63,0xee,0xa4,0x0a,0x70,0xee,
    0x1b,0x4a,0xd7,0xed,0xa4,0x6a,0x64,0xee,0xa5,0x0a,0x70,0xee,0x1c,0x5a,0xd7,0xed,
    0xa5,0x7a,0x65,0xee,0xa6,0x0a,0x70,0xee,0x1d,0x6a,0xd7,0xed,0xa6,0xfa,0x26,0xee,
    0xa7,0x0a,0x70,0xee,0x1e,0x7a,0xd7,0xed,0xa7,0x8a,0x67,0xee,0x8f,0x0a,0x70,0xee,
    0x1f,0xfa,0x97,0xed,0x0f,0xaa,0x6f,0xee,0xa8,0x0a,0x70,0xee,0x29,0x8a,0x68,0xee,
    0xaa,0x0a,0x70,0xee,0xa0,0x0a,0x78,0xee,0x0b,0x8a,0x68,0xee,0xe0,0x0a,0xf1,0xee,
    0xe8,0x8a,0xfd,0xee,0x20,0x0a,0x80,0xee,0x90,0x0a,0x18,0xee,0x20,0x1a,0x81,0xee,
    0x20,0x2a,0x82,0xee,0x20,0x3a,0x83,0xee,0x20,0x4a,0x84,0xee,0x20,0x5a,0x85,0xee,
    0x20,0x6a,0x86,0xee,0x20,0x7a,0x87,0xee,0xa0,0x7a,0xc7,0xee,0xa0,0x6a,0xc6,0xee,
    0xa0,0x5a,0xc5,0xee,0xa0,0x4a,0xc4,0xee,0xa0,0x3a,0xc3,0xee,0xa0,0x1a,0xc1,0xee,
    0xa0,0x2a,0xc2,0xee,0x8c,0x8a,0x70,0xee,0x20,0xfa,0x8f,0xee,0x8d,0x0a,0x60,0xee,
    0x28,0x8a,0x88,0xee,0xe0,0x0a,0xfd,0xee,0x00,0x00,0x2a,0xe0,0x0e,0x0a,0x30,0xee,
    0x90,0x04,0x01,0xe0,0x0e,0x1a,0x31,0xee,0x0e,0x2a,0x32,0xee,0x0e,0x3a,0x33,0xee,
    0x0e,0x4a,0x34,0xee,0x90,0x2a,0x10,0xee,0x0e,0x5a,0x35,0xee,0x0e,0x6a,0x36,0xee,
    0x0e,0x7a,0x37,0xee,0x0e,0x0a,0x7f,0xee,0x8e,0x7a,0x77,0xee,0x8e,0x6a,0x76,0xee,
    0x8e,0x5a,0x75,0xee,0x8e,0x4a,0x74,0xee,0x8e,0x3a,0x73,0xee,0x8e,0x1a,0x71,0xee,
    0x8e,0x2a,0x72,0xee,0x76,0x00,0xef,0xe6,0x02,0x10,0x21,0xe0,0x00,0x01,0x85,0xe0,
    0x91,0x04,0x0a,0xe0,0x00,0x8a,0x80,0xed,0x48,0x00,0x9d,0xe5,0x01,0x60,0x86,0xe2,
    0x08,0x2a,0xc7,0xed,0x06,0x00,0x50,0xe1,0x09,0x1a,0xc7,0xed,0x0a,0x3a,0xc7,0xed,
    0x0b,0x4a,0xc7,0xed,0x0c,0x5a,0xc7,0xed,0x0d,0x6a,0xc7,0xed,0x0e,0x7a,0xc7,0xed,
    0x0f,0x0a,0xc7,0xed,0x00,0x0a,0x87,0xed,0x01,0x1a,0x87,0xed,0x02,0x2a,0x87,0xed,
    0x03,0x3a,0x87,0xed,0x04,0x4a,0x87,0xed,0x05,0x5a,0x87,0xed,0x06,0x6a,0x87,0xed,
    0x07,0x7a,0x87,0xed,0x80,0xff,0xff,0x1a,0xc6,0x02,0x00,0xea,0x00,0x00,0x00,0x3b,
    0x00,0x00,0x00,0x3a,0x00,0x00,0x80,0xbf,0x00,0x00,0x80,0x3e,0x6c,0xcb,0x9f,0xe5,
    0x50,0x70,0x8d,0xe2,0x07,0x60,0xa0,0xe1,0x5c,0x0b,0x9f,0xe5,0x3e,0x00,0x9c,0xe8,
    0x3e,0x00,0x86,0xe8,0x14,0xeb,0x9f,0xe5,0x18,0x8b,0x9f,0xe5,0x4c,0x20,0x9d,0xe5,
    0x00,0x30,0xa0,0xe3,0x90,0x8e,0x20,0xe0,0x20,0x18,0xa0,0xe1,0x03,0x10,0xc2,0xe7,
    0x01,0x30,0x83,0xe2,0x01,0x0a,0x53,0xe3,0xf9,0xff,0xff,0x1a,0x00,0x00,0x5a,0xe3,
    0x22,0x02,0x00,0x0a,0xe8,0x8a,0x9f,0xe5,0xdc,0x6a,0x9f,0xe5,0x00,0x9b,0x9f,0xe5,
    0x00,0x40,0xa0,0xe3,0x00,0x50,0xa0,0xe3,0x05,0x10,0x82,0xe0,0x07,0x00,0xa0,0xe1,
    0x1e,0x03,0x00,0xeb,0x4c,0x20,0x9d,0xe5,0x40,0x50,0x85,0xe2,0x01,0x0a,0x55,0xe3,
    0xf8,0xff,0xff,0x1a,0x94,0x09,0x81,0xe0,0x21,0x01,0xa0,0xe1,0x00,0x01,0x80,0xe0,
    0x00,0x00,0x44,0xe0,0x01,0x40,0x84,0xe2,0x00,0x01,0x97,0xe7,0x0a,0x00,0x54,0xe1,
    0x06,0x00,0x20,0xe0,0x90,0x08,0x06,0xe0,0xed,0xff,0xff,0x1a,0x50,0x30,0x8d,0xe2,
    0x0f,0x00,0x93,0xe8,0x06,0x00,0x20,0xe0,0x90,0x08,0x00,0xe0,0x01,0x00,0x20,0xe0,
    0x60,0x10,0x9d,0xe5,0x90,0x08,0x00,0xe0,0x02,0x00,0x20,0xe0,0x90,0x08,0x00,0xe0,
    0x03,0x00,0x20,0xe0,0x90,0x08,0x00,0xe0,0x01,0x00,0x20,0xe0,0x90,0x08,0x0a,0xe0,
    0x8c,0x02,0x00,0xea,0x00,0x00,0x80,0x3f,0x00,0x00,0x80,0x37,0x00,0x00,0x80,0x44,
    0x00,0x00,0x00,0x40,0x00,0x00,0x80,0x47,0x00,0x00,0x80,0x3d,0xff,0x00,0x8c,0xe2,
    0xff,0x7c,0x80,0xe2,0x03,0x00,0x8c,0xe2,0x02,0x07,0x80,0xe2,0x40,0x00,0x8d,0xe5,
    0x0c,0x00,0xa0,0xe1,0x24,0xca,0x9f,0xe5,0x28,0xea,0x9f,0xe5,0x4d,0x20,0xa0,0xe3,
    0x00,0x30,0xa0,0xe3,0x01,0x60,0xa0,0xe3,0x92,0xec,0x22,0xe0,0xa2,0x5c,0x86,0xe0,
    0x03,0x50,0xc0,0xe7,0x01,0x30,0x83,0xe2,0x01,0x08,0x53,0xe3,0xf9,0xff,0xff,0x1a,
    0x00,0x30,0xa0,0xe3,0x01,0x96,0x80,0xe2,0x00,0x30,0xc7,0xe5,0x92,0xec,0x22,0xe0,
    0x09,0x70,0xa0,0xe1,0x03,0x20,0xa7,0xe7,0x92,0xec,0x26,0xe0,0x20,0x30,0x83,0xe2,
    0x01,0x08,0x53,0xe3,0x04,0x60,0x87,0xe5,0x96,0xec,0x25,0xe0,0x08,0x50,0x87,0xe5,
    0x95,0xec,0x28,0xe0,0x10,0x50,0x87,0xe2,0x0c,0x80,0x87,0xe5,0x98,0xec,0x20,0xe0,
    0x90,0xec,0x21,0xe0,0x91,0xec,0x24,0xe0,0x13,0x00,0x85,0xe8,0x94,0xec,0x22,0xe0,
    0x1c,0x20,0x87,0xe5,0xec,0xff,0xff,0x1a,0x48,0x00,0x9d,0xe5,0x98,0xa9,0x9f,0xe5,
    0x38,0x90,0x8d,0xe5,0x00,0x00,0x50,0xe3,0x5a,0x02,0x00,0x0a,0x4c,0xc0,0x9d,0xe5,
    0x00,0x30,0xa0,0xe3,0x00,0x90,0xa0,0xe3,0x02,0xe7,0x8c,0xe2,0x0c,0x00,0x8e,0xe1,
    0x03,0x00,0x00,0xe2,0x34,0x00,0x8d,0xe5,0x0c,0x00,0x8c,0xe2,0x14,0x00,0x8d,0xe5,
    0x08,0x00,0x8c,0xe2,0x10,0x00,0x8d,0xe5,0x04,0x00,0x8c,0xe2,0x30,0x00,0x8d,0xe5,
    0x40,0x00,0x9d,0xe5,0x11,0x88,0x8c,0xe2,0x28,0xe0,0x8d,0xe5,0x04,0x10,0x80,0xe2,
    0x04,0x10,0x8d,0xe5,0x03,0x10,0x00,0xe2,0x2c,0x10,0x8d,0xe5,0x01,0x10,0x80,0xe2,
    0x02,0x20,0x80,0xe2,0x03,0x00,0x80,0xe2,0x0c,0x00,0x8d,0xe5,0x03,0x00,0x00,0xe2,
    0x08,0x00,0x8d,0xe5,0x03,0x00,0x02,0xe2,0x18,0x00,0x8d,0xe5,0x03,0x00,0x01,0xe2,
    0x1c,0x20,0x8d,0xe5,0x24,0x10,0x8d,0xe5,0x20,0x00,0x8d,0xe5,0x09,0x00,0x8e,0xe0,
    0x0c,0x10,0x80,0xe1,0x03,0x00,0x11,0xe3,0x34,0x19,0x9f,0xe5,0x0f,0x00,0x03,0xe2,
    0x02,0x07,0x80,0xe3,0x0c,0x20,0xa0,0xe1,0x3c,0xa0,0x8d,0xe5,0x44,0x30,0x8d,0xe5,
    0x05,0x00,0x00,0x0a,0x00,0x30,0xd2,0xe5,0x01,0x10,0x91,0xe2,0x00,0x30,0xc2,0xe7,
    0x01,0x20,0x82,0xe2,0xfa,0xff,0xff,0x3a,0x0b,0x00,0x00,0xea,0x0c,0x20,0xa0,0xe1,
    0x88,0x00,0x92,0xe8,0x08,0x50,0x92,0xe5,0x0c,0x60,0x92,0xe5,0x10,0x40,0x82,0xe2,
    0x00,0x30,0xa2,0xe7,0x10,0x10,0x91,0xe2,0x04,0x70,0x82,0xe5,0x08,0x50,0x82,0xe5,
    0x0c,0x60,0x82,0xe5,0x04,0x20,0xa0,0xe1,0xf4,0xff,0xff,0x1a,0x34,0x00,0x9d,0xe5,
    0x30,0xa0,0x9d,0xe5,0x00,0x00,0x50,0xe3,0x08,0x00,0x00,0x0a,0x00,0x00,0xa0,0xe3,
    0x0c,0x10,0xa0,0xe1,0x02,0x37,0xa0,0xe3,0x00,0x20,0xf1,0xe7,0x01,0x00,0x80,0xe2,
    0x01,0x08,0x50,0xe3,0x03,0x20,0xc1,0xe7,0xf8,0xff,0xff,0x1a,0x19,0x00,0x00,0xea,
    0x9c,0x08,0x9f,0xe5,0x14,0x40,0x9d,0xe5,0x10,0x50,0x9d,0xe5,0x10,0x00,0x40,0xe2,
    0x01,0x68,0xa0,0xe3,0x00,0x10,0x84,0xe0,0x06,0x10,0x91,0xe7,0x0c,0xe0,0xa0,0xe3,
    0x00,0x20,0x85,0xe0,0x09,0xe8,0x8e,0xe3,0x00,0x70,0x8c,0xe0,0x06,0x20,0x92,0xe7,
    0x0e,0x10,0x87,0xe7,0x08,0x10,0xa0,0xe3,0x00,0x30,0x8a,0xe0,0x09,0x18,0x81,0xe3,
    0x06,0x30,0x93,0xe7,0x01,0x20,0x87,0xe7,0x04,0x10,0xa0,0xe3,0x09,0x18,0x81,0xe3,
    0x06,0x60,0x97,0xe7,0x01,0x30,0x87,0xe7,0x09,0x18,0xa0,0xe3,0x10,0x00,0x90,0xe2,
    0x01,0x60,0x87,0xe7,0xe9,0xff,0xff,0x1a,0x2c,0x10,0x9d,0xe5,0x0f,0x00,0x09,0xe2,
    0x00,0x00,0x51,0xe3,0x16,0x00,0x00,0x0a,0x40,0x10,0x9d,0xe5,0x28,0x70,0x9d,0xe5,
    0x00,0x90,0xc1,0xe5,0x20,0x10,0x9d,0xe5,0x00,0x00,0x51,0xe3,0x14,0x00,0x00,0x0a,
    0x24,0x10,0x9d,0xe5,0x00,0x90,0xc1,0xe5,0x18,0x10,0x9d,0xe5,0x00,0x00,0x51,0xe3,
    0x14,0x00,0x00,0x0a,0x1c,0x10,0x9d,0xe5,0x00,0x90,0xc1,0xe5,0x08,0x10,0x9d,0xe5,
    0x00,0x00,0x51,0xe3,0x14,0x00,0x00,0x0a,0x0c,0x10,0x9d,0xe5,0x00,0x90,0xc1,0xe5,
    0xff,0x1f,0xa0,0xe3,0x03,0x1b,0x81,0xe3,0x01,0x00,0x80,0xe0,0x04,0x10,0x9d,0xe5,
    0x11,0x00,0x00,0xea,0x40,0x10,0x9d,0xe5,0x28,0x70,0x9d,0xe5,0x01,0x0a,0x80,0xe3,
    0x0d,0x00,0x00,0xea,0xff,0x10,0xa0,0xe3,0x0f,0x1c,0x81,0xe3,0x01,0x00,0x80,0xe0,
    0x24,0x10,0x9d,0xe5,0x08,0x00,0x00,0xea,0xfe,0x10,0xa0,0xe3,0x0f,0x1c,0x81,0xe3,
    0x01,0x00,0x80,0xe0,0x1c,0x10,0x9d,0xe5,0x03,0x00,0x00,0xea,0xfd,0x10,0xa0,0xe3,
    0x0f,0x1c,0x81,0xe3,0x01,0x00,0x80,0xe0,0x0c,0x10,0x9d,0xe5,0x84,0x37,0x9f,0xe5,
    0x79,0x20,0xef,0xe6,0x92,0x03,0x03,0xe0,0x04,0x00,0x40,0xe2,0x04,0x30,0x81,0xe4,
    0x03,0x00,0x50,0xe3,0xfb,0xff,0xff,0x8a,0x00,0x00,0x50,0xe3,0x04,0x00,0x00,0x0a,
    0x00,0x30,0xa0,0xe3,0x03,0x90,0xc1,0xe7,0x01,0x30,0x83,0xe2,0x03,0x00,0x50,0xe1,
    0xfb,0xff,0xff,0x1a,0x02,0x00,0x87,0xe0,0x07,0xa0,0xa0,0xe1,0x95,0x02,0x00,0xeb,
    0x38,0xc0,0x9d,0xe5,0xff,0xe0,0xa0,0xe3,0x00,0x10,0xa0,0xe3,0x07,0xec,0x8e,0xe3,
    0x01,0x30,0x89,0xe0,0x0e,0x30,0x03,0xe0,0x83,0x32,0x8c,0xe0,0x81,0x22,0x88,0xe0,
    0xf0,0x00,0xb3,0xe8,0xf0,0x00,0xa2,0xe8,0xf0,0x00,0x93,0xe8,0x01,0x10,0x81,0xe2,
    0x02,0x0b,0x51,0xe3,0xf0,0x00,0x82,0xe8,0xf4,0xff,0xff,0x1a,0x3c,0x30,0x9d,0xe5,
    0xcc,0x76,0x9f,0xe5,0x0e,0x20,0x09,0xe0,0x03,0x00,0x20,0xe0,0x83,0x10,0xa0,0xe3,
    0x82,0x22,0x88,0xe0,0x07,0x30,0x09,0xe2,0x99,0x01,0x01,0xe0,0x03,0x21,0x92,0xe7,
    0x90,0x07,0x00,0xe0,0x71,0x10,0xff,0xe6,0x01,0x10,0xda,0xe7,0x00,0x00,0x22,0xe0,
    0x44,0x30,0x9d,0xe5,0x90,0x07,0x00,0xe0,0x0a,0xe0,0xa0,0xe1,0x4c,0xc0,0x9d,0xe5,
    0x01,0x00,0x20,0xe0,0x01,0x30,0x83,0xe2,0x90,0x07,0x0a,0xe0,0x48,0x00,0x9d,0xe5,
    0x01,0x90,0x89,0xe2,0x00,0x00,0x59,0xe1,0x57,0xff,0xff,0x1a,0x91,0x01,0x00,0xea,
    0x00,0x00,0xa0,0xe3,0x00,0x06,0x8c,0xe7,0x01,0x00,0x80,0xe2,0x06,0x0c,0x50,0xe3,
    0xfb,0xff,0xff,0x1a,0x54,0x86,0x9f,0xe5,0x58,0x66,0x9f,0xe5,0x4c,0x50,0x9d,0xe5,
    0x69,0x40,0xa0,0xe3,0xff,0x70,0xa0,0xe3,0x7a,0x4c,0x84,0xe3,0x05,0x7c,0x87,0xe3,
    0x94,0x68,0x24,0xe0,0x01,0x10,0x87,0xe2,0x04,0x00,0xa0,0xe1,0x04,0xfd,0xff,0xeb,
    0x01,0x06,0x95,0xe7,0x07,0x26,0x95,0xe7,0x07,0x06,0x85,0xe7,0x01,0x70,0x57,0xe2,
    0x01,0x26,0x85,0xe7,0xf5,0xff,0xff,0x1a,0x1c,0x26,0x9f,0xe5,0x01,0x3a,0xa0,0xe3,
    0x04,0x00,0x85,0xe2,0x01,0x1a,0xa0,0xe3,0x06,0x36,0x83,0xe3,0x01,0x70,0x85,0xe0,
    0x06,0x06,0x51,0xe3,0x02,0x60,0x97,0xe7,0x05,0x70,0xa0,0x01,0x01,0x1a,0x81,0xe2,
    0x00,0x70,0x97,0xe5,0x03,0x00,0x51,0xe1,0x06,0x76,0x80,0xe7,0xf6,0xff,0xff,0x1a,
    0xd4,0x35,0x9f,0xe5,0x00,0x00,0x5a,0xe3,0xde,0x00,0x00,0x0a,0xd0,0x15,0x9f,0xe5,
    0xd8,0xe5,0x9f,0xe5,0x48,0x70,0x9d,0xe5,0xfd,0xcf,0xa0,0xe3,0x00,0x20,0xa0,0xe3,
    0x03,0xcb,0x8c,0xe3,0x03,0xa0,0xa0,0xe1,0x02,0x62,0x82,0xe0,0x06,0x61,0x0c,0xe0,
    0x06,0x60,0x85,0xe0,0x08,0x50,0x86,0xe2,0x00,0x40,0xa0,0xe3,0x00,0x60,0xa0,0xe3,
    0x04,0x36,0x95,0xe7,0x06,0x60,0x83,0xe0,0x04,0x30,0x26,0xe0,0x04,0x36,0x85,0xe7,
    0x01,0x40,0x84,0xe2,0x06,0x0c,0x54,0xe3,0xf8,0xff,0xff,0x1a,0x92,0x5e,0x84,0xe0,
    0x24,0x55,0xa0,0xe1,0x85,0x50,0x85,0xe0,0x85,0x54,0x42,0xe0,0x06,0x4c,0xa0,0xe3,
    0x05,0x56,0x90,0xe7,0x01,0x40,0x54,0xe2,0xfc,0xff,0xff,0x1a,0x0a,0x30,0x26,0xe0,
    0x01,0x20,0x82,0xe2,0x93,0x01,0x03,0xe0,0x07,0x00,0x52,0xe1,0x03,0x30,0x25,0xe0,
    0x4c,0x50,0x9d,0xe5,0x93,0x01,0x0a,0xe0,0xe2,0xff,0xff,0x1a,0x45,0x01,0x00,0xea,
    0x80,0x05,0x9f,0xe5,0x00,0x10,0xa0,0xe3,0xa1,0x20,0x20,0xe0,0x01,0x00,0x11,0xe3,
    0xa1,0x20,0xa0,0x01,0xa2,0x30,0x20,0xe0,0x01,0x00,0x12,0xe3,0xa2,0x30,0xa0,0x01,
    0xa3,0x20,0x20,0xe0,0x01,0x00,0x13,0xe3,0xa3,0x20,0xa0,0x01,0xa2,0x30,0x20,0xe0,
    0x01,0x00,0x12,0xe3,0xa2,0x30,0xa0,0x01,0xa3,0x20,0x20,0xe0,0x01,0x00,0x13,0xe3,
    0xa3,0x20,0xa0,0x01,0xa2,0x30,0x20,0xe0,0x01,0x00,0x12,0xe3,0xa2,0x30,0xa0,0x01,
    0xa3,0x20,0x20,0xe0,0x01,0x00,0x13,0xe3,0xa3,0x20,0xa0,0x01,0xa2,0x30,0x20,0xe0,
    0x01,0x00,0x12,0xe3,0xa2,0x30,0xa0,0x01,0x01,0x31,0x8c,0xe7,0x01,0x10,0x81,0xe2,
    0x01,0x0c,0x51,0xe3,0xe3,0xff,0xff,0x1a,0x0c,0x15,0x9f,0xe5,0xbc,0x24,0x9f,0xe5,
    0xc0,0x34,0x9f,0xe5,0x01,0x0b,0x8c,0xe2,0x00,0x70,0xa0,0xe3,0x91,0x32,0x21,0xe0,
    0x21,0x6c,0xa0,0xe1,0x07,0x60,0xc0,0xe7,0x01,0x70,0x87,0xe2,0x01,0x09,0x57,0xe3,
    0xf9,0xff,0xff,0x1a,0x90,0x44,0x9f,0xe5,0x00,0x00,0x5a,0xe3,0x8f,0x00,0x00,0x0a,
    0x8c,0xe4,0x9f,0xe5,0xff,0x30,0xa0,0xe3,0x00,0x20,0xa0,0xe3,0x3f,0x3c,0x83,0xe3,
    0x0c,0x10,0xa0,0xe1,0x04,0xa0,0xa0,0xe1,0x00,0x70,0xe0,0xe3,0x00,0x60,0xa0,0xe3,
    0x06,0x50,0xd0,0xe7,0x01,0x60,0x86,0xe2,0x01,0x09,0x56,0xe3,0x07,0x50,0x25,0xe0,
    0x75,0x50,0xef,0xe6,0x05,0x51,0x91,0xe7,0x27,0x74,0x25,0xe0,0xf7,0xff,0xff,0x1a,
    0x03,0x60,0x02,0xe0,0x07,0x70,0xe0,0xe1,0x06,0x50,0xd0,0xe7,0x07,0x40,0x2a,0xe0,
    0x01,0x20,0x82,0xe2,0x07,0x70,0x25,0xe0,0x94,0x0e,0x0a,0xe0,0x06,0x70,0xc0,0xe7,
    0x48,0x70,0x9d,0xe5,0x07,0x00,0x52,0xe1,0xea,0xff,0xff,0x1a,0xfd,0x00,0x00,0xea,
    0x03,0x00,0x1c,0xe3,0x73,0x00,0x00,0x0a,0x28,0x04,0x9f,0xe5,0x0c,0x10,0xa0,0xe1,
    0x00,0x20,0xa0,0xe3,0x01,0x20,0xc1,0xe4,0x03,0x00,0x11,0xe3,0x72,0x00,0x00,0x0a,
    0x02,0x10,0x8c,0xe2,0x03,0x00,0x11,0xe3,0x01,0x20,0xcc,0xe5,0x70,0x00,0x00,0x0a,
    0x03,0x10,0x8c,0xe2,0x03,0x00,0x11,0xe3,0x02,0x20,0xcc,0xe5,0x6e,0x00,0x00,0x0a,
    0x03,0x20,0xcc,0xe5,0x04,0x10,0x8c,0xe2,0x6c,0x00,0x00,0xea,0xc8,0x13,0x9f,0xe5,
    0x00,0x00,0x5a,0xe3,0x62,0x00,0x00,0x0a,0xc0,0x63,0x9f,0xe5,0xc4,0x73,0x9f,0xe5,
    0xcc,0x43,0x9f,0xe5,0x92,0x50,0xa0,0xe3,0x01,0x5a,0x85,0xe3,0x00,0x20,0xa0,0xe3,
    0x01,0x00,0xa0,0xe3,0x1c,0x80,0xa0,0xe3,0x01,0xa0,0xa0,0xe1,0x03,0x10,0x02,0xe2,
    0x0c,0x10,0x81,0xe3,0x00,0x90,0xa0,0xe1,0x01,0x00,0xa0,0xe1,0x4c,0x20,0x8d,0xe5,
    0x55,0x02,0x00,0xeb,0x44,0x00,0x8d,0xe5,0x09,0x00,0xa0,0xe1,0x01,0x9c,0xa0,0xe3,
    0x95,0x76,0x25,0xe0,0xa5,0x1d,0x08,0xe0,0x01,0x20,0x94,0xe7,0x05,0x10,0xa0,0xe1,
    0x32,0xff,0x2f,0xe1,0x01,0x90,0x59,0xe2,0xf8,0xff,0xff,0x1a,0x44,0x10,0x9d,0xe5,
    0x5c,0x23,0x9f,0xe5,0x0a,0x10,0x21,0xe0,0x91,0x02,0x01,0xe0,0x01,0x10,0x20,0xe0,
    0x91,0x02,0x0a,0xe0,0x4c,0x20,0x9d,0xe5,0x48,0x10,0x9d,0xe5,0x01,0x20,0x82,0xe2,
    0x01,0x00,0x52,0xe1,0xe4,0xff,0xff,0x1a,0xc2,0x00,0x00,0xea,0x28,0x03,0x9f,0xe5,
    0x00,0x00,0x5a,0xe3,0x10,0x00,0x00,0x0a,0x20,0x83,0x9f,0xe5,0x20,0x53,0x9f,0xe5,
    0x20,0x63,0x9f,0xe5,0x03,0x70,0xa0,0xe1,0x08,0x40,0xa0,0xe3,0x00,0xa0,0xa0,0xe1,
    0x94,0x68,0x24,0xe0,0x0e,0x03,0x00,0xeb,0x00,0x00,0x97,0xe5,0x0a,0x00,0x20,0xe0,
    0x04,0x00,0x20,0xe0,0x90,0x05,0x0a,0xe0,0x48,0x00,0x9d,0xe5,0x01,0x00,0x50,0xe2,
    0x48,0x00,0x8d,0xe5,0xf5,0xff,0xff,0x1a,0xae,0x00,0x00,0xea,0x00,0xa0,0xa0,0xe1,
    0xac,0x00,0x00,0xea,0xd0,0x72,0x9f,0xe5,0x00,0x50,0xa0,0xe3,0x00,0x00,0x5a,0xe3,
    0x6c,0x50,0x8d,0xe5,0x68,0x50,0x8d,0xe5,0x64,0x50,0x8d,0xe5,0x60,0x50,0x8d,0xe5,
    0x5c,0x50,0x8d,0xe5,0x58,0x50,0x8d,0xe5,0x0c,0x00,0x00,0x0a,0xb0,0x62,0x9f,0xe5,
    0x50,0x40,0x8d,0xe2,0x3f,0x00,0x05,0xe2,0xc8,0x00,0x80,0xe2,0x54,0x00,0x8d,0xe5,
    0x04,0x00,0xa0,0xe1,0x50,0x50,0x8d,0xe5,0x25,0x02,0x00,0xeb,0x07,0x00,0x20,0xe0,
    0x01,0x50,0x85,0xe2,0x90,0x06,0x07,0xe0,0x05,0x00,0x5a,0xe1,0xf4,0xff,0xff,0x1a,
    0x07,0xa0,0xa0,0xe1,0x93,0x00,0x00,0xea,0x68,0xa2,0x9f,0xe5,0x91,0x00,0x00,0xea,
    0x98,0xa2,0x9f,0xe5,0x8f,0x00,0x00,0xea,0x0e,0xa0,0xa0,0xe1,0x8d,0x00,0x00,0xea,
    0x9c,0xa2,0x9f,0xe5,0x8b,0x00,0x00,0xea,0x03,0xa0,0xa0,0xe1,0x89,0x00,0x00,0xea,
    0x04,0xa0,0xa0,0xe1,0x87,0x00,0x00,0xea,0x96,0x0a,0xa0,0xe3,0x0c,0x10,0xa0,0xe1,
    0x06,0x00,0x00,0xea,0x01,0xa0,0xa0,0xe1,0x82,0x00,0x00,0xea,0x03,0x00,0x80,0xe3,
    0x02,0x00,0x00,0xea,0x02,0x00,0x80,0xe2,0x00,0x00,0x00,0xea,0x01,0x00,0x80,0xe2,
    0x00,0x20,0xa0,0xe3,0x04,0x00,0x40,0xe2,0x04,0x20,0x81,0xe4,0x03,0x00,0x50,0xe3,
    0xfb,0xff,0xff,0x8a,0x00,0x00,0x50,0xe3,0x05,0x00,0x00,0x0a,0x00,0x20,0xa0,0xe3,
    0x00,0x30,0xa0,0xe3,0x03,0x20,0xc1,0xe7,0x01,0x30,0x83,0xe2,0x03,0x00,0x50,0xe1,
    0xfb,0xff,0xff,0x1a,0xe8,0x31,0x9f,0xe5,0xdc,0x01,0x9f,0xe5,0x00,0x00,0x5a,0xe3,
    0x3c,0x00,0x8d,0xe5,0x61,0x00,0x00,0x0a,0x05,0x0d,0x8c,0xe2,0x2c,0x00,0x8d,0xe5,
    0xdb,0x0c,0x8c,0xe2,0x63,0xe0,0xa0,0xe3,0x00,0x10,0xa0,0xe3,0xab,0x05,0x80,0xe2,
    0x28,0x00,0x8d,0xe5,0x0e,0x00,0x00,0xea,0x34,0x00,0x9d,0xe5,0x2c,0x10,0x9d,0xe5,
    0xac,0x31,0x9f,0xe5,0x00,0x01,0x80,0xe0,0x38,0xe0,0x9d,0xe5,0x00,0x04,0x91,0xe7,
    0x3c,0x10,0x9d,0xe5,0x01,0x00,0x20,0xe0,0x30,0x10,0x9d,0xe5,0x90,0x03,0x00,0xe0,
    0x01,0x10,0x81,0xe2,0x3c,0x00,0x8d,0xe5,0x48,0x00,0x9d,0xe5,0x00,0x00,0x51,0xe1,
    0x4a,0x00,0x00,0x0a,0x74,0x01,0x9f,0xe5,0x78,0x21,0x9f,0xe5,0x30,0x10,0x8d,0xe5,
    0x84,0x11,0x9f,0xe5,0x9e,0x20,0x27,0xe0,0x97,0x11,0x84,0xe0,0x97,0x20,0x26,0xe0,
    0x68,0x11,0x9f,0xe5,0xa4,0x83,0xa0,0xe1,0x1a,0x4e,0xa0,0xe3,0x96,0x11,0x83,0xe0,
    0x96,0x20,0x21,0xe0,0xa3,0x32,0xa0,0xe1,0x98,0x04,0x05,0xe0,0x83,0x40,0x83,0xe0,
    0x91,0x20,0x23,0xe0,0x04,0x62,0x46,0xe0,0x05,0x40,0x47,0xe0,0x06,0x70,0x84,0xe0,
    0x10,0xa0,0x87,0xe2,0x93,0x20,0x27,0xe0,0x0a,0x00,0x54,0xe1,0x34,0x40,0x8d,0xe5,
    0x97,0x20,0x25,0xe0,0x95,0x20,0x26,0xe0,0x44,0x60,0x8d,0xe5,0x96,0x20,0x20,0xe0,
    0x38,0x00,0x8d,0xe5,0xd3,0xff,0xff,0x2a,0x20,0x01,0x9f,0xe5,0x77,0x60,0xf0,0xe6,
    0x75,0x90,0xf0,0xe6,0x38,0x00,0x9d,0xe5,0xbf,0x70,0x00,0xe2,0x20,0x00,0x87,0xe2,
    0x40,0x00,0x8d,0xe5,0x08,0x01,0x9f,0xe5,0x91,0x70,0x85,0xe0,0xa5,0x73,0xa0,0xe1,
    0x00,0x01,0x9f,0xe5,0x07,0x71,0x87,0xe0,0x87,0x22,0x41,0xe0,0x9e,0x00,0x00,0xe0,
    0x08,0x53,0x88,0xe0,0x7f,0x18,0xa0,0xe3,0x03,0x38,0x01,0xe0,0x02,0x18,0x83,0xe0,
    0x02,0x88,0xa0,0xe1,0x28,0x20,0x9d,0xe5,0x85,0x06,0x40,0xe0,0x34,0x50,0x9d,0xe5,
    0x00,0x40,0x82,0xe0,0x02,0x76,0x81,0xe2,0x05,0x00,0x00,0xea,0x01,0x50,0x85,0xe2,
    0x09,0x70,0x87,0xe0,0x06,0x80,0x88,0xe0,0x05,0x4c,0x84,0xe2,0x0a,0x00,0x55,0xe1,
    0xb4,0xff,0xff,0x2a,0x47,0x28,0xa0,0xe1,0x48,0x08,0xa0,0xe1,0x05,0x0d,0x52,0xe3,
    0x05,0x2d,0xa0,0xe3,0xc8,0x1f,0xc0,0xe1,0x47,0x28,0xa0,0xb1,0x02,0x00,0x51,0xe1,
    0xf1,0xff,0xff,0xaa,0x40,0x00,0x9d,0xe5,0x44,0x30,0x9d,0xe5,0x00,0x00,0x8d,0xe5,
    0x04,0x00,0xa0,0xe1,0x55,0x01,0x00,0xeb,0x4c,0xc0,0x9d,0xe5,0xea,0xff,0xff,0xea,
    0x74,0x00,0x9f,0xe5,0x3c,0xa0,0x9d,0xe5,0x00,0x10,0xa0,0xe3,0x01,0x21,0x9c,0xe7,
    0x00,0x00,0x51,0xe1,0x0a,0x20,0x22,0xe0,0x92,0x03,0x0a,0xe0,0x3d,0x20,0x81,0xe2,
    0x02,0x10,0xa0,0xe1,0xf8,0xff,0xff,0x3a,0x0a,0x00,0xa0,0xe1,0x60,0xd0,0x4b,0xe2,
    0x10,0x8b,0xbd,0xec,0x04,0xd0,0x8d,0xe2,0xf0,0x8f,0xbd,0xe8,0x78,0x56,0x34,0x12,
    0x0d,0x66,0x19,0x00,0x5f,0xf3,0x6e,0x3c,0xef,0xbe,0xad,0xde,0xc5,0x9d,0x1c,0x81,
    0x0d,0x66,0x19,0x00,0x93,0x01,0x00,0x01,0x5f,0xf3,0x6e,0x3c,0x00,0xf0,0xff,0xff,
    0xab,0xaa,0xaa,0xaa,0x94,0x3e,0x00,0x00,0xfc,0x5f,0x09,0x00,0x4f,0xec,0xc4,0x4e,
    0x00,0x80,0xff,0xff,0xcd,0xcc,0xcc,0xcc,0x00,0x41,0xfe,0x7e,0xc3,0x57,0x02,0x00,
    0xd0,0xba,0xd0,0xba,0x10,0x00,0xff,0xff,0x01,0x01,0x01,0x01,0x5a,0x5a,0x5a,0x5a,
    0x80,0x3e,0x00,0x00,0x7d,0x06,0x71,0x9f,0x20,0x83,0xb8,0xed,0xee,0xff,0xc0,0x00,
    0xf0,0x4d,0x2d,0xe9,0x18,0xb0,0x8d,0xe2,0x00,0xc0,0xa0,0xe3,0x00,0x30,0xa0,0xe1,
    0x00,0xe0,0xa0,0xe3,0xe0,0xc0,0x80,0xe5,0xe4,0xc0,0x80,0xe5,0xe8,0xc0,0x80,0xe5,
    0xec,0xc0,0x80,0xe5,0xf0,0xc0,0x80,0xe5,0xf4,0xc0,0x80,0xe5,0xf8,0xc0,0x80,0xe5,
    0xfc,0xc0,0x80,0xe5,0xc0,0xc0,0x80,0xe5,0xc4,0xc0,0x80,0xe5,0xc8,0xc0,0x80,0xe5,
    0xcc,0xc0,0x80,0xe5,0xd0,0xc0,0x80,0xe5,0xd4,0xc0,0x80,0xe5,0xd8,0xc0,0x80,0xe5,
    0xdc,0xc0,0x80,0xe5,0xa0,0xc0,0x80,0xe5,0xa4,0xc0,0x80,0xe5,0xa8,0xc0,0x80,0xe5,
    0xac,0xc0,0x80,0xe5,0xb0,0xc0,0x80,0xe5,0xb4,0xc0,0x80,0xe5,0xb8,0xc0,0x80,0xe5,
    0xbc,0xc0,0x80,0xe5,0x80,0xc0,0x80,0xe5,0x84,0xc0,0x80,0xe5,0x88,0xc0,0x80,0xe5,
    0x8c,0xc0,0x80,0xe5,0x90,0xc0,0x80,0xe5,0x94,0xc0,0x80,0xe5,0x98,0xc0,0x80,0xe5,
    0x9c,0xc0,0x80,0xe5,0x60,0xc0,0x80,0xe5,0x64,0xc0,0x80,0xe5,0x68,0xc0,0x80,0xe5,
    0x6c,0xc0,0x80,0xe5,0x70,0xc0,0x80,0xe5,0x74,0xc0,0x80,0xe5,0x78,0xc0,0x80,0xe5,
    0x7c,0xc0,0x80,0xe5,0x40,0xc0,0x80,0xe5,0x44,0xc0,0x80,0xe5,0x48,0xc0,0x80,0xe5,
    0x4c,0xc0,0x80,0xe5,0x50,0xc0,0x80,0xe5,0x54,0xc0,0x80,0xe5,0x58,0xc0,0x80,0xe5,
    0x5c,0xc0,0x80,0xe5,0x20,0xc0,0x80,0xe5,0x24,0xc0,0x80,0xe5,0x28,0xc0,0x80,0xe5,
    0x2c,0xc0,0x80,0xe5,0x30,0xc0,0x80,0xe5,0x34,0xc0,0x80,0xe5,0x38,0xc0,0x80,0xe5,
    0x3c,0xc0,0x80,0xe5,0x00,0xc0,0x80,0xe5,0x04,0xc0,0x80,0xe5,0x08,0xc0,0x80,0xe5,
    0x0c,0xc0,0x80,0xe5,0x10,0xc0,0x80,0xe5,0x14,0xc0,0x80,0xe5,0x18,0xc0,0x80,0xe5,
    0x1c,0xc0,0x80,0xe5,0x0e,0x81,0x91,0xe7,0x0c,0x60,0xa0,0xe1,0x0c,0x50,0xa0,0xe1,
    0x06,0x71,0x93,0xe7,0x06,0x41,0x92,0xe7,0x07,0x70,0x95,0xe0,0x00,0x50,0xac,0xe2,
    0x94,0x78,0xa5,0xe0,0x06,0x71,0x83,0xe7,0x01,0x60,0x86,0xe2,0x20,0x00,0x56,0xe3,
    0xf6,0xff,0xff,0x1a,0x0e,0x41,0x80,0xe0,0x01,0xe0,0x8e,0xe2,0x04,0x30,0x83,0xe2,
    0x20,0x00,0x5e,0xe3,0x80,0x50,0x84,0xe5,0xed,0xff,0xff,0x1a,0xf0,0x8d,0xbd,0xe8,
    0xf0,0x4f,0x2d,0xe9,0x1c,0xb0,0x8d,0xe2,0x57,0xdf,0x4d,0xe2,0x00,0x30,0xa0,0xe3,
    0x18,0x20,0x8d,0xe2,0x01,0x70,0xa0,0xe1,0x03,0x60,0xf7,0xe7,0x01,0x50,0xd7,0xe5,
    0x02,0x40,0xd7,0xe5,0x03,0x70,0xd7,0xe5,0x05,0x58,0xa0,0xe1,0x06,0x6c,0x85,0xe1,
    0x04,0x64,0x86,0xe1,0x07,0x70,0x86,0xe1,0x03,0x70,0x82,0xe7,0x04,0x30,0x83,0xe2,
    0x40,0x00,0x53,0xe3,0xf2,0xff,0xff,0x1a,0x00,0x10,0xa0,0xe3,0x01,0x30,0x82,0xe0,
    0x01,0x40,0x92,0xe7,0x20,0x60,0x93,0xe5,0x34,0x50,0x93,0xe5,0x08,0x70,0x93,0xe5,
    0x04,0x10,0x81,0xe2,0x05,0x60,0x26,0xe0,0x07,0x70,0x26,0xe0,0x04,0x70,0x27,0xe0,
    0xe7,0x7f,0xa0,0xe1,0x01,0x0c,0x51,0xe3,0x40,0x70,0x83,0xe5,0xf2,0xff,0xff,0x1a,
    0x02,0x05,0x90,0xe9,0x00,0x30,0x90,0xe5,0x10,0x40,0x90,0xe5,0x14,0x00,0x8d,0xe5,
    0xfc,0x00,0x9f,0xe5,0x00,0x50,0xa0,0xe3,0x10,0x04,0x8d,0xe8,0x08,0x80,0x8d,0xe5,
    0x0c,0x10,0x8d,0xe5,0x10,0x30,0x8d,0xe5,0x0f,0x00,0x00,0xea,0x01,0x30,0x09,0xe0,
    0x01,0x60,0xcc,0xe1,0x03,0x30,0x86,0xe1,0x00,0x60,0xa0,0xe1,0x05,0x71,0x92,0xe7,
    0xee,0x4d,0x84,0xe0,0x61,0x81,0xa0,0xe1,0x03,0x10,0x84,0xe0,0x06,0x10,0x81,0xe0,
    0x07,0x30,0x81,0xe0,0x01,0x50,0x85,0xe2,0x0c,0x40,0xa0,0xe1,0x09,0xa0,0xa0,0xe1,
    0x0e,0x10,0xa0,0xe1,0x50,0x00,0x55,0xe3,0x16,0x00,0x00,0x0a,0x03,0xe0,0xa0,0xe1,
    0x08,0x90,0xa0,0xe1,0x0a,0xc0,0xa0,0xe1,0x13,0x00,0x55,0xe3,0xea,0xff,0xff,0x9a,
    0x27,0x00,0x55,0xe3,0x03,0x00,0x00,0x8a,0x01,0x30,0x29,0xe0,0x0c,0x30,0x23,0xe0,
    0x78,0x60,0x9f,0xe5,0xe8,0xff,0xff,0xea,0x3b,0x00,0x55,0xe3,0x05,0x00,0x00,0x8a,
    0x09,0x60,0x8c,0xe1,0x09,0x30,0x0c,0xe0,0x01,0x60,0x06,0xe0,0x03,0x30,0x86,0xe1,
    0x54,0x60,0x9f,0xe5,0xe0,0xff,0xff,0xea,0x48,0x60,0x9f,0xe5,0x01,0x30,0x29,0xe0,
    0x0c,0x30,0x23,0xe0,0xdc,0xff,0xff,0xea,0x00,0x00,0x9d,0xe5,0x00,0x10,0x8c,0xe0,
    0x04,0x00,0x9d,0xe5,0x00,0x20,0x89,0xe0,0x08,0x00,0x9d,0xe5,0x00,0x70,0x88,0xe0,
    0x0c,0x00,0x9d,0xe5,0x00,0x60,0x8e,0xe0,0x10,0x00,0x9d,0xe5,0x00,0x30,0x83,0xe0,
    0x14,0x00,0x9d,0xe5,0xc8,0x00,0x80,0xe8,0x0c,0x20,0x80,0xe5,0x10,0x10,0x80,0xe5,
    0x1c,0xd0,0x4b,0xe2,0xf0,0x8f,0xbd,0xe8,0xd6,0xc1,0x62,0xca,0xdc,0xbc,0x1b,0x8f,
    0xa1,0xeb,0xd9,0x6e,0x99,0x79,0x82,0x5a,0x00,0x10,0xa0,0xe3,0x01,0x20,0xd0,0xe7,
    0x01,0x10,0x81,0xe2,0x00,0x00,0x52,0xe3,0xfb,0xff,0xff,0x1a,0x01,0x00,0x41,0xe2,
    0x1e,0xff,0x2f,0xe1,0xf0,0x4f,0x2d,0xe9,0x1c,0xb0,0x8d,0xe2,0x04,0xd0,0x4d,0xe2,
    0x01,0xa0,0x42,0xe0,0x02,0xc0,0xa0,0xe1,0x01,0x90,0xa0,0xe1,0x00,0x40,0xa0,0xe1,
    0x11,0x00,0x5a,0xe3,0x21,0x00,0x00,0xaa,0x0c,0x00,0x59,0xe1,0x59,0x00,0x00,0xaa,
    0x09,0x11,0x84,0xe0,0x04,0x00,0x84,0xe2,0x04,0x60,0x81,0xe2,0x09,0x50,0xa0,0xe1,
    0x04,0x00,0x00,0xea,0x07,0x20,0xa0,0xe1,0x04,0x60,0x86,0xe2,0x0c,0x00,0x55,0xe1,
    0x02,0x31,0x80,0xe7,0x4f,0x00,0x00,0x0a,0x05,0x70,0xa0,0xe1,0x01,0x50,0x85,0xe2,
    0x09,0x00,0x57,0xe1,0x05,0x31,0x94,0xe7,0xf5,0xff,0xff,0xba,0x06,0x10,0xa0,0xe1,
    0x04,0x20,0x11,0xe5,0x03,0x00,0x52,0xe1,0xf1,0xff,0xff,0x9a,0x04,0x20,0x01,0xe4,
    0x01,0x20,0x47,0xe2,0x09,0x00,0x57,0xe1,0x02,0x70,0xa0,0xe1,0xf7,0xff,0xff,0xca,
    0xec,0xff,0xff,0xea,0x06,0x10,0xa0,0xe1,0x0c,0x20,0xa0,0xe1,0xd8,0xff,0xff,0xeb,
    0x05,0xa0,0xa0,0xe1,0x08,0xc0,0xa0,0xe1,0x10,0x00,0x5a,0xe3,0xdd,0xff,0xff,0xda,
    0x02,0x00,0xe0,0xe3,0x04,0x10,0xa0,0xe1,0x8a,0x00,0x00,0xe0,0x09,0x21,0xb1,0xe7,
    0x00,0x10,0x91,0xe7,0x0c,0x31,0x94,0xe7,0x01,0x00,0x52,0xe1,0x01,0x00,0xa0,0xe1,
    0x02,0x00,0xa0,0x31,0x02,0x10,0xa0,0x81,0x03,0x00,0x50,0xe1,0x03,0x00,0xa0,0x91,
    0x03,0x00,0x51,0xe1,0x01,0x00,0xa0,0x31,0x09,0x60,0xa0,0xe1,0x0c,0x80,0xa0,0xe1,
    0x0c,0x00,0x59,0xe1,0x0d,0x00,0x00,0xda,0x06,0xa0,0x4c,0xe0,0x09,0x50,0x48,0xe0,
    0x04,0x00,0xa0,0xe1,0x0a,0x00,0x55,0xe1,0xe1,0xff,0xff,0xaa,0x09,0x10,0xa0,0xe1,
    0x08,0x20,0xa0,0xe1,0x0c,0x50,0xa0,0xe1,0xb9,0xff,0xff,0xeb,0x05,0xc0,0xa0,0xe1,
    0x06,0x90,0xa0,0xe1,0x10,0x00,0x5a,0xe3,0xe0,0xff,0xff,0xca,0xbd,0xff,0xff,0xea,
    0x0c,0x80,0xa0,0xe1,0x09,0x60,0xa0,0xe1,0x01,0x00,0x00,0xea,0x08,0x00,0x56,0xe1,
    0xec,0xff,0xff,0xca,0x06,0x11,0x84,0xe0,0x06,0x20,0xa0,0xe1,0x04,0x30,0x91,0xe4,
    0x01,0x20,0x82,0xe2,0x00,0x00,0x53,0xe1,0xfb,0xff,0xff,0x3a,0x01,0x60,0x42,0xe2,
    0x08,0x70,0xa0,0xe1,0x07,0x51,0x94,0xe7,0x01,0x70,0x47,0xe2,0x00,0x00,0x55,0xe1,
    0xfb,0xff,0xff,0x8a,0x01,0x80,0x87,0xe2,0x08,0x00,0x56,0xe1,0xee,0xff,0xff,0xca,
    0x07,0x61,0x84,0xe0,0x04,0x50,0x01,0xe5,0x04,0x30,0x86,0xe5,0x02,0x60,0xa0,0xe1,
    0x07,0x80,0xa0,0xe1,0xe8,0xff,0xff,0xea,0x1c,0xd0,0x4b,0xe2,0xf0,0x8f,0xbd,0xe8,
    0x01,0x00,0x52,0xe1,0x1e,0xff,0x2f,0x91,0x70,0x4c,0x2d,0xe9,0x10,0xb0,0x8d,0xe2,
    0x08,0x50,0x9b,0xe5,0xff,0x4c,0x03,0xe2,0x73,0x30,0xcf,0xe6,0x01,0x01,0x80,0xe0,
    0x94,0x05,0x0c,0xe0,0x93,0x05,0x0e,0xe0,0xff,0x40,0xa0,0xe3,0x01,0x10,0x42,0xe0,
    0x01,0x3c,0x65,0xe2,0xff,0x48,0x84,0xe3,0xff,0x2c,0xa0,0xe3,0x00,0x50,0x90,0xe5,
    0x01,0x10,0x51,0xe2,0xff,0x6c,0x05,0xe2,0x04,0x50,0x05,0xe0,0x96,0xc3,0x26,0xe0,
    0x95,0xe3,0x25,0xe0,0x26,0x64,0x02,0xe0,0x25,0x54,0x04,0xe0,0x05,0x50,0x86,0xe1,
    0xff,0x54,0x85,0xe3,0x04,0x50,0x80,0xe4,0xf3,0xff,0xff,0x1a,0x70,0x4c,0xbd,0xe8,
    0x1e,0xff,0x2f,0xe1,0x00,0x00,0x81,0xe0,0x1e,0xff,0x2f,0xe1,0x01,0x00,0x40,0xe0,
    0x1e,0xff,0x2f,0xe1,0x81,0x01,0x20,0xe0,0x1e,0xff,0x2f,0xe1,0x01,0x10,0x81,0xe3,
    0x91,0x00,0x00,0xe0,0x1e,0xff,0x2f,0xe1,0x01,0x10,0x81,0xe3,0x00,0x10,0x61,0xe2,
    0x70,0x01,0xa0,0xe1,0x1e,0xff,0x2f,0xe1,0x01,0x00,0x50,0xe1,0x01,0x00,0xa0,0x21,
    0x1e,0xff,0x2f,0xe1,0x01,0x00,0x50,0xe1,0x01,0x00,0xa0,0x91,0x1e,0xff,0x2f,0xe1,
    0xa1,0x10,0xa0,0xe1,0xa0,0x00,0x81,0xe0,0x1e,0xff,0x2f,0xe1,0x30,0x48,0x2d,0xe9,
    0x08,0xb0,0x8d,0xe2,0x00,0x40,0xa0,0xe1,0x00,0x50,0xa0,0xe3,0x02,0x00,0x50,0xe3,
    0x05,0x00,0x00,0x3a,0x01,0x00,0x44,0xe2,0xf7,0xff,0xff,0xeb,0x02,0x40,0x44,0xe2,
    0x05,0x50,0x80,0xe0,0x01,0x00,0x54,0xe3,0xf9,0xff,0xff,0x8a,0x05,0x00,0x84,0xe0,
    0x30,0x88,0xbd,0xe8,0x30,0x48,0x2d,0xe9,0x08,0xb0,0x8d,0xe2,0x80,0xd0,0x4d,0xe2,
    0xa8,0xe1,0x9f,0xe5,0x00,0x20,0xa0,0xe3,0x0d,0xc0,0xa0,0xe1,0x00,0x30,0xa0,0xe3,
    0x06,0x00,0x00,0xea,0x03,0x21,0x8c,0xe0,0x01,0x30,0x43,0xe2,0x08,0x50,0x12,0xe5,
    0x03,0x41,0x9c,0xe7,0x04,0x40,0x25,0xe0,0x08,0x40,0x02,0xe5,0x01,0x20,0xa0,0xe1,
    0x02,0x40,0xde,0xe7,0x0d,0x00,0x54,0xe3,0x59,0x00,0x00,0x8a,0x04,0x50,0x8f,0xe2,
    0x01,0x10,0x82,0xe2,0x04,0xf1,0x95,0xe7,0xd0,0x3b,0x00,0x00,0x64,0x3c,0x00,0x00,
    0x18,0x3c,0x00,0x00,0x30,0x3c,0x00,0x00,0xd8,0x3b,0x00,0x00,0x7c,0x3c,0x00,0x00,
    0xb4,0x3c,0x00,0x00,0x48,0x3c,0x00,0x00,0xd8,0x3c,0x00,0x00,0x08,0x3c,0x00,0x00,
    0xc0,0x3c,0x00,0x00,0x64,0x3b,0x00,0x00,0xf0,0x3b,0x00,0x00,0x94,0x3c,0x00,0x00,
    0x01,0x10,0xde,0xe7,0x1e,0x00,0x00,0xea,0x03,0x21,0x8c,0xe0,0x04,0x20,0x12,0xe5,
    0x03,0x21,0x8c,0xe7,0x01,0x30,0x83,0xe2,0x01,0x20,0xa0,0xe1,0xe3,0xff,0xff,0xea,
    0x01,0x10,0xde,0xe7,0x03,0x41,0x8c,0xe0,0x1f,0x10,0x01,0xe2,0x04,0x50,0x14,0xe5,
    0x15,0x11,0xa0,0xe1,0x27,0x00,0x00,0xea,0x03,0x21,0x8c,0xe0,0x04,0x40,0x12,0xe5,
    0x01,0x40,0x44,0xe2,0x1b,0x00,0x00,0xea,0x03,0x21,0x8c,0xe0,0x01,0x30,0x43,0xe2,
    0x08,0x50,0x12,0xe5,0x03,0x41,0x9c,0xe7,0x04,0x40,0x45,0xe0,0xd1,0xff,0xff,0xea,
    0x03,0x21,0x8c,0xe0,0x01,0x30,0x43,0xe2,0x08,0x50,0x12,0xe5,0x03,0x41,0x9c,0xe7,
    0x95,0x04,0x04,0xe0,0xcb,0xff,0xff,0xea,0x01,0x10,0xde,0xe7,0x07,0x10,0x01,0xe2,
    0x01,0x11,0x90,0xe7,0x03,0x11,0x8c,0xe7,0x01,0x30,0x83,0xe2,0x02,0x20,0x82,0xe2,
    0xc6,0xff,0xff,0xea,0x03,0x21,0x8c,0xe0,0x01,0x30,0x43,0xe2,0x08,0x50,0x12,0xe5,
    0x03,0x41,0x9c,0xe7,0x04,0x40,0x85,0xe0,0xbe,0xff,0xff,0xea,0x03,0x21,0x8c,0xe0,
    0x30,0x00,0x12,0xe9,0x08,0x50,0x02,0xe5,0x04,0x40,0x02,0xe5,0x01,0x20,0xa0,0xe1,
    0xba,0xff,0xff,0xea,0x01,0x10,0xde,0xe7,0x03,0x41,0x8c,0xe0,0x1f,0x10,0x01,0xe2,
    0x04,0x50,0x14,0xe5,0x35,0x11,0xa0,0xe1,0x04,0x10,0x04,0xe5,0x02,0x20,0x82,0xe2,
    0xb2,0xff,0xff,0xea,0x01,0x30,0x43,0xe2,0x01,0x20,0xa0,0xe1,0xaf,0xff,0xff,0xea,
    0x01,0x30,0x43,0xe2,0x02,0x20,0x82,0xe2,0x03,0x41,0x9c,0xe7,0x00,0x00,0x54,0xe3,
    0x01,0x20,0xde,0x17,0xa9,0xff,0xff,0xea,0x01,0x10,0xde,0xe7,0x01,0x30,0x43,0xe2,
    0x02,0x20,0x82,0xe2,0x03,0x41,0x9c,0xe7,0x07,0x10,0x01,0xe2,0x01,0x41,0x80,0xe7,
    0xa2,0xff,0xff,0xea,0x00,0x00,0x90,0xe5,0x08,0xd0,0x4b,0xe2,0x30,0x88,0xbd,0xe8,
    0xb4,0x3e,0x00,0x00,0x0a,0x0a,0x9f,0xed,0x00,0x20,0xa0,0xe3,0x02,0xc0,0x80,0xe0,
    0x02,0x30,0x81,0xe0,0x00,0x1a,0x93,0xed,0x00,0x2a,0x9c,0xed,0x04,0x20,0x82,0xe2,
    0x01,0x0b,0x52,0xe3,0x01,0x1a,0x22,0xee,0x01,0x0a,0x30,0xee,0xf6,0xff,0xff,0x1a,
    0x1e,0xff,0x2f,0xe1,0x00,0x00,0x00,0x00,0x00,0x48,0x2d,0xe9,0x0d,0xb0,0xa0,0xe1,
    0x4a,0x0a,0x9f,0xed,0x00,0xc0,0xa0,0xe3,0x0c,0x30,0x81,0xe0,0x00,0x1a,0x92,0xed,
    0x00,0x5a,0x93,0xed,0x04,0x2a,0x92,0xed,0x01,0x6a,0x93,0xed,0x08,0x3a,0x92,0xed,
    0x01,0x1a,0x25,0xee,0x02,0x7a,0x93,0xed,0x02,0x2a,0x26,0xee,0x0c,0x4a,0x92,0xed,
    0x03,0x0a,0xd3,0xed,0x03,0x3a,0x27,0xee,0x0c,0xe0,0x80,0xe0,0x10,0xc0,0x8c,0xe2,
    0x00,0x1a,0x31,0xee,0x40,0x00,0x5c,0xe3,0x02,0x1a,0x31,0xee,0x84,0x2a,0x20,0xee,
    0x03,0x1a,0x31,0xee,0x02,0x1a,0x31,0xee,0x00,0x1a,0x8e,0xed,0x00,0x1a,0x93,0xed,
    0x01,0x5a,0x92,0xed,0x01,0x2a,0x93,0xed,0x05,0x6a,0x92,0xed,0x02,0x3a,0x93,0xed,
    0x05,0x1a,0x21,0xee,0x09,0x7a,0x92,0xed,0x06,0x2a,0x22,0xee,0x03,0x4a,0x93,0xed,
    0x0d,0x0a,0xd2,0xed,0x07,0x3a,0x23,0xee,0x00,0x1a,0x31,0xee,0x02,0x1a,0x31,0xee,
    0x20,0x2a,0x24,0xee,0x03,0x1a,0x31,0xee,0x02,0x1a,0x31,0xee,0x01,0x1a,0x8e,0xed,
    0x00,0x1a,0x93,0xed,0x02,0x5a,0x92,0xed,0x01,0x2a,0x93,0xed,0x06,0x6a,0x92,0xed,
    0x02,0x3a,0x93,0xed,0x05,0x1a,0x21,0xee,0x0a,0x7a,0x92,0xed,0x06,0x2a,0x22,0xee,
    0x03,0x4a,0x93,0xed,0x0e,0x0a,0xd2,0xed,0x07,0x3a,0x23,0xee,0x00,0x1a,0x31,0xee,
    0x02,0x1a,0x31,0xee,0x20,0x2a,0x24,0xee,0x03,0x1a,0x31,0xee,0x02,0x1a,0x31,0xee,
    0x02,0x1a,0x8e,0xed,0x00,0x1a,0x93,0xed,0x03,0x5a,0x92,0xed,0x01,0x2a,0x93,0xed,
    0x07,0x6a,0x92,0xed,0x02,0x3a,0x93,0xed,0x05,0x1a,0x21,0xee,0x0b,0x7a,0x92,0xed,
    0x06,0x2a,0x22,0xee,0x03,0x4a,0x93,0xed,0x0f,0x0a,0xd2,0xed,0x07,0x3a,0x23,0xee,
    0x00,0x1a,0x31,0xee,0x02,0x1a,0x31,0xee,0x20,0x2a,0x24,0xee,0x03,0x1a,0x31,0xee,
    0x02,0x1a,0x31,0xee,0x03,0x1a,0x8e,0xed,0xb6,0xff,0xff,0x1a,0x00,0x88,0xbd,0xe8,
    0x00,0x00,0x00,0x00,0x00,0x00,0x00,0xef,0x1e,0xff,0x2f,0xe1,0x00,0x00,0x00,0x00,
    0x01,0x23,0x45,0x67,0x89,0xab,0xcd,0xef,0xfe,0xdc,0xba,0x98,0x76,0x54,0x32,0x10,
    0xf0,0xe1,0xd2,0xc3,0xb4,0x3a,0x00,0x00,0xbc,0x3a,0x00,0x00,0xc4,0x3a,0x00,0x00,
    0xcc,0x3a,0x00,0x00,0xd8,0x3a,0x00,0x00,0xe8,0x3a,0x00,0x00,0xf4,0x3a,0x00,0x00,
    0x00,0x3b,0x00,0x00,0x07,0x01,0x04,0x03,0x07,0x00,0x00,0x01,0x05,0x06,0x0c,0x01,
    0x0b,0x07,0x00,0x01,0x08,0x00,0x07,0x01,0x09,0x04,0x08,0x01,0x0a,0x00,0x0e,
};
#define GUEST_BENCH_THUMB_SIZE 12823u
#define GUEST_BENCH_THUMB_START 0x00002000u
#define GUEST_BENCH_THUMB_MBOX 0x00001000u
#define GUEST_BENCH_THUMB_SVCCOUNTER 0x00004000u
#define GUEST_BENCH_THUMB_FIQCOUNTER 0x00004004u
#define GUEST_BENCH_THUMB_WLARENA 0x00005000u
#define GUEST_BENCH_THUMB_BSSEND 0x00605000u
static const uint8_t guest_bench_thumb_image[12823] = {
    0xfe,0x07,0x00,0xea,0x29,0x08,0x00,0xea,0x19,0x08,0x00,0xea,0x2b,0x08,0x00,0xea,
    0x2e,0x08,0x00,0xea,0x31,0x08,0x00,0xea,0x34,0x08,0x00,0xea,0x1b,0x08,0x00,0xea,
    0x00,0x00,0x00,0x00,0x00,0x00,0x00,0x00,0x00,0x00,0x00,0x00,0x00,0x00,0x00,0x00,
    0x00,0x00,0x00,0x00,0x00,0x00,0x00,0x00,0x00,0x00,0x00,0x00,0x00,0x00,0x00,0x00,
    0x00,0x00,0x00,0x00,0x00,0x00,0x00,0x00,0x00,0x00,0x00,0x00,0x00,0x00,0x00,0x00,
    0x00,0x00,0x00,0x00,0x00,0x00,0x00,0x00,0x00,0x00,0x00,0x00,0x00,0x00,0x00,0x00,
    0x00,0x00,0x00,0x00,0x00,0x00,0x00,0x00,0x00,0x00,0x00,0x00,0x00,0x00,0x00,0x00,
    0x00,0x00,0x00,0x00,0x00,0x00,0x00,0x00,0x00,0x00,0x00,0x00,0x00,0x00,0x00,0x00,
    0x00,0x00,0x00,0x00,0x00,0x00,0x00,0x00,0x00,0x00,0x00,0x00,0x00,0x00,0x00,0x00,
    0x00,0x00,0x00,0x00,0x00,0x00,0x00,0x00,0x00,0x00,0x00,0x00,0x00,0x00,0x00,0x00,
    0x00,0x00,0x00,0x00,0x00,0x00,0x00,0x00,0x00,0x00,0x00,0x00,0x00,0x00,0x00,0x00,
    0x00,0x00,0x00,0x00,0x00,0x00,0x00,0x00,0x00,0x00,0x00,0x00,0x00,0x00,0x00,0x00,
    0x00,0x00,0x00,0x00,0x00,0x00,0x00,0x00,0x00,0x00,0x00,0x00,0x00,0x00,0x00,0x00,
    0x00,0x00,0x00,0x00,0x00,0x00,0x00,0x00,0x00,0x00,0x00,0x00,0x00,0x00,0x00,0x00,
    0x00,0x00,0x00,0x00,0x00,0x00,0x00,0x00,0x00,0x00,0x00,0x00,0x00,0x00,0x00,0x00,
    0x00,0x00,0x00,0x00,0x00,0x00,0x00,0x00,0x00,0x00,0x00,0x00,0x00,0x00,0x00,0x00,
    0x00,0x00,0x00,0x00,0x00,0x00,0x00,0x00,0x00,0x00,0x00,0x00,0x00,0x00,0x00,0x00,
    0x00,0x00,0x00,0x00,0x00,0x00,0x00,0x00,0x00,0x00,0x00,0x00,0x00,0x00,0x00,0x00,
    0x00,0x00,0x00,0x00,0x00,0x00,0x00,0x00,0x00,0x00,0x00,0x00,0x00,0x00,0x00,0x00,
    0x00,0x00,0x00,0x00,0x00,0x00,0x00,0x00,0x00,0x00,0x00,0x00,0x00,0x00,0x00,0x00,
    0x00,0x00,0x00,0x00,0x00,0x00,0x00,0x00,0x00,0x00,0x00,0x00,0x00,0x00,0x00,0x00,
    0x00,0x00,0x00,0x00,0x00,0x00,0x00,0x00,0x00,0x00,0x00,0x00,0x00,0x00,0x00,0x00,
    0x00,0x00,0x00,0x00,0x00,0x00,0x00,0x00,0x00,0x00,0x00,0x00,0x00,0x00,0x00,0x00,
    0x00,0x00,0x00,0x00,0x00,0x00,0x00,0x00,0x00,0x00,0x00,0x00,0x00,0x00,0x00,0x00,
    0x00,0x00,0x00,0x00,0x00,0x00,0x00,0x00,0x00,0x00,0x00,0x00,0x00,0x00,0x00,0x00,
    0x00,0x00,0x00,0x00,0x00,0x00,0x00,0x00,0x00,0x00,0x00,0x00,0x00,0x00,0x00,0x00,
    0x00,0x00,0x00,0x00,0x00,0x00,0x00,0x00,0x00,0x00,0x00,0x00,0x00,0x00,0x00,0x00,
    0x00,0x00,0x00,0x00,0x00,0x00,0x00,0x00,0x00,0x00,0x00,0x00,0x00,0x00,0x00,0x00,
    0x00,0x00,0x00,0x00,0x00,0x00,0x00,0x00,0x00,0x00,0x00,0x00,0x00,0x00,0x00,0x00,
    0x00,0x00,0x00,0x00,0x00,0x00,0x00,0x00,0x00,0x00,0x00,0x00,0x00,0x00,0x00,0x00,
    0x00,0x00,0x00,0x00,0x00,0x00,0x00,0x00,0x00,0x00,0x00,0x00,0x00,0x00,0x00,0x00,
    0x00,0x00,0x00,0x00,0x00,0x00,0x00,0x00,0x00,0x00,0x00,0x00,0x00,0x00,0x00,0x00,
    0x00,0x00,0x00,0x00,0x00,0x00,0x00,0x00,0x00,0x00,0x00,0x00,0x00,0x00,0x00,0x00,
    0x00,0x00,0x00,0x00,0x00,0x00,0x00,0x00,0x00,0x00,0x00,0x00,0x00,0x00,0x00,0x00,
    0x00,0x00,0x00,0x00,0x00,0x00,0x00,0x00,0x00,0x00,0x00,0x00,0x00,0x00,0x00,0x00,
    0x00,0x00,0x00,0x00,0x00,0x00,0x00,0x00,0x00,0x00,0x00,0x00,0x00,0x00,0x00,0x00,
    0x00,0x00,0x00,0x00,0x00,0x00,0x00,0x00,0x00,0x00,0x00,0x00,0x00,0x00,0x00,0x00,
    0x00,0x00,0x00,0x00,0x00,0x00,0x00,0x00,0x00,0x00,0x00,0x00,0x00,0x00,0x00,0x00,
    0x00,0x00,0x00,0x00,0x00,0x00,0x00,0x00,0x00,0x00,0x00,0x00,0x00,0x00,0x00,0x00,
    0x00,0x00,0x00,0x00,0x00,0x00,0x00,0x00,0x00,0x00,0x00,0x00,0x00,0x00,0x00,0x00,
    0x00,0x00,0x00,0x00,0x00,0x00,0x00,0x00,0x00,0x00,0x00,0x00,0x00,0x00,0x00,0x00,
    0x00,0x00,0x00,0x00,0x00,0x00,0x00,0x00,0x00,0x00,0x00,0x00,0x00,0x00,0x00,0x00,
    0x00,0x00,0x00,0x00,0x00,0x00,0x00,0x00,0x00,0x00,0x00,0x00,0x00,0x00,0x00,0x00,
    0x00,0x00,0x00,0x00,0x00,0x00,0x00,0x00,0x00,0x00,0x00,0x00,0x00,0x00,0x00,0x00,
    0x00,0x00,0x00,0x00,0x00,0x00,0x00,0x00,0x00,0x00,0x00,0x00,0x00,0x00,0x00,0x00,
    0x00,0x00,0x00,0x00,0x00,0x00,0x00,0x00,0x00,0x00,0x00,0x00,0x00,0x00,0x00,0x00,
    0x00,0x00,0x00,0x00,0x00,0x00,0x00,0x00,0x00,0x00,0x00,0x00,0x00,0x00,0x00,0x00,
    0x00,0x00,0x00,0x00,0x00,0x00,0x00,0x00,0x00,0x00,0x00,0x00,0x00,0x00,0x00,0x00,
    0x00,0x00,0x00,0x00,0x00,0x00,0x00,0x00,0x00,0x00,0x00,0x00,0x00,0x00,0x00,0x00,
    0x00,0x00,0x00,0x00,0x00,0x00,0x00,0x00,0x00,0x00,0x00,0x00,0x00,0x00,0x00,0x00,
    0x00,0x00,0x00,0x00,0x00,0x00,0x00,0x00,0x00,0x00,0x00,0x00,0x00,0x00,0x00,0x00,
    0x00,0x00,0x00,0x00,0x00,0x00,0x00,0x00,0x00,0x00,0x00,0x00,0x00,0x00,0x00,0x00,
    0x00,0x00,0x00,0x00,0x00,0x00,0x00,0x00,0x00,0x00,0x00,0x00,0x00,0x00,0x00,0x00,
    0x00,0x00,0x00,0x00,0x00,0x00,0x00,0x00,0x00,0x00,0x00,0x00,0x00,0x00,0x00,0x00,
    0x00,0x00,0x00,0x00,0x00,0x00,0x00,0x00,0x00,0x00,0x00,0x00,0x00,0x00,0x00,0x00,
    0x00,0x00,0x00,0x00,0x00,0x00,0x00,0x00,0x00,0x00,0x00,0x00,0x00,0x00,0x00,0x00,
    0x00,0x00,0x00,0x00,0x00,0x00,0x00,0x00,0x00,0x00,0x00,0x00,0x00,0x00,0x00,0x00,
    0x00,0x00,0x00,0x00,0x00,0x00,0x00,0x00,0x00,0x00,0x00,0x00,0x00,0x00,0x00,0x00,
    0x00,0x00,0x00,0x00,0x00,0x00,0x00,0x00,0x00,0x00,0x00,0x00,0x00,0x00,0x00,0x00,
    0x00,0x00,0x00,0x00,0x00,0x00,0x00,0x00,0x00,0x00,0x00,0x00,0x00,0x00,0x00,0x00,
    0x00,0x00,0x00,0x00,0x00,0x00,0x00,0x00,0x00,0x00,0x00,0x00,0x00,0x00,0x00,0x00,
    0x00,0x00,0x00,0x00,0x00,0x00,0x00,0x00,0x00,0x00,0x00,0x00,0x00,0x00,0x00,0x00,
    0x00,0x00,0x00,0x00,0x00,0x00,0x00,0x00,0x00,0x00,0x00,0x00,0x00,0x00,0x00,0x00,
    0x00,0x00,0x00,0x00,0x00,0x00,0x00,0x00,0x00,0x00,0x00,0x00,0x00,0x00,0x00,0x00,
    0x00,0x00,0x00,0x00,0x00,0x00,0x00,0x00,0x00,0x00,0x00,0x00,0x00,0x00,0x00,0x00,
    0x00,0x00,0x00,0x00,0x00,0x00,0x00,0x00,0x00,0x00,0x00,0x00,0x00,0x00,0x00,0x00,
    0x00,0x00,0x00,0x00,0x00,0x00,0x00,0x00,0x00,0x00,0x00,0x00,0x00,0x00,0x00,0x00,
    0x00,0x00,0x00,0x00,0x00,0x00,0x00,0x00,0x00,0x00,0x00,0x00,0x00,0x00,0x00,0x00,
    0x00,0x00,0x00,0x00,0x00,0x00,0x00,0x00,0x00,0x00,0x00,0x00,0x00,0x00,0x00,0x00,
    0x00,0x00,0x00,0x00,0x00,0x00,0x00,0x00,0x00,0x00,0x00,0x00,0x00,0x00,0x00,0x00,
    0x00,0x00,0x00,0x00,0x00,0x00,0x00,0x00,0x00,0x00,0x00,0x00,0x00,0x00,0x00,0x00,
    0x00,0x00,0x00,0x00,0x00,0x00,0x00,0x00,0x00,0x00,0x00,0x00,0x00,0x00,0x00,0x00,
    0x00,0x00,0x00,0x00,0x00,0x00,0x00,0x00,0x00,0x00,0x00,0x00,0x00,0x00,0x00,0x00,
    0x00,0x00,0x00,0x00,0x00,0x00,0x00,0x00,0x00,0x00,0x00,0x00,0x00,0x00,0x00,0x00,
    0x00,0x00,0x00,0x00,0x00,0x00,0x00,0x00,0x00,0x00,0x00,0x00,0x00,0x00,0x00,0x00,
    0x00,0x00,0x00,0x00,0x00,0x00,0x00,0x00,0x00,0x00,0x00,0x00,0x00,0x00,0x00,0x00,
    0x00,0x00,0x00,0x00,0x00,0x00,0x00,0x00,0x00,0x00,0x00,0x00,0x00,0x00,0x00,0x00,
    0x00,0x00,0x00,0x00,0x00,0x00,0x00,0x00,0x00,0x00,0x00,0x00,0x00,0x00,0x00,0x00,
    0x00,0x00,0x00,0x00,0x00,0x00,0x00,0x00,0x00,0x00,0x00,0x00,0x00,0x00,0x00,0x00,
    0x00,0x00,0x00,0x00,0x00,0x00,0x00,0x00,0x00,0x00,0x00,0x00,0x00,0x00,0x00,0x00,
    0x00,0x00,0x00,0x00,0x00,0x00,0x00,0x00,0x00,0x00,0x00,0x00,0x00,0x00,0x00,0x00,
    0x00,0x00,0x00,0x00,0x00,0x00,0x00,0x00,0x00,0x00,0x00,0x00,0x00,0x00,0x00,0x00,
    0x00,0x00,0x00,0x00,0x00,0x00,0x00,0x00,0x00,0x00,0x00,0x00,0x00,0x00,0x00,0x00,
    0x00,0x00,0x00,0x00,0x00,0x00,0x00,0x00,0x00,0x00,0x00,0x00,0x00,0x00,0x00,0x00,
    0x00,0x00,0x00,0x00,0x00,0x00,0x00,0x00,0x00,0x00,0x00,0x00,0x00,0x00,0x00,0x00,
    0x00,0x00,0x00,0x00,0x00,0x00,0x00,0x00,0x00,0x00,0x00,0x00,0x00,0x00,0x00,0x00,
    0x00,0x00,0x00,0x00,0x00,0x00,0x00,0x00,0x00,0x00,0x00,0x00,0x00,0x00,0x00,0x00,
    0x00,0x00,0x00,0x00,0x00,0x00,0x00,0x00,0x00,0x00,0x00,0x00,0x00,0x00,0x00,0x00,
    0x00,0x00,0x00,0x00,0x00,0x00,0x00,0x00,0x00,0x00,0x00,0x00,0x00,0x00,0x00,0x00,
    0x00,0x00,0x00,0x00,0x00,0x00,0x00,0x00,0x00,0x00,0x00,0x00,0x00,0x00,0x00,0x00,
    0x00,0x00,0x00,0x00,0x00,0x00,0x00,0x00,0x00,0x00,0x00,0x00,0x00,0x00,0x00,0x00,
    0x00,0x00,0x00,0x00,0x00,0x00,0x00,0x00,0x00,0x00,0x00,0x00,0x00,0x00,0x00,0x00,
    0x00,0x00,0x00,0x00,0x00,0x00,0x00,0x00,0x00,0x00,0x00,0x00,0x00,0x00,0x00,0x00,
    0x00,0x00,0x00,0x00,0x00,0x00,0x00,0x00,0x00,0x00,0x00,0x00,0x00,0x00,0x00,0x00,
    0x00,0x00,0x00,0x00,0x00,0x00,0x00,0x00,0x00,0x00,0x00,0x00,0x00,0x00,0x00,0x00,
    0x00,0x00,0x00,0x00,0x00,0x00,0x00,0x00,0x00,0x00,0x00,0x00,0x00,0x00,0x00,0x00,
    0x00,0x00,0x00,0x00,0x00,0x00,0x00,0x00,0x00,0x00,0x00,0x00,0x00,0x00,0x00,0x00,
    0x00,0x00,0x00,0x00,0x00,0x00,0x00,0x00,0x00,0x00,0x00,0x00,0x00,0x00,0x00,0x00,
    0x00,0x00,0x00,0x00,0x00,0x00,0x00,0x00,0x00,0x00,0x00,0x00,0x00,0x00,0x00,0x00,
    0x00,0x00,0x00,0x00,0x00,0x00,0x00,0x00,0x00,0x00,0x00,0x00,0x00,0x00,0x00,0x00,
    0x00,0x00,0x00,0x00,0x00,0x00,0x00,0x00,0x00,0x00,0x00,0x00,0x00,0x00,0x00,0x00,
    0x00,0x00,0x00,0x00,0x00,0x00,0x00,0x00,0x00,0x00,0x00,0x00,0x00,0x00,0x00,0x00,
    0x00,0x00,0x00,0x00,0x00,0x00,0x00,0x00,0x00,0x00,0x00,0x00,0x00,0x00,0x00,0x00,
    0x00,0x00,0x00,0x00,0x00,0x00,0x00,0x00,0x00,0x00,0x00,0x00,0x00,0x00,0x00,0x00,
    0x00,0x00,0x00,0x00,0x00,0x00,0x00,0x00,0x00,0x00,0x00,0x00,0x00,0x00,0x00,0x00,
    0x00,0x00,0x00,0x00,0x00,0x00,0x00,0x00,0x00,0x00,0x00,0x00,0x00,0x00,0x00,0x00,
    0x00,0x00,0x00,0x00,0x00,0x00,0x00,0x00,0x00,0x00,0x00,0x00,0x00,0x00,0x00,0x00,
    0x00,0x00,0x00,0x00,0x00,0x00,0x00,0x00,0x00,0x00,0x00,0x00,0x00,0x00,0x00,0x00,
    0x00,0x00,0x00,0x00,0x00,0x00,0x00,0x00,0x00,0x00,0x00,0x00,0x00,0x00,0x00,0x00,
    0x00,0x00,0x00,0x00,0x00,0x00,0x00,0x00,0x00,0x00,0x00,0x00,0x00,0x00,0x00,0x00,
    0x00,0x00,0x00,0x00,0x00,0x00,0x00,0x00,0x00,0x00,0x00,0x00,0x00,0x00,0x00,0x00,
    0x00,0x00,0x00,0x00,0x00,0x00,0x00,0x00,0x00,0x00,0x00,0x00,0x00,0x00,0x00,0x00,
    0x00,0x00,0x00,0x00,0x00,0x00,0x00,0x00,0x00,0x00,0x00,0x00,0x00,0x00,0x00,0x00,
    0x00,0x00,0x00,0x00,0x00,0x00,0x00,0x00,0x00,0x00,0x00,0x00,0x00,0x00,0x00,0x00,
    0x00,0x00,0x00,0x00,0x00,0x00,0x00,0x00,0x00,0x00,0x00,0x00,0x00,0x00,0x00,0x00,
    0x00,0x00,0x00,0x00,0x00,0x00,0x00,0x00,0x00,0x00,0x00,0x00,0x00,0x00,0x00,0x00,
    0x00,0x00,0x00,0x00,0x00,0x00,0x00,0x00,0x00,0x00,0x00,0x00,0x00,0x00,0x00,0x00,
    0x00,0x00,0x00,0x00,0x00,0x00,0x00,0x00,0x00,0x00,0x00,0x00,0x00,0x00,0x00,0x00,
    0x00,0x00,0x00,0x00,0x00,0x00,0x00,0x00,0x00,0x00,0x00,0x00,0x00,0x00,0x00,0x00,
    0x00,0x00,0x00,0x00,0x00,0x00,0x00,0x00,0x00,0x00,0x00,0x00,0x00,0x00,0x00,0x00,
    0x00,0x00,0x00,0x00,0x00,0x00,0x00,0x00,0x00,0x00,0x00,0x00,0x00,0x00,0x00,0x00,
    0x00,0x00,0x00,0x00,0x00,0x00,0x00,0x00,0x00,0x00,0x00,0x00,0x00,0x00,0x00,0x00,
    0x00,0x00,0x00,0x00,0x00,0x00,0x00,0x00,0x00,0x00,0x00,0x00,0x00,0x00,0x00,0x00,
    0x00,0x00,0x00,0x00,0x00,0x00,0x00,0x00,0x00,0x00,0x00,0x00,0x00,0x00,0x00,0x00,
    0x00,0x00,0x00,0x00,0x00,0x00,0x00,0x00,0x00,0x00,0x00,0x00,0x00,0x00,0x00,0x00,
    0x00,0x00,0x00,0x00,0x00,0x00,0x00,0x00,0x00,0x00,0x00,0x00,0x00,0x00,0x00,0x00,
    0x00,0x00,0x00,0x00,0x00,0x00,0x00,0x00,0x00,0x00,0x00,0x00,0x00,0x00,0x00,0x00,
    0x00,0x00,0x00,0x00,0x00,0x00,0x00,0x00,0x00,0x00,0x00,0x00,0x00,0x00,0x00,0x00,
    0x00,0x00,0x00,0x00,0x00,0x00,0x00,0x00,0x00,0x00,0x00,0x00,0x00,0x00,0x00,0x00,
    0x00,0x00,0x00,0x00,0x00,0x00,0x00,0x00,0x00,0x00,0x00,0x00,0x00,0x00,0x00,0x00,
    0x00,0x00,0x00,0x00,0x00,0x00,0x00,0x00,0x00,0x00,0x00,0x00,0x00,0x00,0x00,0x00,
    0x00,0x00,0x00,0x00,0x00,0x00,0x00,0x00,0x00,0x00,0x00,0x00,0x00,0x00,0x00,0x00,
    0x00,0x00,0x00,0x00,0x00,0x00,0x00,0x00,0x00,0x00,0x00,0x00,0x00,0x00,0x00,0x00,
    0x00,0x00,0x00,0x00,0x00,0x00,0x00,0x00,0x00,0x00,0x00,0x00,0x00,0x00,0x00,0x00,
    0x00,0x00,0x00,0x00,0x00,0x00,0x00,0x00,0x00,0x00,0x00,0x00,0x00,0x00,0x00,0x00,
    0x00,0x00,0x00,0x00,0x00,0x00,0x00,0x00,0x00,0x00,0x00,0x00,0x00,0x00,0x00,0x00,
    0x00,0x00,0x00,0x00,0x00,0x00,0x00,0x00,0x00,0x00,0x00,0x00,0x00,0x00,0x00,0x00,
    0x00,0x00,0x00,0x00,0x00,0x00,0x00,0x00,0x00,0x00,0x00,0x00,0x00,0x00,0x00,0x00,
    0x00,0x00,0x00,0x00,0x00,0x00,0x00,0x00,0x00,0x00,0x00,0x00,0x00,0x00,0x00,0x00,
    0x00,0x00,0x00,0x00,0x00,0x00,0x00,0x00,0x00,0x00,0x00,0x00,0x00,0x00,0x00,0x00,
    0x00,0x00,0x00,0x00,0x00,0x00,0x00,0x00,0x00,0x00,0x00,0x00,0x00,0x00,0x00,0x00,
    0x00,0x00,0x00,0x00,0x00,0x00,0x00,0x00,0x00,0x00,0x00,0x00,0x00,0x00,0x00,0x00,
    0x00,0x00,0x00,0x00,0x00,0x00,0x00,0x00,0x00,0x00,0x00,0x00,0x00,0x00,0x00,0x00,
    0x00,0x00,0x00,0x00,0x00,0x00,0x00,0x00,0x00,0x00,0x00,0x00,0x00,0x00,0x00,0x00,
    0x00,0x00,0x00,0x00,0x00,0x00,0x00,0x00,0x00,0x00,0x00,0x00,0x00,0x00,0x00,0x00,
    0x00,0x00,0x00,0x00,0x00,0x00,0x00,0x00,0x00,0x00,0x00,0x00,0x00,0x00,0x00,0x00,
    0x00,0x00,0x00,0x00,0x00,0x00,0x00,0x00,0x00,0x00,0x00,0x00,0x00,0x00,0x00,0x00,
    0x00,0x00,0x00,0x00,0x00,0x00,0x00,0x00,0x00,0x00,0x00,0x00,0x00,0x00,0x00,0x00,
    0x00,0x00,0x00,0x00,0x00,0x00,0x00,0x00,0x00,0x00,0x00,0x00,0x00,0x00,0x00,0x00,
    0x00,0x00,0x00,0x00,0x00,0x00,0x00,0x00,0x00,0x00,0x00,0x00,0x00,0x00,0x00,0x00,
    0x00,0x00,0x00,0x00,0x00,0x00,0x00,0x00,0x00,0x00,0x00,0x00,0x00,0x00,0x00,0x00,
    0x00,0x00,0x00,0x00,0x00,0x00,0x00,0x00,0x00,0x00,0x00,0x00,0x00,0x00,0x00,0x00,
    0x00,0x00,0x00,0x00,0x00,0x00,0x00,0x00,0x00,0x00,0x00,0x00,0x00,0x00,0x00,0x00,
    0x00,0x00,0x00,0x00,0x00,0x00,0x00,0x00,0x00,0x00,0x00,0x00,0x00,0x00,0x00,0x00,
    0x00,0x00,0x00,0x00,0x00,0x00,0x00,0x00,0x00,0x00,0x00,0x00,0x00,0x00,0x00,0x00,
    0x00,0x00,0x00,0x00,0x00,0x00,0x00,0x00,0x00,0x00,0x00,0x00,0x00,0x00,0x00,0x00,
    0x00,0x00,0x00,0x00,0x00,0x00,0x00,0x00,0x00,0x00,0x00,0x00,0x00,0x00,0x00,0x00,
    0x00,0x00,0x00,0x00,0x00,0x00,0x00,0x00,0x00,0x00,0x00,0x00,0x00,0x00,0x00,0x00,
    0x00,0x00,0x00,0x00,0x00,0x00,0x00,0x00,0x00,0x00,0x00,0x00,0x00,0x00,0x00,0x00,
    0x00,0x00,0x00,0x00,0x00,0x00,0x00,0x00,0x00,0x00,0x00,0x00,0x00,0x00,0x00,0x00,
    0x00,0x00,0x00,0x00,0x00,0x00,0x00,0x00,0x00,0x00,0x00,0x00,0x00,0x00,0x00,0x00,
    0x00,0x00,0x00,0x00,0x00,0x00,0x00,0x00,0x00,0x00,0x00,0x00,0x00,0x00,0x00,0x00,
    0x00,0x00,0x00,0x00,0x00,0x00,0x00,0x00,0x00,0x00,0x00,0x00,0x00,0x00,0x00,0x00,
    0x00,0x00,0x00,0x00,0x00,0x00,0x00,0x00,0x00,0x00,0x00,0x00,0x00,0x00,0x00,0x00,
    0x00,0x00,0x00,0x00,0x00,0x00,0x00,0x00,0x00,0x00,0x00,0x00,0x00,0x00,0x00,0x00,
    0x00,0x00,0x00,0x00,0x00,0x00,0x00,0x00,0x00,0x00,0x00,0x00,0x00,0x00,0x00,0x00,
    0x00,0x00,0x00,0x00,0x00,0x00,0x00,0x00,0x00,0x00,0x00,0x00,0x00,0x00,0x00,0x00,
    0x00,0x00,0x00,0x00,0x00,0x00,0x00,0x00,0x00,0x00,0x00,0x00,0x00,0x00,0x00,0x00,
    0x00,0x00,0x00,0x00,0x00,0x00,0x00,0x00,0x00,0x00,0x00,0x00,0x00,0x00,0x00,0x00,
    0x00,0x00,0x00,0x00,0x00,0x00,0x00,0x00,0x00,0x00,0x00,0x00,0x00,0x00,0x00,0x00,
    0x00,0x00,0x00,0x00,0x00,0x00,0x00,0x00,0x00,0x00,0x00,0x00,0x00,0x00,0x00,0x00,
    0x00,0x00,0x00,0x00,0x00,0x00,0x00,0x00,0x00,0x00,0x00,0x00,0x00,0x00,0x00,0x00,
    0x00,0x00,0x00,0x00,0x00,0x00,0x00,0x00,0x00,0x00,0x00,0x00,0x00,0x00,0x00,0x00,
    0x00,0x00,0x00,0x00,0x00,0x00,0x00,0x00,0x00,0x00,0x00,0x00,0x00,0x00,0x00,0x00,
    0x00,0x00,0x00,0x00,0x00,0x00,0x00,0x00,0x00,0x00,0x00,0x00,0x00,0x00,0x00,0x00,
    0x00,0x00,0x00,0x00,0x00,0x00,0x00,0x00,0x00,0x00,0x00,0x00,0x00,0x00,0x00,0x00,
    0x00,0x00,0x00,0x00,0x00,0x00,0x00,0x00,0x00,0x00,0x00,0x00,0x00,0x00,0x00,0x00,
    0x00,0x00,0x00,0x00,0x00,0x00,0x00,0x00,0x00,0x00,0x00,0x00,0x00,0x00,0x00,0x00,
    0x00,0x00,0x00,0x00,0x00,0x00,0x00,0x00,0x00,0x00,0x00,0x00,0x00,0x00,0x00,0x00,
    0x00,0x00,0x00,0x00,0x00,0x00,0x00,0x00,0x00,0x00,0x00,0x00,0x00,0x00,0x00,0x00,
    0x00,0x00,0x00,0x00,0x00,0x00,0x00,0x00,0x00,0x00,0x00,0x00,0x00,0x00,0x00,0x00,
    0x00,0x00,0x00,0x00,0x00,0x00,0x00,0x00,0x00,0x00,0x00,0x00,0x00,0x00,0x00,0x00,
    0x00,0x00,0x00,0x00,0x00,0x00,0x00,0x00,0x00,0x00,0x00,0x00,0x00,0x00,0x00,0x00,
    0x00,0x00,0x00,0x00,0x00,0x00,0x00,0x00,0x00,0x00,0x00,0x00,0x00,0x00,0x00,0x00,
    0x00,0x00,0x00,0x00,0x00,0x00,0x00,0x00,0x00,0x00,0x00,0x00,0x00,0x00,0x00,0x00,
    0x00,0x00,0x00,0x00,0x00,0x00,0x00,0x00,0x00,0x00,0x00,0x00,0x00,0x00,0x00,0x00,
    0x00,0x00,0x00,0x00,0x00,0x00,0x00,0x00,0x00,0x00,0x00,0x00,0x00,0x00,0x00,0x00,
    0x00,0x00,0x00,0x00,0x00,0x00,0x00,0x00,0x00,0x00,0x00,0x00,0x00,0x00,0x00,0x00,
    0x00,0x00,0x00,0x00,0x00,0x00,0x00,0x00,0x00,0x00,0x00,0x00,0x00,0x00,0x00,0x00,
    0x00,0x00,0x00,0x00,0x00,0x00,0x00,0x00,0x00,0x00,0x00,0x00,0x00,0x00,0x00,0x00,
    0x00,0x00,0x00,0x00,0x00,0x00,0x00,0x00,0x00,0x00,0x00,0x00,0x00,0x00,0x00,0x00,
    0x00,0x00,0x00,0x00,0x00,0x00,0x00,0x00,0x00,0x00,0x00,0x00,0x00,0x00,0x00,0x00,
    0x00,0x00,0x00,0x00,0x00,0x00,0x00,0x00,0x00,0x00,0x00,0x00,0x00,0x00,0x00,0x00,
    0x00,0x00,0x00,0x00,0x00,0x00,0x00,0x00,0x00,0x00,0x00,0x00,0x00,0x00,0x00,0x00,
    0x00,0x00,0x00,0x00,0x00,0x00,0x00,0x00,0x00,0x00,0x00,0x00,0x00,0x00,0x00,0x00,
    0x00,0x00,0x00,0x00,0x00,0x00,0x00,0x00,0x00,0x00,0x00,0x00,0x00,0x00,0x00,0x00,
    0x00,0x00,0x00,0x00,0x00,0x00,0x00,0x00,0x00,0x00,0x00,0x00,0x00,0x00,0x00,0x00,
    0x00,0x00,0x00,0x00,0x00,0x00,0x00,0x00,0x00,0x00,0x00,0x00,0x00,0x00,0x00,0x00,
    0x00,0x00,0x00,0x00,0x00,0x00,0x00,0x00,0x00,0x00,0x00,0x00,0x00,0x00,0x00,0x00,
    0x00,0x00,0x00,0x00,0x00,0x00,0x00,0x00,0x00,0x00,0x00,0x00,0x00,0x00,0x00,0x00,
    0x00,0x00,0x00,0x00,0x00,0x00,0x00,0x00,0x00,0x00,0x00,0x00,0x00,0x00,0x00,0x00,
    0x00,0x00,0x00,0x00,0x00,0x00,0x00,0x00,0x00,0x00,0x00,0x00,0x00,0x00,0x00,0x00,
    0x00,0x00,0x00,0x00,0x00,0x00,0x00,0x00,0x00,0x00,0x00,0x00,0x00,0x00,0x00,0x00,
    0x00,0x00,0x00,0x00,0x00,0x00,0x00,0x00,0x00,0x00,0x00,0x00,0x00,0x00,0x00,0x00,
    0x00,0x00,0x00,0x00,0x00,0x00,0x00,0x00,0x00,0x00,0x00,0x00,0x00,0x00,0x00,0x00,
    0x00,0x00,0x00,0x00,0x00,0x00,0x00,0x00,0x00,0x00,0x00,0x00,0x00,0x00,0x00,0x00,
    0x00,0x00,0x00,0x00,0x00,0x00,0x00,0x00,0x00,0x00,0x00,0x00,0x00,0x00,0x00,0x00,
    0x00,0x00,0x00,0x00,0x00,0x00,0x00,0x00,0x00,0x00,0x00,0x00,0x00,0x00,0x00,0x00,
    0x00,0x00,0x00,0x00,0x00,0x00,0x00,0x00,0x00,0x00,0x00,0x00,0x00,0x00,0x00,0x00,
    0x00,0x00,0x00,0x00,0x00,0x00,0x00,0x00,0x00,0x00,0x00,0x00,0x00,0x00,0x00,0x00,
    0x00,0x00,0x00,0x00,0x00,0x00,0x00,0x00,0x00,0x00,0x00,0x00,0x00,0x00,0x00,0x00,
    0x00,0x00,0x00,0x00,0x00,0x00,0x00,0x00,0x00,0x00,0x00,0x00,0x00,0x00,0x00,0x00,
    0x00,0x00,0x00,0x00,0x00,0x00,0x00,0x00,0x00,0x00,0x00,0x00,0x00,0x00,0x00,0x00,
    0x00,0x00,0x00,0x00,0x00,0x00,0x00,0x00,0x00,0x00,0x00,0x00,0x00,0x00,0x00,0x00,
    0x00,0x00,0x00,0x00,0x00,0x00,0x00,0x00,0x00,0x00,0x00,0x00,0x00,0x00,0x00,0x00,
    0x00,0x00,0x00,0x00,0x00,0x00,0x00,0x00,0x00,0x00,0x00,0x00,0x00,0x00,0x00,0x00,
    0x00,0x00,0x00,0x00,0x00,0x00,0x00,0x00,0x00,0x00,0x00,0x00,0x00,0x00,0x00,0x00,
    0x00,0x00,0x00,0x00,0x00,0x00,0x00,0x00,0x00,0x00,0x00,0x00,0x00,0x00,0x00,0x00,
    0x00,0x00,0x00,0x00,0x00,0x00,0x00,0x00,0x00,0x00,0x00,0x00,0x00,0x00,0x00,0x00,
    0x00,0x00,0x00,0x00,0x00,0x00,0x00,0x00,0x00,0x00,0x00,0x00,0x00,0x00,0x00,0x00,
    0x00,0x00,0x00,0x00,0x00,0x00,0x00,0x00,0x00,0x00,0x00,0x00,0x00,0x00,0x00,0x00,
    0x00,0x00,0x00,0x00,0x00,0x00,0x00,0x00,0x00,0x00,0x00,0x00,0x00,0x00,0x00,0x00,
    0x00,0x00,0x00,0x00,0x00,0x00,0x00,0x00,0x00,0x00,0x00,0x00,0x00,0x00,0x00,0x00,
    0x00,0x00,0x00,0x00,0x00,0x00,0x00,0x00,0x00,0x00,0x00,0x00,0x00,0x00,0x00,0x00,
    0x00,0x00,0x00,0x00,0x00,0x00,0x00,0x00,0x00,0x00,0x00,0x00,0x00,0x00,0x00,0x00,
    0x00,0x00,0x00,0x00,0x00,0x00,0x00,0x00,0x00,0x00,0x00,0x00,0x00,0x00,0x00,0x00,
    0x00,0x00,0x00,0x00,0x00,0x00,0x00,0x00,0x00,0x00,0x00,0x00,0x00,0x00,0x00,0x00,
    0x00,0x00,0x00,0x00,0x00,0x00,0x00,0x00,0x00,0x00,0x00,0x00,0x00,0x00,0x00,0x00,
    0x00,0x00,0x00,0x00,0x00,0x00,0x00,0x00,0x00,0x00,0x00,0x00,0x00,0x00,0x00,0x00,
    0x00,0x00,0x00,0x00,0x00,0x00,0x00,0x00,0x00,0x00,0x00,0x00,0x00,0x00,0x00,0x00,
    0x00,0x00,0x00,0x00,0x00,0x00,0x00,0x00,0x00,0x00,0x00,0x00,0x00,0x00,0x00,0x00,
    0x00,0x00,0x00,0x00,0x00,0x00,0x00,0x00,0x00,0x00,0x00,0x00,0x00,0x00,0x00,0x00,
    0x00,0x00,0x00,0x00,0x00,0x00,0x00,0x00,0x00,0x00,0x00,0x00,0x00,0x00,0x00,0x00,
    0x00,0x00,0x00,0x00,0x00,0x00,0x00,0x00,0x00,0x00,0x00,0x00,0x00,0x00,0x00,0x00,
    0x00,0x00,0x00,0x00,0x00,0x00,0x00,0x00,0x00,0x00,0x00,0x00,0x00,0x00,0x00,0x00,
    0x00,0x00,0x00,0x00,0x00,0x00,0x00,0x00,0x00,0x00,0x00,0x00,0x00,0x00,0x00,0x00,
    0x00,0x00,0x00,0x00,0x00,0x00,0x00,0x00,0x00,0x00,0x00,0x00,0x00,0x00,0x00,0x00,
    0x00,0x00,0x00,0x00,0x00,0x00,0x00,0x00,0x00,0x00,0x00,0x00,0x00,0x00,0x00,0x00,
    0x00,0x00,0x00,0x00,0x00,0x00,0x00,0x00,0x00,0x00,0x00,0x00,0x00,0x00,0x00,0x00,
    0x00,0x00,0x00,0x00,0x00,0x00,0x00,0x00,0x00,0x00,0x00,0x00,0x00,0x00,0x00,0x00,
    0x00,0x00,0x00,0x00,0x00,0x00,0x00,0x00,0x00,0x00,0x00,0x00,0x00,0x00,0x00,0x00,
    0x00,0x00,0x00,0x00,0x00,0x00,0x00,0x00,0x00,0x00,0x00,0x00,0x00,0x00,0x00,0x00,
    0x00,0x00,0x00,0x00,0x00,0x00,0x00,0x00,0x00,0x00,0x00,0x00,0x00,0x00,0x00,0x00,
    0x00,0x00,0x00,0x00,0x00,0x00,0x00,0x00,0x00,0x00,0x00,0x00,0x00,0x00,0x00,0x00,
    0x00,0x00,0x00,0x00,0x00,0x00,0x00,0x00,0x00,0x00,0x00,0x00,0x00,0x00,0x00,0x00,
    0x00,0x00,0x00,0x00,0x00,0x00,0x00,0x00,0x00,0x00,0x00,0x00,0x00,0x00,0x00,0x00,
    0x00,0x00,0x00,0x00,0x00,0x00,0x00,0x00,0x00,0x00,0x00,0x00,0x00,0x00,0x00,0x00,
    0x00,0x00,0x00,0x00,0x00,0x00,0x00,0x00,0x00,0x00,0x00,0x00,0x00,0x00,0x00,0x00,
    0x00,0x00,0x00,0x00,0x00,0x00,0x00,0x00,0x00,0x00,0x00,0x00,0x00,0x00,0x00,0x00,
    0x00,0x00,0x00,0x00,0x00,0x00,0x00,0x00,0x00,0x00,0x00,0x00,0x00,0x00,0x00,0x00,
    0x00,0x00,0x00,0x00,0x00,0x00,0x00,0x00,0x00,0x00,0x00,0x00,0x00,0x00,0x00,0x00,
    0x00,0x00,0x00,0x00,0x00,0x00,0x00,0x00,0x00,0x00,0x00,0x00,0x00,0x00,0x00,0x00,
    0x00,0x00,0x00,0x00,0x00,0x00,0x00,0x00,0x00,0x00,0x00,0x00,0x00,0x00,0x00,0x00,
    0x00,0x00,0x00,0x00,0x00,0x00,0x00,0x00,0x00,0x00,0x00,0x00,0x00,0x00,0x00,0x00,
    0x00,0x00,0x00,0x00,0x00,0x00,0x00,0x00,0x00,0x00,0x00,0x00,0x00,0x00,0x00,0x00,
    0x00,0x00,0x00,0x00,0x00,0x00,0x00,0x00,0x00,0x00,0x00,0x00,0x00,0x00,0x00,0x00,
    0x00,0x00,0x00,0x00,0x00,0x00,0x00,0x00,0x00,0x00,0x00,0x00,0x00,0x00,0x00,0x00,
    0x00,0x00,0x00,0x00,0x00,0x00,0x00,0x00,0x00,0x00,0x00,0x00,0x00,0x00,0x00,0x00,
    0x00,0x00,0x00,0x00,0x00,0x00,0x00,0x00,0x00,0x00,0x00,0x00,0x00,0x00,0x00,0x00,
    0x00,0x00,0x00,0x00,0x00,0x00,0x00,0x00,0x00,0x00,0x00,0x00,0x00,0x00,0x00,0x00,
    0x00,0x00,0x00,0x00,0x00,0x00,0x00,0x00,0x00,0x00,0x00,0x00,0x00,0x00,0x00,0x00,
    0x00,0x00,0x00,0x00,0x00,0x00,0x00,0x00,0x00,0x00,0x00,0x00,0x00,0x00,0x00,0x00,
    0x00,0x00,0x00,0x00,0x00,0x00,0x00,0x00,0x00,0x00,0x00,0x00,0x00,0x00,0x00,0x00,
    0x00,0x00,0x00,0x00,0x00,0x00,0x00,0x00,0x00,0x00,0x00,0x00,0x00,0x00,0x00,0x00,
    0x00,0x00,0x00,0x00,0x00,0x00,0x00,0x00,0x00,0x00,0x00,0x00,0x00,0x00,0x00,0x00,
    0x00,0x00,0x00,0x00,0x00,0x00,0x00,0x00,0x00,0x00,0x00,0x00,0x00,0x00,0x00,0x00,
    0x00,0x00,0x00,0x00,0x00,0x00,0x00,0x00,0x00,0x00,0x00,0x00,0x00,0x00,0x00,0x00,
    0x00,0x00,0x00,0x00,0x00,0x00,0x00,0x00,0x00,0x00,0x00,0x00,0x00,0x00,0x00,0x00,
    0x00,0x00,0x00,0x00,0x00,0x00,0x00,0x00,0x00,0x00,0x00,0x00,0x00,0x00,0x00,0x00,
    0x00,0x00,0x00,0x00,0x00,0x00,0x00,0x00,0x00,0x00,0x00,0x00,0x00,0x00,0x00,0x00,
    0x00,0x00,0x00,0x00,0x00,0x00,0x00,0x00,0x00,0x00,0x00,0x00,0x00,0x00,0x00,0x00,
    0x00,0x00,0x00,0x00,0x00,0x00,0x00,0x00,0x00,0x00,0x00,0x00,0x00,0x00,0x00,0x00,
    0x00,0x00,0x00,0x00,0x00,0x00,0x00,0x00,0x00,0x00,0x00,0x00,0x00,0x00,0x00,0x00,
    0x00,0x00,0x00,0x00,0x00,0x00,0x00,0x00,0x00,0x00,0x00,0x00,0x00,0x00,0x00,0x00,
    0x00,0x00,0x00,0x00,0x00,0x00,0x00,0x00,0x00,0x00,0x00,0x00,0x00,0x00,0x00,0x00,
    0x00,0x00,0x00,0x00,0x00,0x00,0x00,0x00,0x00,0x00,0x00,0x00,0x00,0x00,0x00,0x00,
    0x00,0x00,0x00,0x00,0x00,0x00,0x00,0x00,0x00,0x00,0x00,0x00,0x00,0x00,0x00,0x00,
    0x00,0x00,0x00,0x00,0x00,0x00,0x00,0x00,0x00,0x00,0x00,0x00,0x00,0x00,0x00,0x00,
    0x00,0x00,0x00,0x00,0x00,0x00,0x00,0x00,0x00,0x00,0x00,0x00,0x00,0x00,0x00,0x00,
    0x00,0x00,0x00,0x00,0x00,0x00,0x00,0x00,0x00,0x00,0x00,0x00,0x00,0x00,0x00,0x00,
    0x00,0x00,0x00,0x00,0x00,0x00,0x00,0x00,0x00,0x00,0x00,0x00,0x00,0x00,0x00,0x00,
    0x00,0x00,0x00,0x00,0x00,0x00,0x00,0x00,0x00,0x00,0x00,0x00,0x00,0x00,0x00,0x00,
    0x00,0x00,0x00,0x00,0x00,0x00,0x00,0x00,0x00,0x00,0x00,0x00,0x00,0x00,0x00,0x00,
    0x00,0x00,0x00,0x00,0x00,0x00,0x00,0x00,0x00,0x00,0x00,0x00,0x00,0x00,0x00,0x00,
    0x00,0x00,0x00,0x00,0x00,0x00,0x00,0x00,0x00,0x00,0x00,0x00,0x00,0x00,0x00,0x00,
    0x00,0x00,0x00,0x00,0x00,0x00,0x00,0x00,0x00,0x00,0x00,0x00,0x00,0x00,0x00,0x00,
    0x00,0x00,0x00,0x00,0x00,0x00,0x00,0x00,0x00,0x00,0x00,0x00,0x00,0x00,0x00,0x00,
    0x00,0x00,0x00,0x00,0x00,0x00,0x00,0x00,0x00,0x00,0x00,0x00,0x00,0x00,0x00,0x00,
    0x00,0x00,0x00,0x00,0x00,0x00,0x00,0x00,0x00,0x00,0x00,0x00,0x00,0x00,0x00,0x00,
    0x00,0x00,0x00,0x00,0x00,0x00,0x00,0x00,0x00,0x00,0x00,0x00,0x00,0x00,0x00,0x00,
    0x00,0x00,0x00,0x00,0x00,0x00,0x00,0x00,0x00,0x00,0x00,0x00,0x00,0x00,0x00,0x00,
    0x00,0x00,0x00,0x00,0x00,0x00,0x00,0x00,0x00,0x00,0x00,0x00,0x00,0x00,0x00,0x00,
    0x00,0x00,0x00,0x00,0x00,0x00,0x00,0x00,0x00,0x00,0x00,0x00,0x00,0x00,0x00,0x00,
    0x00,0x00,0x00,0x00,0x00,0x00,0x00,0x00,0x00,0x00,0x00,0x00,0x00,0x00,0x00,0x00,
    0x00,0x00,0x00,0x00,0x00,0x00,0x00,0x00,0x00,0x00,0x00,0x00,0x00,0x00,0x00,0x00,
    0x00,0x00,0x00,0x00,0x00,0x00,0x00,0x00,0x00,0x00,0x00,0x00,0x00,0x00,0x00,0x00,
    0x00,0x00,0x00,0x00,0x00,0x00,0x00,0x00,0x00,0x00,0x00,0x00,0x00,0x00,0x00,0x00,
    0x00,0x00,0x00,0x00,0x00,0x00,0x00,0x00,0x00,0x00,0x00,0x00,0x00,0x00,0x00,0x00,
    0x00,0x00,0x00,0x00,0x00,0x00,0x00,0x00,0x00,0x00,0x00,0x00,0x00,0x00,0x00,0x00,
    0x00,0x00,0x00,0x00,0x00,0x00,0x00,0x00,0x00,0x00,0x00,0x00,0x00,0x00,0x00,0x00,
    0x00,0x00,0x00,0x00,0x00,0x00,0x00,0x00,0x00,0x00,0x00,0x00,0x00,0x00,0x00,0x00,
    0x00,0x00,0x00,0x00,0x00,0x00,0x00,0x00,0x00,0x00,0x00,0x00,0x00,0x00,0x00,0x00,
    0x00,0x00,0x00,0x00,0x00,0x00,0x00,0x00,0x00,0x00,0x00,0x00,0x00,0x00,0x00,0x00,
    0x00,0x00,0x00,0x00,0x00,0x00,0x00,0x00,0x00,0x00,0x00,0x00,0x00,0x00,0x00,0x00,
    0x00,0x00,0x00,0x00,0x00,0x00,0x00,0x00,0x00,0x00,0x00,0x00,0x00,0x00,0x00,0x00,
    0x00,0x00,0x00,0x00,0x00,0x00,0x00,0x00,0x00,0x00,0x00,0x00,0x00,0x00,0x00,0x00,
    0x00,0x00,0x00,0x00,0x00,0x00,0x00,0x00,0x00,0x00,0x00,0x00,0x00,0x00,0x00,0x00,
    0x00,0x00,0x00,0x00,0x00,0x00,0x00,0x00,0x00,0x00,0x00,0x00,0x00,0x00,0x00,0x00,
    0x00,0x00,0x00,0x00,0x00,0x00,0x00,0x00,0x00,0x00,0x00,0x00,0x00,0x00,0x00,0x00,
    0x00,0x00,0x00,0x00,0x00,0x00,0x00,0x00,0x00,0x00,0x00,0x00,0x00,0x00,0x00,0x00,
    0x00,0x00,0x00,0x00,0x00,0x00,0x00,0x00,0x00,0x00,0x00,0x00,0x00,0x00,0x00,0x00,
    0x00,0x00,0x00,0x00,0x00,0x00,0x00,0x00,0x00,0x00,0x00,0x00,0x00,0x00,0x00,0x00,
    0x00,0x00,0x00,0x00,0x00,0x00,0x00,0x00,0x00,0x00,0x00,0x00,0x00,0x00,0x00,0x00,
    0x00,0x00,0x00,0x00,0x00,0x00,0x00,0x00,0x00,0x00,0x00,0x00,0x00,0x00,0x00,0x00,
    0x00,0x00,0x00,0x00,0x00,0x00,0x00,0x00,0x00,0x00,0x00,0x00,0x00,0x00,0x00,0x00,
    0x00,0x00,0x00,0x00,0x00,0x00,0x00,0x00,0x00,0x00,0x00,0x00,0x00,0x00,0x00,0x00,
    0x00,0x00,0x00,0x00,0x00,0x00,0x00,0x00,0x00,0x00,0x00,0x00,0x00,0x00,0x00,0x00,
    0x00,0x00,0x00,0x00,0x00,0x00,0x00,0x00,0x00,0x00,0x00,0x00,0x00,0x00,0x00,0x00,
    0x00,0x00,0x00,0x00,0x00,0x00,0x00,0x00,0x00,0x00,0x00,0x00,0x00,0x00,0x00,0x00,
    0x00,0x00,0x00,0x00,0x00,0x00,0x00,0x00,0x00,0x00,0x00,0x00,0x00,0x00,0x00,0x00,
    0x00,0x00,0x00,0x00,0x00,0x00,0x00,0x00,0x00,0x00,0x00,0x00,0x00,0x00,0x00,0x00,
    0x00,0x00,0x00,0x00,0x00,0x00,0x00,0x00,0x00,0x00,0x00,0x00,0x00,0x00,0x00,0x00,
    0x00,0x00,0x00,0x00,0x00,0x00,0x00,0x00,0x00,0x00,0x00,0x00,0x00,0x00,0x00,0x00,
    0x00,0x00,0x00,0x00,0x00,0x00,0x00,0x00,0x00,0x00,0x00,0x00,0x00,0x00,0x00,0x00,
    0x00,0x00,0x00,0x00,0x00,0x00,0x00,0x00,0x00,0x00,0x00,0x00,0x00,0x00,0x00,0x00,
    0x00,0x00,0x00,0x00,0x00,0x00,0x00,0x00,0x00,0x00,0x00,0x00,0x00,0x00,0x00,0x00,
    0x00,0x00,0x00,0x00,0x00,0x00,0x00,0x00,0x00,0x00,0x00,0x00,0x00,0x00,0x00,0x00,
    0x00,0x00,0x00,0x00,0x00,0x00,0x00,0x00,0x00,0x00,0x00,0x00,0x00,0x00,0x00,0x00,
    0x00,0x00,0x00,0x00,0x00,0x00,0x00,0x00,0x00,0x00,0x00,0x00,0x00,0x00,0x00,0x00,
    0x00,0x00,0x00,0x00,0x00,0x00,0x00,0x00,0x00,0x00,0x00,0x00,0x00,0x00,0x00,0x00,
    0x00,0x00,0x00,0x00,0x00,0x00,0x00,0x00,0x00,0x00,0x00,0x00,0x00,0x00,0x00,0x00,
    0x00,0x00,0x00,0x00,0x00,0x00,0x00,0x00,0x00,0x00,0x00,0x00,0x00,0x00,0x00,0x00,
    0x00,0x00,0x00,0x00,0x00,0x00,0x00,0x00,0x00,0x00,0x00,0x00,0x00,0x00,0x00,0x00,
    0x00,0x00,0x00,0x00,0x00,0x00,0x00,0x00,0x00,0x00,0x00,0x00,0x00,0x00,0x00,0x00,
    0x00,0x00,0x00,0x00,0x00,0x00,0x00,0x00,0x00,0x00,0x00,0x00,0x00,0x00,0x00,0x00,
    0x00,0x00,0x00,0x00,0x00,0x00,0x00,0x00,0x00,0x00,0x00,0x00,0x00,0x00,0x00,0x00,
    0x00,0x00,0x00,0x00,0x00,0x00,0x00,0x00,0x00,0x00,0x00,0x00,0x00,0x00,0x00,0x00,
    0x00,0x00,0x00,0x00,0x00,0x00,0x00,0x00,0x00,0x00,0x00,0x00,0x00,0x00,0x00,0x00,
    0x00,0x00,0x00,0x00,0x00,0x00,0x00,0x00,0x00,0x00,0x00,0x00,0x00,0x00,0x00,0x00,
    0x00,0x00,0x00,0x00,0x00,0x00,0x00,0x00,0x00,0x00,0x00,0x00,0x00,0x00,0x00,0x00,
    0x00,0x00,0x00,0x00,0x00,0x00,0x00,0x00,0x00,0x00,0x00,0x00,0x00,0x00,0x00,0x00,
    0x00,0x00,0x00,0x00,0x00,0x00,0x00,0x00,0x00,0x00,0x00,0x00,0x00,0x00,0x00,0x00,
    0x00,0x00,0x00,0x00,0x00,0x00,0x00,0x00,0x00,0x00,0x00,0x00,0x00,0x00,0x00,0x00,
    0x00,0x00,0x00,0x00,0x00,0x00,0x00,0x00,0x00,0x00,0x00,0x00,0x00,0x00,0x00,0x00,
    0x00,0x00,0x00,0x00,0x00,0x00,0x00,0x00,0x00,0x00,0x00,0x00,0x00,0x00,0x00,0x00,
    0x00,0x00,0x00,0x00,0x00,0x00,0x00,0x00,0x00,0x00,0x00,0x00,0x00,0x00,0x00,0x00,
    0x00,0x00,0x00,0x00,0x00,0x00,0x00,0x00,0x00,0x00,0x00,0x00,0x00,0x00,0x00,0x00,
    0x00,0x00,0x00,0x00,0x00,0x00,0x00,0x00,0x00,0x00,0x00,0x00,0x00,0x00,0x00,0x00,
    0x00,0x00,0x00,0x00,0x00,0x00,0x00,0x00,0x00,0x00,0x00,0x00,0x00,0x00,0x00,0x00,
    0x00,0x00,0x00,0x00,0x00,0x00,0x00,0x00,0x00,0x00,0x00,0x00,0x00,0x00,0x00,0x00,
    0x00,0x00,0x00,0x00,0x00,0x00,0x00,0x00,0x00,0x00,0x00,0x00,0x00,0x00,0x00,0x00,
    0x00,0x00,0x00,0x00,0x00,0x00,0x00,0x00,0x00,0x00,0x00,0x00,0x00,0x00,0x00,0x00,
    0x00,0x00,0x00,0x00,0x00,0x00,0x00,0x00,0x00,0x00,0x00,0x00,0x00,0x00,0x00,0x00,
    0x00,0x00,0x00,0x00,0x00,0x00,0x00,0x00,0x00,0x00,0x00,0x00,0x00,0x00,0x00,0x00,
    0x00,0x00,0x00,0x00,0x00,0x00,0x00,0x00,0x00,0x00,0x00,0x00,0x00,0x00,0x00,0x00,
    0x00,0x00,0x00,0x00,0x00,0x00,0x00,0x00,0x00,0x00,0x00,0x00,0x00,0x00,0x00,0x00,
    0x00,0x00,0x00,0x00,0x00,0x00,0x00,0x00,0x00,0x00,0x00,0x00,0x00,0x00,0x00,0x00,
    0x00,0x00,0x00,0x00,0x00,0x00,0x00,0x00,0x00,0x00,0x00,0x00,0x00,0x00,0x00,0x00,
    0x00,0x00,0x00,0x00,0x00,0x00,0x00,0x00,0x00,0x00,0x00,0x00,0x00,0x00,0x00,0x00,
    0x00,0x00,0x00,0x00,0x00,0x00,0x00,0x00,0x00,0x00,0x00,0x00,0x00,0x00,0x00,0x00,
    0x00,0x00,0x00,0x00,0x00,0x00,0x00,0x00,0x00,0x00,0x00,0x00,0x00,0x00,0x00,0x00,
    0x00,0x00,0x00,0x00,0x00,0x00,0x00,0x00,0x00,0x00,0x00,0x00,0x00,0x00,0x00,0x00,
    0x00,0x00,0x00,0x00,0x00,0x00,0x00,0x00,0x00,0x00,0x00,0x00,0x00,0x00,0x00,0x00,
    0x00,0x00,0x00,0x00,0x00,0x00,0x00,0x00,0x00,0x00,0x00,0x00,0x00,0x00,0x00,0x00,
    0x00,0x00,0x00,0x00,0x00,0x00,0x00,0x00,0x00,0x00,0x00,0x00,0x00,0x00,0x00,0x00,
    0x00,0x00,0x00,0x00,0x00,0x00,0x00,0x00,0x00,0x00,0x00,0x00,0x00,0x00,0x00,0x00,
    0x00,0x00,0x00,0x00,0x00,0x00,0x00,0x00,0x00,0x00,0x00,0x00,0x00,0x00,0x00,0x00,
    0x00,0x00,0x00,0x00,0x00,0x00,0x00,0x00,0x00,0x00,0x00,0x00,0x00,0x00,0x00,0x00,
    0x00,0x00,0x00,0x00,0x00,0x00,0x00,0x00,0x00,0x00,0x00,0x00,0x00,0x00,0x00,0x00,
    0x00,0x00,0x00,0x00,0x00,0x00,0x00,0x00,0x00,0x00,0x00,0x00,0x00,0x00,0x00,0x00,
    0x00,0x00,0x00,0x00,0x00,0x00,0x00,0x00,0x00,0x00,0x00,0x00,0x00,0x00,0x00,0x00,
    0x00,0x00,0x00,0x00,0x00,0x00,0x00,0x00,0x00,0x00,0x00,0x00,0x00,0x00,0x00,0x00,
    0x00,0x00,0x00,0x00,0x00,0x00,0x00,0x00,0x00,0x00,0x00,0x00,0x00,0x00,0x00,0x00,
    0x00,0x00,0x00,0x00,0x00,0x00,0x00,0x00,0x00,0x00,0x00,0x00,0x00,0x00,0x00,0x00,
    0x00,0x00,0x00,0x00,0x00,0x00,0x00,0x00,0x00,0x00,0x00,0x00,0x00,0x00,0x00,0x00,
    0x00,0x00,0x00,0x00,0x00,0x00,0x00,0x00,0x00,0x00,0x00,0x00,0x00,0x00,0x00,0x00,
    0x00,0x00,0x00,0x00,0x00,0x00,0x00,0x00,0x00,0x00,0x00,0x00,0x00,0x00,0x00,0x00,
    0x00,0x00,0x00,0x00,0x00,0x00,0x00,0x00,0x00,0x00,0x00,0x00,0x00,0x00,0x00,0x00,
    0x00,0x00,0x00,0x00,0x00,0x00,0x00,0x00,0x00,0x00,0x00,0x00,0x00,0x00,0x00,0x00,
    0x00,0x00,0x00,0x00,0x00,0x00,0x00,0x00,0x00,0x00,0x00,0x00,0x00,0x00,0x00,0x00,
    0x00,0x00,0x00,0x00,0x00,0x00,0x00,0x00,0x00,0x00,0x00,0x00,0x00,0x00,0x00,0x00,
    0x00,0x00,0x00,0x00,0x00,0x00,0x00,0x00,0x00,0x00,0x00,0x00,0x00,0x00,0x00,0x00,
    0x00,0x00,0x00,0x00,0x00,0x00,0x00,0x00,0x00,0x00,0x00,0x00,0x00,0x00,0x00,0x00,
    0x00,0x00,0x00,0x00,0x00,0x00,0x00,0x00,0x00,0x00,0x00,0x00,0x00,0x00,0x00,0x00,
    0x00,0x00,0x00,0x00,0x00,0x00,0x00,0x00,0x00,0x00,0x00,0x00,0x00,0x00,0x00,0x00,
    0x00,0x00,0x00,0x00,0x00,0x00,0x00,0x00,0x00,0x00,0x00,0x00,0x00,0x00,0x00,0x00,
    0x00,0x00,0x00,0x00,0x00,0x00,0x00,0x00,0x00,0x00,0x00,0x00,0x00,0x00,0x00,0x00,
    0x00,0x00,0x00,0x00,0x00,0x00,0x00,0x00,0x00,0x00,0x00,0x00,0x00,0x00,0x00,0x00,
    0x00,0x00,0x00,0x00,0x00,0x00,0x00,0x00,0x00,0x00,0x00,0x00,0x00,0x00,0x00,0x00,
    0x00,0x00,0x00,0x00,0x00,0x00,0x00,0x00,0x00,0x00,0x00,0x00,0x00,0x00,0x00,0x00,
    0x00,0x00,0x00,0x00,0x00,0x00,0x00,0x00,0x00,0x00,0x00,0x00,0x00,0x00,0x00,0x00,
    0x00,0x00,0x00,0x00,0x00,0x00,0x00,0x00,0x00,0x00,0x00,0x00,0x00,0x00,0x00,0x00,
    0x00,0x00,0x00,0x00,0x00,0x00,0x00,0x00,0x00,0x00,0x00,0x00,0x00,0x00,0x00,0x00,
    0x00,0x00,0x00,0x00,0x00,0x00,0x00,0x00,0x00,0x00,0x00,0x00,0x00,0x00,0x00,0x00,
    0x00,0x00,0x00,0x00,0x00,0x00,0x00,0x00,0x00,0x00,0x00,0x00,0x00,0x00,0x00,0x00,
    0x00,0x00,0x00,0x00,0x00,0x00,0x00,0x00,0x00,0x00,0x00,0x00,0x00,0x00,0x00,0x00,
    0x00,0x00,0x00,0x00,0x00,0x00,0x00,0x00,0x00,0x00,0x00,0x00,0x00,0x00,0x00,0x00,
    0x00,0x00,0x00,0x00,0x00,0x00,0x00,0x00,0x00,0x00,0x00,0x00,0x00,0x00,0x00,0x00,
    0x00,0x00,0x00,0x00,0x00,0x00,0x00,0x00,0x00,0x00,0x00,0x00,0x00,0x00,0x00,0x00,
    0x00,0x00,0x00,0x00,0x00,0x00,0x00,0x00,0x00,0x00,0x00,0x00,0x00,0x00,0x00,0x00,
    0x00,0x00,0x00,0x00,0x00,0x00,0x00,0x00,0x00,0x00,0x00,0x00,0x00,0x00,0x00,0x00,
    0x00,0x00,0x00,0x00,0x00,0x00,0x00,0x00,0x00,0x00,0x00,0x00,0x00,0x00,0x00,0x00,
    0x00,0x00,0x00,0x00,0x00,0x00,0x00,0x00,0x00,0x00,0x00,0x00,0x00,0x00,0x00,0x00,
    0x00,0x00,0x00,0x00,0x00,0x00,0x00,0x00,0x00,0x00,0x00,0x00,0x00,0x00,0x00,0x00,
    0x00,0x00,0x00,0x00,0x00,0x00,0x00,0x00,0x00,0x00,0x00,0x00,0x00,0x00,0x00,0x00,
    0x00,0x00,0x00,0x00,0x00,0x00,0x00,0x00,0x00,0x00,0x00,0x00,0x00,0x00,0x00,0x00,
    0x00,0x00,0x00,0x00,0x00,0x00,0x00,0x00,0x00,0x00,0x00,0x00,0x00,0x00,0x00,0x00,
    0x00,0x00,0x00,0x00,0x00,0x00,0x00,0x00,0x00,0x00,0x00,0x00,0x00,0x00,0x00,0x00,
    0x00,0x00,0x00,0x00,0x00,0x00,0x00,0x00,0x00,0x00,0x00,0x00,0x00,0x00,0x00,0x00,
    0x00,0x00,0x00,0x00,0x00,0x00,0x00,0x00,0x00,0x00,0x00,0x00,0x00,0x00,0x00,0x00,
    0x00,0x00,0x00,0x00,0x00,0x00,0x00,0x00,0x00,0x00,0x00,0x00,0x00,0x00,0x00,0x00,
    0x00,0x00,0x00,0x00,0x00,0x00,0x00,0x00,0x00,0x00,0x00,0x00,0x00,0x00,0x00,0x00,
    0x00,0x00,0x00,0x00,0x00,0x00,0x00,0x00,0x00,0x00,0x00,0x00,0x00,0x00,0x00,0x00,
    0x00,0x00,0x00,0x00,0x00,0x00,0x00,0x00,0x00,0x00,0x00,0x00,0x00,0x00,0x00,0x00,
    0x00,0x00,0x00,0x00,0x00,0x00,0x00,0x00,0x00,0x00,0x00,0x00,0x00,0x00,0x00,0x00,
    0x00,0x00,0x00,0x00,0x00,0x00,0x00,0x00,0x00,0x00,0x00,0x00,0x00,0x00,0x00,0x00,
    0x00,0x00,0x00,0x00,0x00,0x00,0x00,0x00,0x00,0x00,0x00,0x00,0x00,0x00,0x00,0x00,
    0x00,0x00,0x00,0x00,0x00,0x00,0x00,0x00,0x00,0x00,0x00,0x00,0x00,0x00,0x00,0x00,
    0x00,0x00,0x00,0x00,0x00,0x00,0x00,0x00,0x00,0x00,0x00,0x00,0x00,0x00,0x00,0x00,
    0x00,0x00,0x00,0x00,0x00,0x00,0x00,0x00,0x00,0x00,0x00,0x00,0x00,0x00,0x00,0x00,
    0x00,0x00,0x00,0x00,0x00,0x00,0x00,0x00,0x00,0x00,0x00,0x00,0x00,0x00,0x00,0x00,
    0x00,0x00,0x00,0x00,0x00,0x00,0x00,0x00,0x00,0x00,0x00,0x00,0x00,0x00,0x00,0x00,
    0x00,0x00,0x00,0x00,0x00,0x00,0x00,0x00,0x00,0x00,0x00,0x00,0x00,0x00,0x00,0x00,
    0x00,0x00,0x00,0x00,0x00,0x00,0x00,0x00,0x00,0x00,0x00,0x00,0x00,0x00,0x00,0x00,
    0x00,0x00,0x00,0x00,0x00,0x00,0x00,0x00,0x00,0x00,0x00,0x00,0x00,0x00,0x00,0x00,
    0x00,0x00,0x00,0x00,0x00,0x00,0x00,0x00,0x00,0x00,0x00,0x00,0x00,0x00,0x00,0x00,
    0x00,0x00,0x00,0x00,0x00,0x00,0x00,0x00,0x00,0x00,0x00,0x00,0x00,0x00,0x00,0x00,
    0x00,0x00,0x00,0x00,0x00,0x00,0x00,0x00,0x00,0x00,0x00,0x00,0x00,0x00,0x00,0x00,
    0x00,0x00,0x00,0x00,0x00,0x00,0x00,0x00,0x00,0x00,0x00,0x00,0x00,0x00,0x00,0x00,
    0x00,0x00,0x00,0x00,0x00,0x00,0x00,0x00,0x00,0x00,0x00,0x00,0x00,0x00,0x00,0x00,
    0x00,0x00,0x00,0x00,0x00,0x00,0x00,0x00,0x00,0x00,0x00,0x00,0x00,0x00,0x00,0x00,
    0x00,0x00,0x00,0x00,0x00,0x00,0x00,0x00,0x00,0x00,0x00,0x00,0x00,0x00,0x00,0x00,
    0x00,0x00,0x00,0x00,0x00,0x00,0x00,0x00,0x00,0x00,0x00,0x00,0x00,0x00,0x00,0x00,
    0x00,0x00,0x00,0x00,0x00,0x00,0x00,0x00,0x00,0x00,0x00,0x00,0x00,0x00,0x00,0x00,
    0x00,0x00,0x00,0x00,0x00,0x00,0x00,0x00,0x00,0x00,0x00,0x00,0x00,0x00,0x00,0x00,
    0x00,0x00,0x00,0x00,0x00,0x00,0x00,0x00,0x00,0x00,0x00,0x00,0x00,0x00,0x00,0x00,
    0x00,0x00,0x00,0x00,0x00,0x00,0x00,0x00,0x00,0x00,0x00,0x00,0x00,0x00,0x00,0x00,
    0x00,0x00,0x00,0x00,0x00,0x00,0x00,0x00,0x00,0x00,0x00,0x00,0x00,0x00,0x00,0x00,
    0x00,0x00,0x00,0x00,0x00,0x00,0x00,0x00,0x00,0x00,0x00,0x00,0x00,0x00,0x00,0x00,
    0x00,0x00,0x00,0x00,0x00,0x00,0x00,0x00,0x00,0x00,0x00,0x00,0x00,0x00,0x00,0x00,
    0x00,0x00,0x00,0x00,0x00,0x00,0x00,0x00,0x00,0x00,0x00,0x00,0x00,0x00,0x00,0x00,
    0x00,0x00,0x00,0x00,0x00,0x00,0x00,0x00,0x00,0x00,0x00,0x00,0x00,0x00,0x00,0x00,
    0x00,0x00,0x00,0x00,0x00,0x00,0x00,0x00,0x00,0x00,0x00,0x00,0x00,0x00,0x00,0x00,
    0x00,0x00,0x00,0x00,0x00,0x00,0x00,0x00,0x00,0x00,0x00,0x00,0x00,0x00,0x00,0x00,
    0x00,0x00,0x00,0x00,0x00,0x00,0x00,0x00,0x00,0x00,0x00,0x00,0x00,0x00,0x00,0x00,
    0x00,0x00,0x00,0x00,0x00,0x00,0x00,0x00,0x00,0x00,0x00,0x00,0x00,0x00,0x00,0x00,
    0x00,0x00,0x00,0x00,0x00,0x00,0x00,0x00,0x00,0x00,0x00,0x00,0x00,0x00,0x00,0x00,
    0x00,0x00,0x00,0x00,0x00,0x00,0x00,0x00,0x00,0x00,0x00,0x00,0x00,0x00,0x00,0x00,
    0x00,0x00,0x00,0x00,0x00,0x00,0x00,0x00,0x00,0x00,0x00,0x00,0x00,0x00,0x00,0x00,
    0x00,0x00,0x00,0x00,0x00,0x00,0x00,0x00,0x00,0x00,0x00,0x00,0x00,0x00,0x00,0x00,
    0x00,0x00,0x00,0x00,0x00,0x00,0x00,0x00,0x00,0x00,0x00,0x00,0x00,0x00,0x00,0x00,
    0x00,0x00,0x00,0x00,0x00,0x00,0x00,0x00,0x00,0x00,0x00,0x00,0x00,0x00,0x00,0x00,
    0x00,0x00,0x00,0x00,0x00,0x00,0x00,0x00,0x00,0x00,0x00,0x00,0x00,0x00,0x00,0x00,
    0x00,0x00,0x00,0x00,0x00,0x00,0x00,0x00,0x00,0x00,0x00,0x00,0x00,0x00,0x00,0x00,
    0x00,0x00,0x00,0x00,0x00,0x00,0x00,0x00,0x00,0x00,0x00,0x00,0x00,0x00,0x00,0x00,
    0x00,0x00,0x00,0x00,0x00,0x00,0x00,0x00,0x00,0x00,0x00,0x00,0x00,0x00,0x00,0x00,
    0x00,0x00,0x00,0x00,0x00,0x00,0x00,0x00,0x00,0x00,0x00,0x00,0x00,0x00,0x00,0x00,
    0x00,0x00,0x00,0x00,0x00,0x00,0x00,0x00,0x00,0x00,0x00,0x00,0x00,0x00,0x00,0x00,
    0x00,0x00,0x00,0x00,0x00,0x00,0x00,0x00,0x00,0x00,0x00,0x00,0x00,0x00,0x00,0x00,
    0x00,0x00,0x00,0x00,0x00,0x00,0x00,0x00,0x00,0x00,0x00,0x00,0x00,0x00,0x00,0x00,
    0x00,0x00,0x00,0x00,0x00,0x00,0x00,0x00,0x00,0x00,0x00,0x00,0x00,0x00,0x00,0x00,
    0x00,0x00,0x00,0x00,0x00,0x00,0x00,0x00,0x00,0x00,0x00,0x00,0x00,0x00,0x00,0x00,
    0x00,0x00,0x00,0x00,0x00,0x00,0x00,0x00,0x00,0x00,0x00,0x00,0x00,0x00,0x00,0x00,
    0x00,0x00,0x00,0x00,0x00,0x00,0x00,0x00,0x00,0x00,0x00,0x00,0x00,0x00,0x00,0x00,
    0x00,0x00,0x00,0x00,0x00,0x00,0x00,0x00,0x00,0x00,0x00,0x00,0x00,0x00,0x00,0x00,
    0x00,0x00,0x00,0x00,0x00,0x00,0x00,0x00,0x00,0x00,0x00,0x00,0x00,0x00,0x00,0x00,
    0x00,0x00,0x00,0x00,0x00,0x00,0x00,0x00,0x00,0x00,0x00,0x00,0x00,0x00,0x00,0x00,
    0x00,0x00,0x00,0x00,0x00,0x00,0x00,0x00,0x00,0x00,0x00,0x00,0x00,0x00,0x00,0x00,
    0x00,0x00,0x00,0x00,0x00,0x00,0x00,0x00,0x00,0x00,0x00,0x00,0x00,0x00,0x00,0x00,
    0x00,0x00,0x00,0x00,0x00,0x00,0x00,0x00,0x00,0x00,0x00,0x00,0x00,0x00,0x00,0x00,
    0x00,0x00,0x00,0x00,0x00,0x00,0x00,0x00,0x00,0x00,0x00,0x00,0x00,0x00,0x00,0x00,
    0x00,0x00,0x00,0x00,0x00,0x00,0x00,0x00,0x00,0x00,0x00,0x00,0x00,0x00,0x00,0x00,
    0x00,0x00,0x00,0x00,0x00,0x00,0x00,0x00,0x00,0x00,0x00,0x00,0x00,0x00,0x00,0x00,
    0x00,0x00,0x00,0x00,0x00,0x00,0x00,0x00,0x00,0x00,0x00,0x00,0x00,0x00,0x00,0x00,
    0x00,0x00,0x00,0x00,0x00,0x00,0x00,0x00,0x00,0x00,0x00,0x00,0x00,0x00,0x00,0x00,
    0x00,0x00,0x00,0x00,0x00,0x00,0x00,0x00,0x00,0x00,0x00,0x00,0x00,0x00,0x00,0x00,
    0x00,0x00,0x00,0x00,0x00,0x00,0x00,0x00,0x00,0x00,0x00,0x00,0x00,0x00,0x00,0x00,
    0x00,0x00,0x00,0x00,0x00,0x00,0x00,0x00,0x00,0x00,0x00,0x00,0x00,0x00,0x00,0x00,
    0x00,0x00,0x00,0x00,0x00,0x00,0x00,0x00,0x00,0x00,0x00,0x00,0x00,0x00,0x00,0x00,
    0x00,0x00,0x00,0x00,0x00,0x00,0x00,0x00,0x00,0x00,0x00,0x00,0x00,0x00,0x00,0x00,
    0x00,0x00,0x00,0x00,0x00,0x00,0x00,0x00,0x00,0x00,0x00,0x00,0x00,0x00,0x00,0x00,
    0x00,0x00,0x00,0x00,0x00,0x00,0x00,0x00,0x00,0x00,0x00,0x00,0x00,0x00,0x00,0x00,
    0x00,0x00,0x00,0x00,0x00,0x00,0x00,0x00,0x00,0x00,0x00,0x00,0x00,0x00,0x00,0x00,
    0x00,0x00,0x00,0x00,0x00,0x00,0x00,0x00,0x00,0x00,0x00,0x00,0x00,0x00,0x00,0x00,
    0x00,0x00,0x00,0x00,0x00,0x00,0x00,0x00,0x00,0x00,0x00,0x00,0x00,0x00,0x00,0x00,
    0x00,0x00,0x00,0x00,0x00,0x00,0x00,0x00,0x00,0x00,0x00,0x00,0x00,0x00,0x00,0x00,
    0x00,0x00,0x00,0x00,0x00,0x00,0x00,0x00,0x00,0x00,0x00,0x00,0x00,0x00,0x00,0x00,
    0x00,0x00,0x00,0x00,0x00,0x00,0x00,0x00,0x00,0x00,0x00,0x00,0x00,0x00,0x00,0x00,
    0x00,0x00,0x00,0x00,0x00,0x00,0x00,0x00,0x00,0x00,0x00,0x00,0x00,0x00,0x00,0x00,
    0x00,0x00,0x00,0x00,0x00,0x00,0x00,0x00,0x00,0x00,0x00,0x00,0x00,0x00,0x00,0x00,
    0x00,0x00,0x00,0x00,0x00,0x00,0x00,0x00,0x00,0x00,0x00,0x00,0x00,0x00,0x00,0x00,
    0x00,0x00,0x00,0x00,0x00,0x00,0x00,0x00,0x00,0x00,0x00,0x00,0x00,0x00,0x00,0x00,
    0x00,0x00,0x00,0x00,0x00,0x00,0x00,0x00,0x00,0x00,0x00,0x00,0x00,0x00,0x00,0x00,
    0x00,0x00,0x00,0x00,0x00,0x00,0x00,0x00,0x00,0x00,0x00,0x00,0x00,0x00,0x00,0x00,
    0x00,0x00,0x00,0x00,0x00,0x00,0x00,0x00,0x00,0x00,0x00,0x00,0x00,0x00,0x00,0x00,
    0x00,0x00,0x00,0x00,0x00,0x00,0x00,0x00,0x00,0x00,0x00,0x00,0x00,0x00,0x00,0x00,
    0x00,0x00,0x00,0x00,0x00,0x00,0x00,0x00,0x00,0x00,0x00,0x00,0x00,0x00,0x00,0x00,
    0x00,0x00,0x00,0x00,0x00,0x00,0x00,0x00,0x00,0x00,0x00,0x00,0x00,0x00,0x00,0x00,
    0x00,0x00,0x00,0x00,0x00,0x00,0x00,0x00,0x00,0x00,0x00,0x00,0x00,0x00,0x00,0x00,
    0x00,0x00,0x00,0x00,0x00,0x00,0x00,0x00,0x00,0x00,0x00,0x00,0x00,0x00,0x00,0x00,
    0x00,0x00,0x00,0x00,0x00,0x00,0x00,0x00,0x00,0x00,0x00,0x00,0x00,0x00,0x00,0x00,
    0x00,0x00,0x00,0x00,0x00,0x00,0x00,0x00,0x00,0x00,0x00,0x00,0x00,0x00,0x00,0x00,
    0x00,0x00,0x00,0x00,0x00,0x00,0x00,0x00,0x00,0x00,0x00,0x00,0x00,0x00,0x00,0x00,
    0x00,0x00,0x00,0x00,0x00,0x00,0x00,0x00,0x00,0x00,0x00,0x00,0x00,0x00,0x00,0x00,
    0x00,0x00,0x00,0x00,0x00,0x00,0x00,0x00,0x00,0x00,0x00,0x00,0x00,0x00,0x00,0x00,
    0x00,0x00,0x00,0x00,0x00,0x00,0x00,0x00,0x00,0x00,0x00,0x00,0x00,0x00,0x00,0x00,
    0x00,0x00,0x00,0x00,0x00,0x00,0x00,0x00,0x00,0x00,0x00,0x00,0x00,0x00,0x00,0x00,
    0x00,0x00,0x00,0x00,0x00,0x00,0x00,0x00,0x00,0x00,0x00,0x00,0x00,0x00,0x00,0x00,
    0x00,0x00,0x00,0x00,0x00,0x00,0x00,0x00,0x00,0x00,0x00,0x00,0x00,0x00,0x00,0x00,
    0x00,0x00,0x00,0x00,0x00,0x00,0x00,0x00,0x00,0x00,0x00,0x00,0x00,0x00,0x00,0x00,
    0x00,0x00,0x00,0x00,0x00,0x00,0x00,0x00,0x00,0x00,0x00,0x00,0x00,0x00,0x00,0x00,
    0x00,0x00,0x00,0x00,0x00,0x00,0x00,0x00,0x00,0x00,0x00,0x00,0x00,0x00,0x00,0x00,
    0xf8,0xd0,0x9f,0xe5,0xf8,0x40,0x9f,0xe5,0x00,0x00,0x94,0xe5,0x04,0x10,0x94,0xe5,
    0x08,0x50,0x94,0xe5,0x14,0x60,0x94,0xe5,0x00,0x00,0x56,0xe3,0x08,0x00,0x00,0x0a,
    0xfe,0x78,0xa0,0xe3,0xa8,0x60,0x87,0xe5,0x03,0x80,0xa0,0xe3,0xa4,0x80,0x87,0xe5,
    0xff,0x78,0xa0,0xe3,0x80,0x80,0xa0,0xe3,0x0c,0x80,0x87,0xe5,0x10,0x80,0x87,0xe5,
    0x40,0x00,0x08,0xf1,0x00,0x00,0x55,0xe3,0x01,0x00,0x00,0x0a,0x10,0x00,0x02,0xf1,
    0xb0,0xd0,0x9f,0xe5,0xb0,0x20,0x9f,0xe5,0xb0,0x30,0x9f,0xe5,0xb0,0xc0,0x9f,0xe5,
    0x3c,0xff,0x2f,0xe1,0x0c,0x00,0x84,0xe5,0x01,0x00,0xa0,0xe3,0x10,0x00,0x84,0xe5,
    0xfe,0xff,0xff,0xea,0x03,0x00,0x2d,0xe9,0x90,0x00,0x9f,0xe5,0x00,0x10,0x90,0xe5,
    0x01,0x10,0x81,0xe2,0x00,0x10,0x80,0xe5,0x03,0x00,0xbd,0xe8,0x0e,0xf0,0xb0,0xe1,
    0xfe,0x88,0xa0,0xe3,0x03,0x98,0xa0,0xe3,0xf8,0x90,0x88,0xe5,0x74,0xa0,0x9f,0xe5,
    0x00,0xb0,0x9a,0xe5,0x01,0xb0,0x8b,0xe2,0x00,0xb0,0x8a,0xe5,0x04,0xf0,0x5e,0xe2,
    0x4c,0x40,0x9f,0xe5,0x60,0x00,0x9f,0xe5,0x10,0x00,0x84,0xe5,0xfe,0xff,0xff,0xea,
    0x3c,0x40,0x9f,0xe5,0x54,0x00,0x9f,0xe5,0x10,0x00,0x84,0xe5,0xfe,0xff,0xff,0xea,
    0x2c,0x40,0x9f,0xe5,0xf1,0x0e,0xa0,0xe3,0x10,0x00,0x84,0xe5,0xfe,0xff,0xff,0xea,
    0x1c,0x40,0x9f,0xe5,0x38,0x00,0x9f,0xe5,0x10,0x00,0x84,0xe5,0xfe,0xff,0xff,0xea,
    0x0c,0x40,0x9f,0xe5,0x2c,0x00,0x9f,0xe5,0x10,0x00,0x84,0xe5,0xfe,0xff,0xff,0xea,
    0x00,0x00,0xf0,0x00,0x00,0x10,0x00,0x00,0x00,0x00,0xe0,0x00,0x00,0x50,0x00,0x00,
    0x00,0x40,0x00,0x00,0xd1,0x23,0x00,0x00,0x04,0x40,0x00,0x00,0x04,0x0f,0x00,0x00,
    0x0c,0x0f,0x00,0x00,0x14,0x0f,0x00,0x00,0x18,0x0f,0x00,0x00,0xd0,0xb5,0x02,0xaf,
    0x00,0x2a,0x06,0xd0,0x03,0x46,0x0c,0x78,0x1c,0x70,0x5b,0x1c,0x49,0x1c,0x52,0x1e,
    0xf9,0xd1,0xd0,0xbd,0xd0,0xb5,0x02,0xaf,0x88,0x42,0x09,0xd2,0x00,0x2a,0x0f,0xd0,
    0x03,0x46,0x0c,0x78,0x1c,0x70,0x5b,0x1c,0x49,0x1c,0x52,0x1e,0xf9,0xd1,0x07,0xe0,
    0x00,0x2a,0x05,0xd0,0x43,0x1e,0x49,0x1e,0x8c,0x5c,0x9c,0x54,0x52,0x1e,0xfb,0xd1,
    0xd0,0xbd,0x00,0x2a,0x04,0xd0,0x03,0x46,0x19,0x70,0x5b,0x1c,0x52,0x1e,0xfb,0xd1,
    0x70,0x47,0x00,0x2a,0x05,0xd0,0x0b,0x78,0x03,0x70,0x40,0x1c,0x49,0x1c,0x52,0x1e,
    0xf9,0xd1,0x70,0x47,0x00,0x2a,0x05,0xd0,0x0b,0x78,0x03,0x70,0x40,0x1c,0x49,0x1c,
    0x52,0x1e,0xf9,0xd1,0x70,0x47,0x00,0x2a,0x05,0xd0,0x0b,0x78,0x03,0x70,0x40,0x1c,
    0x49,0x1c,0x52,0x1e,0xf9,0xd1,0x70,0x47,0x88,0x42,0x08,0xd2,0x00,0x2a,0x0e,0xd0,
    0x0b,0x78,0x03,0x70,0x40,0x1c,0x49,0x1c,0x52,0x1e,0xf9,0xd1,0x07,0xe0,0x00,0x2a,
    0x05,0xd0,0x40,0x1e,0x49,0x1e,0x8b,0x5c,0x83,0x54,0x52,0x1e,0xfb,0xd1,0x70,0x47,
    0x00,0x29,0x03,0xd0,0x02,0x70,0x40,0x1c,0x49,0x1e,0xfb,0xd1,0x70,0x47,0x00,0x29,
    0x03,0xd0,0x02,0x70,0x40,0x1c,0x49,0x1e,0xfb,0xd1,0x70,0x47,0x00,0x29,0x04,0xd0,
    0x00,0x22,0x02,0x70,0x40,0x1c,0x49,0x1e,0xfa,0xd1,0x70,0x47,0x00,0x29,0x04,0xd0,
    0x00,0x22,0x02,0x70,0x40,0x1c,0x49,0x1e,0xfa,0xd1,0x70,0x47,0x00,0x29,0x04,0xd0,
    0x00,0x22,0x02,0x70,0x40,0x1c,0x49,0x1e,0xfa,0xd1,0x70,0x47,0xf0,0xb5,0x03,0xaf,
    0x81,0xb0,0x00,0x90,0x00,0x20,0x00,0x29,0x15,0xd0,0x1f,0x24,0x02,0x46,0x04,0xe0,
    0xa5,0x40,0x2a,0x43,0x64,0x1e,0x63,0x1c,0x0e,0xd2,0x00,0x9b,0xe3,0x40,0x01,0x25,
    0x2b,0x40,0x40,0x00,0x1e,0x18,0x73,0x1a,0x30,0x46,0x00,0xd3,0x18,0x46,0x8e,0x42,
    0xee,0xd2,0x00,0x25,0xed,0xe7,0xc2,0x43,0x10,0x46,0x01,0xb0,0xf0,0xbd,0xf0,0xb5,
    0x03,0xaf,0x82,0xb0,0x00,0x22,0x01,0x91,0x00,0x29,0x19,0xd0,0x1f,0x24,0x13,0x46,
    0x00,0x90,0x05,0xe0,0xa5,0x40,0x2b,0x43,0x64,0x1e,0x61,0x1c,0x00,0x98,0x11,0xd2,
    0x01,0x46,0xe1,0x40,0x01,0x25,0x29,0x40,0x52,0x00,0x8e,0x18,0x01,0x98,0x31,0x1a,
    0x32,0x46,0x00,0xd3,0x0a,0x46,0x01,0x98,0x86,0x42,0xeb,0xd2,0x00,0x25,0xea,0xe7,
    0xd3,0x43,0x02,0x46,0x18,0x46,0x11,0x46,0x02,0xb0,0xf0,0xbd,0xf0,0xb5,0x03,0xaf,
    0x84,0xb0,0x00,0x24,0x00,0x29,0x01,0x91,0x00,0x90,0x21,0xd0,0xcb,0x17,0x0a,0x46,
    0x5a,0x40,0xd1,0x1a,0x03,0x91,0xc1,0x17,0x02,0x46,0x4a,0x40,0x50,0x1a,0x02,0x90,
    0x1f,0x26,0x22,0x46,0x04,0xe0,0xb5,0x40,0x2a,0x43,0x76,0x1e,0x70,0x1c,0x10,0xd2,
    0x02,0x98,0xf0,0x40,0x01,0x25,0x28,0x40,0x61,0x00,0x43,0x18,0x03,0x98,0x18,0x1a,
    0x1c,0x46,0x00,0xd3,0x04,0x46,0x03,0x98,0x83,0x42,0xec,0xd2,0x00,0x25,0xeb,0xe7,
    0xe2,0x43,0x01,0x98,0x00,0x99,0x48,0x40,0x00,0xd5,0x52,0x42,0x10,0x46,0x04,0xb0,
    0xf0,0xbd,0xf0,0xb5,0x03,0xaf,0x83,0xb0,0x02,0x46,0xc0,0x17,0x00,0x92,0x42,0x40,
    0x14,0x1a,0x00,0x20,0x00,0x29,0x01,0x91,0x1f,0xd0,0xcb,0x17,0x0a,0x46,0x5a,0x40,
    0xd1,0x1a,0x02,0x91,0x01,0x46,0x1f,0x26,0x03,0x46,0x05,0xe0,0xb4,0x40,0x23,0x43,
    0x76,0x1e,0x70,0x1c,0x2c,0x46,0x12,0xd2,0x25,0x46,0x20,0x46,0xf0,0x40,0x01,0x24,
    0x20,0x40,0x4a,0x00,0x82,0x18,0x02,0x98,0x10,0x1a,0x11,0x46,0x00,0xd3,0x01,0x46,
    0x02,0x98,0x82,0x42,0xea,0xd2,0x00,0x24,0xe9,0xe7,0xc3,0x43,0x21,0x46,0x00,0x9a,
    0x00,0x2a,0x00,0xd5,0x49,0x42,0x01,0x98,0x50,0x40,0x00,0xd5,0x5b,0x42,0x18,0x46,
    0x03,0xb0,0xf0,0xbd,0xb0,0xb5,0x02,0xaf,0x51,0x43,0x43,0x43,0x5b,0x18,0x01,0x0c,
    0x14,0x0c,0x0d,0x46,0x65,0x43,0x5b,0x19,0x80,0xb2,0x44,0x43,0x25,0x0c,0x5b,0x19,
    0x92,0xb2,0x51,0x43,0x0d,0x0c,0x5b,0x19,0xa4,0xb2,0x50,0x43,0x02,0x0c,0x12,0x19,
    0x89,0xb2,0x52,0x18,0x11,0x0c,0x59,0x18,0x12,0x04,0x80,0xb2,0x10,0x18,0xb0,0xbd,
    0xf0,0xb5,0x03,0xaf,0xa1,0xb0,0x0a,0x28,0x00,0xd9,0x7f,0xe3,0x0c,0x46,0x7f,0x25,
    0x01,0x26,0x0e,0x94,0x12,0x92,0x40,0x00,0x78,0x44,0x80,0x88,0x40,0x00,0x87,0x44,
    0x0a,0x00,0x98,0x02,0xa6,0x00,0xeb,0x00,0x5f,0x00,0x01,0x03,0x15,0x03,0x27,0x02,
    0x5a,0x03,0xa3,0x00,0x44,0x03,0x5f,0x20,0x80,0x00,0x10,0x18,0x15,0x90,0x01,0x95,
    0xa8,0x00,0x10,0x18,0x13,0x90,0x10,0x46,0x80,0x30,0x11,0x90,0xfb,0x4b,0x00,0x20,
    0xfb,0x49,0xfc,0x4e,0x4b,0x43,0x9b,0x19,0x13,0x50,0x14,0x18,0x4b,0x43,0x9b,0x19,
    0x80,0x25,0x63,0x51,0x00,0x1d,0x80,0x28,0xf4,0xd1,0xf7,0x48,0x14,0x90,0x0e,0x98,
    0x00,0x28,0x01,0xd1,0x00,0xf0,0x2d,0xfc,0x01,0x20,0x01,0x02,0x12,0x98,0x10,0x91,
    0x40,0x18,0x0f,0x90,0x01,0x98,0xc0,0x43,0x0d,0x90,0x00,0x24,0x21,0x46,0x12,0x9e,
    0x16,0x91,0x0f,0x98,0x31,0x46,0x11,0x9a,0x00,0xf0,0x3e,0xfc,0x17,0x94,0x60,0x07,
    0xc0,0x0e,0x10,0x99,0x40,0x18,0x30,0x18,0x0d,0x99,0x42,0x18,0x52,0x59,0x73,0x18,
    0x5c,0x59,0x54,0x40,0x5c,0x51,0x09,0x1d,0xf7,0xd1,0x15,0x98,0x00,0x68,0x14,0x99,
    0x48,0x40,0xe2,0x4a,0x50,0x43,0x13,0x99,0x09,0x68,0x41,0x40,0x51,0x43,0x14,0x91,
    0x17,0x9c,0x64,0x1c,0x16,0x99,0x49,0x1c,0x0e,0x98,0x81,0x42,0xd8,0xd1,0xf8,0xe3,
    0xd9,0x48,0x14,0x90,0x00,0x2c,0x00,0xd1,0xf3,0xe3,0x70,0x03,0x10,0x18,0x16,0x90,
    0x01,0x25,0xab,0x03,0x00,0x21,0xd2,0x4a,0x08,0x46,0x15,0x93,0x13,0x91,0x04,0x46,
    0x07,0x20,0x17,0x94,0x20,0x40,0x12,0x9e,0x14,0x46,0x65,0x43,0xcd,0x4a,0xad,0x18,
    0x2a,0x46,0xc2,0x40,0x72,0x50,0x09,0x1d,0x8b,0x42,0xf6,0xd1,0x00,0x21,0x30,0x46,
    0xcb,0x4c,0x22,0x46,0x00,0xf0,0xc7,0xfc,0x21,0x46,0x0e,0x9c,0x0c,0xce,0x08,0x3e,
    0x9a,0x42,0x00,0xd9,0xed,0xe2,0x36,0x1d,0x49,0x1e,0xf7,0xd1,0x17,0x9a,0x50,0x1c,
    0xc3,0x49,0x0a,0x40,0x91,0x00,0x12,0x9a,0x51,0x58,0x14,0x9a,0x51,0x40,0xbf,0x4b,
    0x59,0x43,0x16,0x9a,0x12,0x68,0x4a,0x40,0x5a,0x43,0x14,0x92,0xa0,0x42,0x15,0x9b,
    0x13,0x99,0xb7,0x4a,0xcb,0xd1,0xb4,0xe3,0x00,0x20,0x14,0x90,0xb1,0xe3,0xb9,0x48,
    0x18,0xa9,0x18,0xc8,0x18,0xc1,0x38,0xc8,0x38,0xc1,0xb5,0x48,0x40,0x1c,0xb6,0x49,
    0xaf,0x4e,0xb0,0x4b,0x14,0x46,0x71,0x43,0xc9,0x18,0x0d,0x0c,0x25,0x70,0x64,0x1c,
    0x40,0x1e,0xf8,0xd1,0x0e,0x98,0x00,0x28,0x00,0xd1,0xbd,0xe2,0x00,0x24,0xaa,0x49,
    0x17,0x91,0x40,0x25,0x12,0x9e,0x18,0xa8,0x31,0x46,0x00,0xf0,0xf3,0xfb,0x40,0x36,
    0x6d,0x1e,0xf8,0xd1,0x05,0x21,0x20,0x46,0xff,0xf7,0x71,0xfe,0x88,0x00,0x18,0xa9,
    0x08,0x58,0x17,0x99,0x48,0x40,0xa1,0x49,0x48,0x43,0x64,0x1c,0x0e,0x99,0x8c,0x42,
    0x01,0x46,0xe5,0xd1,0x18,0x99,0x41,0x40,0x9c,0x4a,0x51,0x43,0x19,0x98,0x48,0x40,
    0x50,0x43,0x1a,0x99,0x41,0x40,0x51,0x43,0x1b,0x98,0x48,0x40,0x50,0x43,0x1c,0x99,
    0x41,0x40,0x51,0x43,0x14,0x91,0x6c,0xe3,0x98,0x48,0x14,0x18,0x98,0x48,0x10,0x18,
    0x0c,0x90,0x30,0x05,0x11,0x18,0x01,0x20,0x16,0x46,0x0f,0x90,0x05,0x04,0x4d,0x23,
    0x8b,0x4a,0x53,0x43,0x8b,0x48,0x1b,0x18,0x58,0x0e,0x40,0x1c,0x30,0x70,0x76,0x1c,
    0x6d,0x1e,0xf6,0xd1,0x00,0x20,0x10,0x90,0x20,0x70,0x8e,0x48,0x40,0x1c,0x15,0x91,
    0x0d,0x46,0x17,0x90,0x53,0x43,0x83,0x4e,0x99,0x19,0x16,0x91,0x10,0x46,0x48,0x43,
    0x80,0x19,0x14,0x90,0x11,0x46,0x41,0x43,0x88,0x19,0x13,0x90,0x14,0x46,0x42,0x43,
    0x90,0x19,0x11,0x90,0x23,0x46,0x43,0x43,0x9a,0x19,0x23,0x46,0x53,0x43,0x99,0x19,
    0x23,0x46,0x4b,0x43,0x98,0x19,0x23,0x46,0x43,0x43,0x9b,0x19,0x16,0x9e,0x2e,0x60,
    0x14,0x9e,0x6e,0x60,0x13,0x9e,0xae,0x60,0x11,0x9e,0xee,0x60,0x2a,0x61,0x22,0x46,
    0x69,0x61,0xa8,0x61,0x17,0x98,0xeb,0x61,0x20,0x35,0x40,0x1e,0xd1,0xd1,0x6e,0x48,
    0x14,0x90,0x0e,0x98,0x00,0x28,0x00,0xd1,0x1b,0xe3,0x11,0x20,0x00,0x04,0x12,0x99,
    0x08,0x18,0x13,0x90,0x0f,0x98,0xc3,0x04,0xcc,0x18,0x03,0x20,0x0c,0x9a,0x15,0x46,
    0x05,0x40,0x0a,0x95,0xd5,0x1c,0x05,0x95,0x05,0x40,0x04,0x95,0x95,0x1c,0x07,0x95,
    0x05,0x40,0x06,0x95,0x55,0x1c,0x0b,0x95,0x05,0x40,0x08,0x95,0x25,0x46,0x0d,0x43,
    0x05,0x40,0x09,0x95,0x10,0x1d,0x03,0x90,0x10,0x99,0x0d,0x46,0x11,0x93,0x0f,0x94,
    0x16,0x95,0x0f,0x20,0x10,0x91,0x17,0x90,0x01,0x40,0xc9,0x18,0x62,0x19,0x12,0x9b,
    0x1a,0x43,0x92,0x07,0x09,0xd0,0x5c,0x4a,0x10,0x32,0x18,0x78,0x58,0x54,0x50,0x1c,
    0x5b,0x1c,0x90,0x42,0x02,0x46,0xf8,0xd2,0x0e,0xe0,0x57,0x4a,0x10,0x32,0x1c,0x68,
    0x58,0x68,0x9e,0x68,0xdd,0x68,0x5c,0x50,0x5c,0x18,0x60,0x60,0xa6,0x60,0xe5,0x60,
    0x10,0x32,0x10,0x33,0x00,0x2a,0xf2,0xd1,0x09,0x98,0x00,0x28,0x4e,0x49,0x12,0x9a,
    0x11,0x9e,0x07,0xd0,0x10,0x78,0x90,0x55,0x48,0x1c,0x52,0x1c,0x88,0x42,0x01,0x46,
    0xf8,0xd2,0x0a,0xe0,0x12,0x9a,0x39,0xca,0x10,0x3a,0x90,0x51,0x90,0x19,0x00,0x1d,
    0x38,0xc0,0x10,0x31,0x10,0x32,0x00,0x29,0xf5,0xd1,0x16,0x9d,0x17,0x9b,0x2b,0x40,
    0x3b,0x48,0xc1,0x18,0x0a,0x98,0x00,0x28,0x17,0xd0,0x0c,0x98,0x05,0x70,0x08,0x98,
    0x00,0x28,0x0b,0x9a,0x0f,0x9c,0x19,0xd0,0x0b,0x98,0x05,0x70,0x34,0x48,0xc0,0x18,
    0x06,0x99,0x00,0x29,0x0d,0xd0,0x07,0x99,0x0d,0x70,0x04,0x99,0x00,0x29,0x0b,0xd0,
    0x05,0x99,0x0d,0x70,0xc1,0x1e,0x03,0x9a,0x08,0xe0,0x49,0x1c,0x0c,0x9a,0x0f,0x9c,
    0x04,0xe0,0x41,0x1e,0x07,0x9a,0x01,0xe0,0x81,0x1e,0x05,0x9a,0xe8,0xb2,0x2f,0x4b,
    0x43,0x43,0x08,0xc2,0x09,0x1f,0x03,0x29,0xfb,0xd8,0x00,0x29,0x04,0xd0,0x00,0x23,
    0xd5,0x54,0x5b,0x1c,0x99,0x42,0xfb,0xd1,0x20,0x18,0x00,0xf0,0x6d,0xfb,0x0d,0x90,
    0x00,0x20,0x13,0x99,0x23,0x4a,0x17,0x90,0x2b,0x18,0x13,0x40,0x5b,0x01,0x15,0x9a,
    0xd3,0x18,0x0c,0x46,0x65,0xcb,0x65,0xc4,0x65,0xcb,0x65,0xc4,0x16,0x9d,0x1d,0x4a,
    0x20,0x31,0x17,0x9b,0x58,0x1c,0x9a,0x42,0xed,0xd1,0x14,0x98,0x0d,0x9c,0x44,0x40,
    0x12,0x4b,0x5c,0x43,0x29,0x46,0x11,0x40,0x49,0x01,0x13,0x98,0x41,0x18,0x6a,0x07,
    0xd2,0x0e,0x89,0x58,0x61,0x40,0x59,0x43,0x83,0x20,0x68,0x43,0x80,0xb2,0x0f,0x9c,
    0x20,0x5c,0x48,0x40,0x58,0x43,0x14,0x90,0x10,0x99,0x49,0x1c,0x6d,0x1c,0x0e,0x98,
    0x85,0x42,0x11,0x9b,0x00,0xd0,0x53,0xe7,0x4b,0xe2,0xc0,0x46,0x78,0x56,0x34,0x12,
    0x0d,0x66,0x19,0x00,0x5f,0xf3,0x6e,0x3c,0xc5,0x9d,0x1c,0x81,0x93,0x01,0x00,0x01,
    0xff,0x0f,0x00,0x00,0xc8,0x31,0x00,0x00,0x5a,0x5a,0x5a,0x5a,0xff,0xff,0x00,0x00,
    0x03,0x00,0x08,0x00,0xff,0x07,0x00,0x00,0x00,0x00,0xff,0xff,0x01,0x01,0x01,0x01,
    0xfa,0x48,0x15,0x18,0x03,0x20,0x11,0x90,0x43,0x02,0x00,0x20,0x11,0x46,0x08,0x60,
    0x32,0x03,0x89,0x18,0x40,0x1c,0x83,0x42,0xf9,0xd1,0x17,0x92,0xf4,0x4c,0x13,0x93,
    0x1e,0x46,0xf4,0x48,0x44,0x43,0xf4,0x48,0x24,0x18,0x20,0x46,0x31,0x46,0xff,0xf7,
    0xfe,0xfc,0x08,0x03,0x12,0x9b,0x19,0x58,0x2a,0x68,0x29,0x60,0x1a,0x50,0xef,0x48,
    0x2d,0x18,0x76,0x1e,0x01,0x2e,0xec,0xd1,0xed,0x48,0x40,0x1c,0x12,0x9d,0x2e,0x1d,
    0x29,0x46,0x13,0x9a,0x0a,0xe0,0x1b,0x68,0x0c,0x68,0x24,0x03,0x33,0x51,0x17,0x9b,
    0xc9,0x18,0xe7,0x4b,0x18,0x18,0x40,0x1c,0x52,0x1e,0x04,0xd0,0x01,0x2a,0x2b,0x46,
    0xf1,0xd0,0x2b,0x18,0xef,0xe7,0xfd,0x49,0x0e,0x98,0x00,0x28,0x00,0xd1,0x16,0xe1,
    0x00,0x24,0x10,0x94,0x13,0x9b,0x15,0x91,0x44,0x20,0x16,0x94,0x60,0x43,0xfb,0x49,
    0x0b,0x39,0x01,0x40,0x12,0x98,0x40,0x18,0x08,0x30,0x10,0x9d,0x29,0x46,0x17,0x9c,
    0x02,0x68,0x55,0x19,0x2a,0x46,0x4a,0x40,0x02,0x60,0x00,0x19,0x49,0x1c,0x8b,0x42,
    0xf6,0xd1,0x11,0x98,0x41,0x02,0x16,0x9c,0x20,0x46,0xff,0xf7,0xb8,0xfc,0x13,0x9b,
    0x18,0x46,0x09,0x03,0x71,0x58,0x40,0x1e,0xfb,0xd1,0x15,0x98,0x45,0x40,0xe9,0x48,
    0x45,0x43,0x69,0x40,0x41,0x43,0x64,0x1c,0x0e,0x98,0x84,0x42,0x14,0x91,0xd2,0xd1,
    0xbf,0xe1,0x01,0x95,0xb0,0x02,0x10,0x18,0x17,0x90,0x01,0x20,0x16,0x90,0x00,0x02,
    0x00,0x23,0xeb,0x4c,0x15,0x46,0x03,0xe0,0x02,0xc5,0x5b,0x1c,0x98,0x42,0x20,0xd0,
    0x5e,0x08,0xd9,0x07,0x00,0xd0,0x66,0x40,0x71,0x08,0xf6,0x07,0x00,0xd0,0x61,0x40,
    0x4e,0x08,0xc9,0x07,0x00,0xd0,0x66,0x40,0x71,0x08,0xf6,0x07,0x00,0xd0,0x61,0x40,
    0x4e,0x08,0xc9,0x07,0x00,0xd0,0x66,0x40,0x71,0x08,0xf6,0x07,0x00,0xd0,0x61,0x40,
    0x4e,0x08,0xc9,0x07,0x00,0xd0,0x66,0x40,0x71,0x08,0xf6,0x07,0xdc,0xd0,0x61,0x40,
    0xda,0xe7,0x16,0x98,0x85,0x03,0xd7,0x4a,0xc9,0x49,0xcb,0x4b,0x17,0x9c,0x2e,0x46,
    0x4a,0x43,0xd2,0x18,0x10,0x0e,0x20,0x70,0x64,0x1c,0x76,0x1e,0xf8,0xd1,0xc3,0x48,
    0x14,0x90,0x0e,0x98,0x00,0x28,0x00,0xd1,0x7b,0xe1,0x01,0x98,0xc0,0x43,0x16,0x90,
    0x00,0x23,0x17,0x9a,0x16,0x9e,0x7f,0x36,0x14,0x46,0x29,0x46,0x12,0x9a,0x20,0x78,
    0x70,0x40,0xc0,0xb2,0x80,0x00,0x10,0x58,0x36,0x0a,0x46,0x40,0x64,0x1c,0x49,0x1e,
    0xf5,0xd1,0x68,0x1e,0x18,0x40,0x17,0x9a,0x11,0x5c,0xf4,0x43,0x61,0x40,0x11,0x54,
    0x14,0x98,0x60,0x40,0xb3,0x49,0x48,0x43,0x14,0x90,0x5b,0x1c,0x0e,0x98,0x83,0x42,
    0xe0,0xd1,0x56,0xe1,0x01,0x95,0xb3,0x48,0x91,0x07,0x7a,0xd0,0x00,0x25,0x15,0x70,
    0x51,0x1c,0x8b,0x07,0x7d,0xd0,0x55,0x70,0x91,0x1c,0x8b,0x07,0x7b,0xd0,0xd1,0x1c,
    0x95,0x70,0x8b,0x07,0x79,0xd0,0xd5,0x70,0x11,0x1d,0x77,0xe0,0xa3,0x48,0x14,0x90,
    0x00,0x2c,0x00,0xd1,0x3d,0xe1,0xa5,0x4d,0x93,0x35,0x30,0x02,0x15,0x90,0x00,0x21,
    0x03,0x20,0x17,0x91,0x08,0x40,0x0c,0x30,0x00,0xf0,0x0c,0xfb,0x16,0x90,0x15,0x9c,
    0x9b,0x48,0x45,0x43,0x9c,0x48,0x2d,0x18,0x68,0x0f,0x80,0x00,0x9c,0x49,0x0a,0x58,
    0x30,0x46,0x29,0x46,0x90,0x47,0x06,0x46,0x64,0x1e,0xf1,0xd1,0x14,0x98,0x16,0x9a,
    0x42,0x40,0x94,0x49,0x4a,0x43,0x30,0x46,0x50,0x40,0x48,0x43,0x14,0x90,0x17,0x99,
    0x49,0x1c,0x0e,0x98,0x81,0x42,0xdb,0xd1,0x13,0xe1,0x8c,0x4e,0x00,0x2c,0x3b,0xd0,
    0x17,0x93,0x08,0x25,0x8a,0x48,0x45,0x43,0x8b,0x48,0x2d,0x18,0x00,0xf0,0x9a,0xfb,
    0x17,0x98,0x00,0x68,0x70,0x40,0x68,0x40,0x86,0x49,0x48,0x43,0x64,0x1e,0x14,0x90,
    0x06,0x46,0xef,0xd1,0xfd,0xe0,0x00,0x25,0x1f,0x95,0x1e,0x95,0x1d,0x95,0x1c,0x95,
    0x1b,0x95,0x1a,0x95,0x7d,0x4e,0x00,0x2c,0x20,0xd0,0x18,0x95,0x3f,0x20,0x28,0x40,
    0xc8,0x30,0x19,0x90,0x18,0xa8,0x00,0xf0,0xd5,0xfa,0x70,0x40,0x79,0x49,0x48,0x43,
    0x6d,0x1c,0xac,0x42,0x06,0x46,0xf0,0xd1,0x14,0x90,0xe2,0xe0,0x72,0x48,0x14,0x90,
    0xdf,0xe0,0x7d,0x48,0x14,0x90,0xdc,0xe0,0x7c,0x48,0x14,0x90,0xd9,0xe0,0x14,0x91,
    0xd7,0xe0,0x00,0x1d,0x11,0x46,0x09,0xe0,0x14,0x96,0xd2,0xe0,0x30,0x46,0x14,0x96,
    0xcf,0xe0,0xc0,0x1c,0x02,0xe0,0x80,0x1c,0x00,0xe0,0x40,0x1c,0x00,0x25,0x20,0xc1,
    0x00,0x1f,0x03,0x28,0xfa,0xd8,0x00,0x28,0x04,0xd0,0x2b,0x46,0xcd,0x54,0x5b,0x1c,
    0x98,0x42,0xfb,0xd1,0x63,0x4d,0x61,0x49,0x00,0x2c,0x00,0xd1,0xa9,0xe0,0x05,0x20,
    0x13,0x90,0x83,0x01,0xd0,0x18,0x05,0x90,0x63,0x48,0x10,0x18,0x03,0x90,0x01,0x20,
    0x02,0x90,0x00,0x02,0x63,0x24,0x00,0x22,0x40,0x30,0x04,0x90,0x10,0x93,0x11,0xe0,
    0x04,0x98,0x0d,0x99,0x41,0x43,0x88,0x00,0x05,0x99,0x08,0x58,0x0b,0x99,0x48,0x40,
    0x54,0x4d,0x68,0x43,0x0a,0x9a,0x52,0x1c,0x0e,0x99,0x8a,0x42,0x01,0x46,0x0c,0x9c,
    0x00,0xd1,0x87,0xe0,0x0a,0x92,0x0b,0x91,0x4d,0x48,0x17,0x94,0x60,0x43,0x4e,0x4d,
    0x44,0x19,0x0d,0x20,0x41,0x01,0x20,0x46,0x08,0x91,0xff,0xf7,0x70,0xfb,0x0e,0x46,
    0x0d,0x91,0x47,0x48,0x09,0x94,0x60,0x43,0x44,0x19,0x30,0x21,0x20,0x46,0xff,0xf7,
    0x66,0xfb,0x75,0x18,0x10,0x35,0x42,0x4a,0x54,0x43,0x43,0x4e,0xa1,0x19,0x10,0x46,
    0x06,0x91,0x48,0x43,0x81,0x19,0x10,0x46,0x07,0x91,0x48,0x43,0x80,0x19,0x11,0x46,
    0x41,0x43,0x89,0x19,0x4a,0x43,0x94,0x19,0x39,0x4a,0x11,0x94,0x62,0x43,0x92,0x19,
    0x0c,0x92,0x16,0x95,0x0d,0x9a,0xaa,0x42,0xba,0xd2,0x80,0xb2,0x3b,0x4a,0x80,0x18,
    0x15,0x90,0x88,0xb2,0x80,0x18,0x14,0x90,0xbf,0x21,0x0c,0x98,0x01,0x40,0x20,0x31,
    0x0f,0x91,0x37,0x48,0x17,0x9c,0x44,0x43,0x09,0x98,0x08,0x99,0xff,0xf7,0x16,0xfb,
    0x41,0x21,0x49,0x03,0x41,0x43,0x60,0x1a,0x03,0x99,0x08,0x18,0x17,0x90,0xa0,0x21,
    0x06,0x98,0xff,0xf7,0x2c,0xfb,0x10,0x9b,0x0c,0x04,0x07,0x98,0x40,0x06,0x40,0x0a,
    0x20,0x18,0x02,0x99,0x49,0x05,0x45,0x18,0x0d,0x9e,0x19,0xe0,0x00,0xf0,0x5f,0x00,
    0x69,0x7a,0x00,0x00,0x0d,0x66,0x19,0x00,0x5f,0xf3,0x6e,0x3c,0x00,0xf0,0xff,0xff,
    0xff,0x0f,0x00,0x00,0x14,0x98,0x2d,0x18,0x15,0x98,0x24,0x18,0x13,0x98,0x00,0x02,
    0x17,0x99,0x09,0x18,0x17,0x91,0x76,0x1c,0x16,0x98,0x86,0x42,0x00,0xd3,0x77,0xe7,
    0x2a,0x14,0x9a,0x42,0x00,0xdb,0x1a,0x46,0xe0,0x17,0x21,0x14,0x81,0x43,0x91,0x42,
    0xe8,0xda,0x0f,0x98,0x00,0x90,0x17,0x98,0x11,0x9b,0x00,0xf0,0x99,0xf9,0x10,0x9b,
    0xe0,0xe7,0x08,0x46,0x01,0x99,0xc9,0x43,0x43,0x31,0x12,0x4a,0x12,0x9b,0x1c,0x68,
    0x44,0x40,0x6c,0x43,0xf4,0x33,0x12,0x93,0x3d,0x31,0x91,0x42,0x14,0x94,0x20,0x46,
    0xf4,0xd3,0x14,0x98,0x21,0xb0,0xf0,0xbd,0xef,0xbe,0xad,0xde,0xc5,0x9d,0x1c,0x81,
    0x0d,0x66,0x19,0x00,0x93,0x01,0x00,0x01,0x5f,0xf3,0x6e,0x3c,0xff,0x0f,0x00,0x00,
    0xdc,0x31,0x00,0x00,0xfc,0x5f,0x09,0x00,0x00,0xdb,0xc0,0x2a,0x00,0x80,0xff,0xff,
    0x00,0x41,0xfe,0x7e,0xc3,0x57,0x02,0x00,0xd0,0xba,0xd0,0xba,0x7d,0x06,0x71,0x9f,
    0x20,0x83,0xb8,0xed,0xee,0xff,0xc0,0x00,0xf0,0xb5,0x03,0xaf,0x89,0xb0,0x04,0x92,
    0x00,0x91,0x01,0x46,0x40,0x20,0x01,0x91,0x00,0x23,0x08,0xc1,0x40,0x1e,0xfb,0xd1,
    0x1a,0x46,0x01,0x99,0x18,0x46,0x08,0x93,0x06,0x91,0x03,0x90,0x81,0x00,0x00,0x98,
    0x02,0x91,0x40,0x58,0x05,0x90,0x14,0x46,0x15,0x46,0x16,0x46,0x04,0x98,0x40,0x59,
    0x11,0x46,0x05,0x9a,0x08,0x9b,0xff,0xf7,0x35,0xfb,0x08,0x9b,0x07,0x91,0x06,0x99,
    0x4a,0x59,0xb2,0x18,0x5c,0x41,0x10,0x18,0x48,0x51,0x26,0x46,0x07,0x98,0x46,0x41,
    0x2d,0x1d,0x80,0x2d,0x1a,0x46,0x1c,0x46,0xe8,0xd1,0x01,0x98,0x02,0x99,0x40,0x18,
    0x80,0x21,0x46,0x50,0x06,0x99,0x09,0x1d,0x03,0x98,0x40,0x1c,0x20,0x28,0xd3,0xd1,
    0x09,0xb0,0xf0,0xbd,0xf0,0xb5,0x03,0xaf,0xdc,0xb0,0x00,0x25,0x4a,0x5d,0x12,0x06,
    0x4b,0x19,0x5c,0x78,0x24,0x04,0xa2,0x18,0x9c,0x78,0x24,0x02,0x12,0x19,0xdb,0x78,
    0xd2,0x18,0x0c,0xab,0x5a,0x51,0x2d,0x1d,0x40,0x2d,0xef,0xd1,0x40,0x24,0x0c,0xa9,
    0x4a,0x6b,0x0b,0x6a,0x53,0x40,0x8a,0x68,0x5a,0x40,0x0b,0x68,0x53,0x40,0x1f,0x22,
    0xd3,0x41,0x0b,0x64,0x09,0x1d,0x64,0x1e,0xf2,0xd1,0x03,0x68,0x42,0x68,0x85,0x68,
    0xc4,0x68,0x05,0x90,0x00,0x69,0x00,0x21,0x0c,0xae,0x00,0x90,0x0a,0x90,0x01,0x94,
    0x02,0x95,0x03,0x92,0x10,0x46,0x04,0x93,0x0b,0x93,0x1a,0xe0,0x10,0x40,0x23,0x46,
    0x93,0x43,0x1b,0x18,0x27,0x4c,0x02,0x20,0xc2,0x41,0x06,0x92,0x1b,0x20,0x2a,0x46,
    0xc5,0x41,0x0a,0x98,0x40,0x19,0xc0,0x18,0x00,0x19,0x08,0xce,0xc0,0x18,0x0b,0x90,
    0x07,0x99,0x49,0x1c,0x50,0x29,0x08,0x98,0x0a,0x90,0x09,0x9c,0x06,0x9d,0x10,0x46,
    0x1e,0xd0,0x0b,0x9b,0x02,0x46,0x28,0x46,0x13,0x29,0x09,0x95,0x08,0x94,0x07,0x91,
    0x1d,0x46,0xdb,0xd9,0x27,0x29,0x04,0xd8,0x03,0x46,0x53,0x40,0x63,0x40,0x14,0x4c,
    0xd9,0xe7,0x3b,0x29,0x07,0xd8,0x21,0x46,0x01,0x40,0x23,0x46,0x03,0x43,0x13,0x40,
    0x0b,0x43,0x0e,0x4c,0xcf,0xe7,0x03,0x46,0x53,0x40,0x63,0x40,0x0a,0x4c,0xca,0xe7,
    0x00,0x98,0x08,0x99,0x08,0x18,0x01,0x99,0x09,0x9c,0x61,0x18,0x02,0x9c,0x2e,0x19,
    0x03,0x9c,0x14,0x19,0x04,0x9d,0x0b,0x9a,0x53,0x19,0x05,0x9d,0x58,0xc5,0x29,0x60,
    0x68,0x60,0x5c,0xb0,0xf0,0xbd,0xc0,0x46,0xd6,0xc1,0x62,0xca,0xdc,0xbc,0x1b,0x8f,
    0xa1,0xeb,0xd9,0x6e,0x99,0x79,0x82,0x5a,0x00,0x21,0x42,0x5c,0x49,0x1c,0x00,0x2a,
    0xfb,0xd1,0x48,0x1e,0x70,0x47,0xf0,0xb5,0x03,0xaf,0x89,0xb0,0x05,0x46,0x54,0x1a,
    0x11,0x2c,0x04,0x90,0x65,0xdb,0x28,0x1f,0x03,0x90,0x07,0xe0,0x28,0x46,0x19,0x46,
    0xff,0xf7,0xf1,0xff,0x02,0x99,0x32,0x46,0x10,0x2c,0x5a,0xdd,0x02,0x91,0x88,0x00,
    0x29,0x58,0x28,0x18,0x63,0x08,0x9b,0x00,0xc0,0x58,0x81,0x42,0x0c,0x46,0x00,0xd8,
    0x04,0x46,0x81,0x42,0x00,0xd3,0x01,0x46,0x90,0x00,0x28,0x58,0x81,0x42,0x02,0x9b,
    0x00,0xd8,0x01,0x46,0x84,0x42,0x00,0xd3,0x0c,0x46,0x93,0x42,0x01,0x92,0x16,0x46,
    0x11,0xdd,0x01,0x9a,0xd0,0x1a,0x02,0x99,0x74,0x1a,0x08,0x90,0x84,0x42,0xd5,0xda,
    0x28,0x46,0x32,0x46,0x1c,0x46,0xff,0xf7,0xc6,0xff,0x01,0x9a,0x21,0x46,0x08,0x9c,
    0x10,0x2c,0xd3,0xdc,0x2d,0xe0,0x01,0x9e,0x02,0x9b,0x08,0x94,0x05,0xe0,0x07,0x9b,
    0xa3,0x42,0x04,0x9d,0x26,0x46,0x08,0x9c,0xe3,0xdc,0x98,0x00,0x03,0x99,0x08,0x18,
    0x19,0x46,0x03,0x1d,0x42,0x68,0x49,0x1c,0xa2,0x42,0x18,0x46,0xf9,0xd3,0x05,0x92,
    0xb0,0x00,0x2c,0x18,0x48,0x1e,0x07,0x90,0x35,0x46,0x20,0x1f,0x26,0x68,0x6d,0x1e,
    0x08,0x9c,0xa6,0x42,0x04,0x46,0xf8,0xd8,0x6c,0x1c,0x06,0x94,0x07,0x9c,0x06,0x9a,
    0x94,0x42,0x06,0x9c,0xdb,0xdc,0x1e,0x60,0x05,0x9a,0x42,0x60,0x07,0x91,0x2c,0x46,
    0xd5,0xe7,0x91,0x42,0x21,0xda,0x08,0x46,0x29,0x1d,0x07,0x91,0x03,0x46,0x81,0x00,
    0x69,0x18,0x04,0x46,0x08,0xe0,0x26,0x46,0xb4,0x00,0x07,0x9d,0x2b,0x51,0x09,0x1d,
    0x08,0x9c,0x94,0x42,0x04,0x9d,0x10,0xd0,0x63,0x1c,0x08,0x93,0x9b,0x00,0xeb,0x58,
    0x84,0x42,0xf0,0xdb,0x0d,0x46,0x2e,0x68,0x9e,0x42,0xec,0xd9,0x6e,0x60,0x2d,0x1f,
    0x66,0x1e,0x84,0x42,0x34,0x46,0xf6,0xdc,0xe6,0xe7,0x09,0xb0,0xf0,0xbd,0xc0,0x46,
    0xf0,0xb5,0x03,0xaf,0x85,0xb0,0x8a,0x42,0x2c,0xd9,0x04,0x46,0x01,0x20,0x00,0x02,
    0xbd,0x68,0x40,0x1b,0x02,0x90,0x14,0x48,0x1e,0x46,0x06,0x40,0x6e,0x43,0x03,0x96,
    0xff,0x20,0x01,0x90,0x00,0x02,0x00,0x90,0x03,0x40,0x6b,0x43,0x04,0x93,0x52,0x1a,
    0x89,0x00,0x61,0x18,0x0b,0x68,0x1d,0x46,0x0b,0x4e,0x35,0x40,0x02,0x98,0x45,0x43,
    0x03,0x9c,0x2d,0x19,0x2d,0x0a,0x35,0x40,0x00,0x9c,0x23,0x40,0x43,0x43,0x04,0x9e,
    0x9b,0x19,0x1b,0x0a,0x23,0x40,0x2b,0x43,0x01,0x98,0x05,0x06,0x5b,0x19,0x08,0xc1,
    0x52,0x1e,0xe7,0xd1,0x05,0xb0,0xf0,0xbd,0xff,0x00,0xff,0x00,0x08,0x18,0x70,0x47,
    0x40,0x1a,0x70,0x47,0xc9,0x00,0x48,0x40,0x70,0x47,0x01,0x22,0x0a,0x43,0x50,0x43,
    0x70,0x47,0x01,0x22,0x0a,0x43,0x51,0x42,0xc8,0x41,0x70,0x47,0x88,0x42,0x00,0xd3,
    0x08,0x46,0x70,0x47,0x88,0x42,0x00,0xd8,0x08,0x46,0x70,0x47,0x40,0x08,0x49,0x08,
    0x08,0x18,0x70,0x47,0xb0,0xb5,0x02,0xaf,0x04,0x46,0x00,0x25,0x02,0x28,0x06,0xd3,
    0x60,0x1e,0xff,0xf7,0xf7,0xff,0x45,0x19,0xa4,0x1e,0x01,0x2c,0xf8,0xd8,0x60,0x19,
    0xb0,0xbd,0xc0,0x46,0xf0,0xb5,0x03,0xaf,0xa1,0xb0,0x00,0x90,0x00,0x23,0x50,0x48,
    0x1a,0x46,0xc5,0x5c,0x0d,0x2d,0x00,0xd9,0x95,0xe0,0x5c,0x1c,0x7d,0x44,0x2d,0x79,
    0x6d,0x00,0xaf,0x44,0x13,0x54,0x34,0x3e,0x18,0x61,0x78,0x49,0x85,0x2b,0x7b,0x06,
    0x21,0x6c,0x51,0x1e,0x8b,0x00,0x01,0xad,0xeb,0x58,0x92,0x00,0x52,0x19,0x08,0x3a,
    0x15,0x68,0x5d,0x40,0x15,0x60,0x23,0x46,0x0a,0x46,0xe2,0xe7,0x04,0x5d,0x95,0x00,
    0x01,0xae,0x74,0x51,0x38,0xe0,0x93,0x00,0x01,0xad,0xee,0x18,0x36,0x1f,0x36,0x68,
    0xee,0x50,0x52,0x1c,0x23,0x46,0xd4,0xe7,0x01,0x5d,0x1f,0x24,0x0c,0x40,0x91,0x00,
    0x01,0xad,0x49,0x19,0x09,0x1f,0x0d,0x68,0xa5,0x40,0x49,0xe0,0x91,0x00,0x01,0xab,
    0xc9,0x18,0x09,0x1f,0x0b,0x68,0x5b,0x1e,0x0b,0x60,0x23,0x46,0xc1,0xe7,0x55,0x1e,
    0xab,0x00,0x01,0xae,0xf3,0x58,0x92,0x00,0x92,0x19,0x08,0x3a,0x16,0x68,0xf3,0x1a,
    0x1e,0xe0,0x55,0x1e,0xab,0x00,0x01,0xae,0xf3,0x58,0x92,0x00,0x92,0x19,0x08,0x3a,
    0x16,0x68,0x5e,0x43,0x16,0x60,0x14,0xe0,0x01,0x5d,0x49,0x07,0xc9,0x0e,0x00,0x9c,
    0x61,0x58,0x94,0x00,0x01,0xad,0x29,0x51,0x52,0x1c,0x9b,0x1c,0xa1,0xe7,0x55,0x1e,
    0xab,0x00,0x01,0xae,0xf3,0x58,0x92,0x00,0x92,0x19,0x08,0x3a,0x16,0x68,0xf3,0x18,
    0x13,0x60,0x23,0x46,0x2a,0x46,0x94,0xe7,0x93,0x00,0x01,0xad,0x5b,0x19,0x1d,0x1f,
    0x2e,0x68,0x08,0x3b,0x19,0x68,0x29,0x60,0x1e,0x60,0x23,0x46,0x89,0xe7,0x01,0x5d,
    0x1f,0x24,0x0c,0x40,0x91,0x00,0x01,0xad,0x49,0x19,0x09,0x1f,0x0d,0x68,0xe5,0x40,
    0x0d,0x60,0x9b,0x1c,0x7d,0xe7,0x52,0x1e,0x23,0x46,0x7a,0xe7,0x52,0x1e,0x91,0x00,
    0x01,0xad,0x69,0x58,0x9b,0x1c,0x00,0x29,0x00,0xd1,0x72,0xe7,0x03,0x5d,0x70,0xe7,
    0x52,0x1e,0x91,0x00,0x01,0xad,0x69,0x58,0x04,0x5d,0x64,0x07,0xe4,0x0e,0x00,0x9d,
    0x29,0x51,0x9b,0x1c,0x65,0xe7,0x00,0x98,0x00,0x68,0x21,0xb0,0xf0,0xbd,0xc0,0x46,
    0xfc,0x31,0x00,0x00,0x00,0xdf,0x70,0x47,0x01,0x23,0x45,0x67,0x89,0xab,0xcd,0xef,
    0xfe,0xdc,0xba,0x98,0x76,0x54,0x32,0x10,0xf0,0xe1,0xd2,0xc3,0x1d,0x30,0x00,0x00,
    0x21,0x30,0x00,0x00,0x25,0x30,0x00,0x00,0x2b,0x30,0x00,0x00,0x33,0x30,0x00,0x00,
    0x3d,0x30,0x00,0x00,0x45,0x30,0x00,0x00,0x4d,0x30,0x00,0x00,0x07,0x01,0x04,0x03,
    0x07,0x00,0x00,0x01,0x05,0x06,0x0c,0x01,0x0b,0x07,0x00,0x01,0x08,0x00,0x07,0x01,
    0x09,0x04,0x08,0x01,0x0a,0x00,0x0e,
};
#define GUEST_BENCH_THUMB2_SIZE 14383u
#define GUEST_BENCH_THUMB2_START 0x00002000u
#define GUEST_BENCH_THUMB2_MBOX 0x00001000u
#define GUEST_BENCH_THUMB2_SVCCOUNTER 0x00004000u
#define GUEST_BENCH_THUMB2_FIQCOUNTER 0x00004004u
#define GUEST_BENCH_THUMB2_WLARENA 0x00005000u
#define GUEST_BENCH_THUMB2_BSSEND 0x00605000u
static const uint8_t guest_bench_thumb2_image[14383] = {
    0xfe,0x07,0x00,0xea,0x29,0x08,0x00,0xea,0x19,0x08,0x00,0xea,0x2b,0x08,0x00,0xea,
    0x2e,0x08,0x00,0xea,0x31,0x08,0x00,0xea,0x34,0x08,0x00,0xea,0x1b,0x08,0x00,0xea,
    0x00,0x00,0x00,0x00,0x00,0x00,0x00,0x00,0x00,0x00,0x00,0x00,0x00,0x00,0x00,0x00,
    0x00,0x00,0x00,0x00,0x00,0x00,0x00,0x00,0x00,0x00,0x00,0x00,0x00,0x00,0x00,0x00,
    0x00,0x00,0x00,0x00,0x00,0x00,0x00,0x00,0x00,0x00,0x00,0x00,0x00,0x00,0x00,0x00,
    0x00,0x00,0x00,0x00,0x00,0x00,0x00,0x00,0x00,0x00,0x00,0x00,0x00,0x00,0x00,0x00,
    0x00,0x00,0x00,0x00,0x00,0x00,0x00,0x00,0x00,0x00,0x00,0x00,0x00,0x00,0x00,0x00,
    0x00,0x00,0x00,0x00,0x00,0x00,0x00,0x00,0x00,0x00,0x00,0x00,0x00,0x00,0x00,0x00,
    0x00,0x00,0x00,0x00,0x00,0x00,0x00,0x00,0x00,0x00,0x00,0x00,0x00,0x00,0x00,0x00,
    0x00,0x00,0x00,0x00,0x00,0x00,0x00,0x00,0x00,0x00,0x00,0x00,0x00,0x00,0x00,0x00,
    0x00,0x00,0x00,0x00,0x00,0x00,0x00,0x00,0x00,0x00,0x00,0x00,0x00,0x00,0x00,0x00,
    0x00,0x00,0x00,0x00,0x00,0x00,0x00,0x00,0x00,0x00,0x00,0x00,0x00,0x00,0x00,0x00,
    0x00,0x00,0x00,0x00,0x00,0x00,0x00,0x00,0x00,0x00,0x00,0x00,0x00,0x00,0x00,0x00,
    0x00,0x00,0x00,0x00,0x00,0x00,0x00,0x00,0x00,0x00,0x00,0x00,0x00,0x00,0x00,0x00,
    0x00,0x00,0x00,0x00,0x00,0x00,0x00,0x00,0x00,0x00,0x00,0x00,0x00,0x00,0x00,0x00,
    0x00,0x00,0x00,0x00,0x00,0x00,0x00,0x00,0x00,0x00,0x00,0x00,0x00,0x00,0x00,0x00,
    0x00,0x00,0x00,0x00,0x00,0x00,0x00,0x00,0x00,0x00,0x00,0x00,0x00,0x00,0x00,0x00,
    0x00,0x00,0x00,0x00,0x00,0x00,0x00,0x00,0x00,0x00,0x00,0x00,0x00,0x00,0x00,0x00,
    0x00,0x00,0x00,0x00,0x00,0x00,0x00,0x00,0x00,0x00,0x00,0x00,0x00,0x00,0x00,0x00,
    0x00,0x00,0x00,0x00,0x00,0x00,0x00,0x00,0x00,0x00,0x00,0x00,0x00,0x00,0x00,0x00,
    0x00,0x00,0x00,0x00,0x00,0x00,0x00,0x00,0x00,0x00,0x00,0x00,0x00,0x00,0x00,0x00,
    0x00,0x00,0x00,0x00,0x00,0x00,0x00,0x00,0x00,0x00,0x00,0x00,0x00,0x00,0x00,0x00,
    0x00,0x00,0x00,0x00,0x00,0x00,0x00,0x00,0x00,0x00,0x00,0x00,0x00,0x00,0x00,0x00,
    0x00,0x00,0x00,0x00,0x00,0x00,0x00,0x00,0x00,0x00,0x00,0x00,0x00,0x00,0x00,0x00,
    0x00,0x00,0x00,0x00,0x00,0x00,0x00,0x00,0x00,0x00,0x00,0x00,0x00,0x00,0x00,0x00,
    0x00,0x00,0x00,0x00,0x00,0x00,0x00,0x00,0x00,0x00,0x00,0x00,0x00,0x00,0x00,0x00,
    0x00,0x00,0x00,0x00,0x00,0x00,0x00,0x00,0x00,0x00,0x00,0x00,0x00,0x00,0x00,0x00,
    0x00,0x00,0x00,0x00,0x00,0x00,0x00,0x00,0x00,0x00,0x00,0x00,0x00,0x00,0x00,0x00,
    0x00,0x00,0x00,0x00,0x00,0x00,0x00,0x00,0x00,0x00,0x00,0x00,0x00,0x00,0x00,0x00,
    0x00,0x00,0x00,0x00,0x00,0x00,0x00,0x00,0x00,0x00,0x00,0x00,0x00,0x00,0x00,0x00,
    0x00,0x00,0x00,0x00,0x00,0x00,0x00,0x00,0x00,0x00,0x00,0x00,0x00,0x00,0x00,0x00,
    0x00,0x00,0x00,0x00,0x00,0x00,0x00,0x00,0x00,0x00,0x00,0x00,0x00,0x00,0x00,0x00,
    0x00,0x00,0x00,0x00,0x00,0x00,0x00,0x00,0x00,0x00,0x00,0x00,0x00,0x00,0x00,0x00,
    0x00,0x00,0x00,0x00,0x00,0x00,0x00,0x00,0x00,0x00,0x00,0x00,0x00,0x00,0x00,0x00,
    0x00,0x00,0x00,0x00,0x00,0x00,0x00,0x00,0x00,0x00,0x00,0x00,0x00,0x00,0x00,0x00,
    0x00,0x00,0x00,0x00,0x00,0x00,0x00,0x00,0x00,0x00,0x00,0x00,0x00,0x00,0x00,0x00,
    0x00,0x00,0x00,0x00,0x00,0x00,0x00,0x00,0x00,0x00,0x00,0x00,0x00,0x00,0x00,0x00,
    0x00,0x00,0x00,0x00,0x00,0x00,0x00,0x00,0x00,0x00,0x00,0x00,0x00,0x00,0x00,0x00,
    0x00,0x00,0x00,0x00,0x00,0x00,0x00,0x00,0x00,0x00,0x00,0x00,0x00,0x00,0x00,0x00,
    0x00,0x00,0x00,0x00,0x00,0x00,0x00,0x00,0x00,0x00,0x00,0x00,0x00,0x00,0x00,0x00,
    0x00,0x00,0x00,0x00,0x00,0x00,0x00,0x00,0x00,0x00,0x00,0x00,0x00,0x00,0x00,0x00,
    0x00,0x00,0x00,0x00,0x00,0x00,0x00,0x00,0x00,0x00,0x00,0x00,0x00,0x00,0x00,0x00,
    0x00,0x00,0x00,0x00,0x00,0x00,0x00,0x00,0x00,0x00,0x00,0x00,0x00,0x00,0x00,0x00,
    0x00,0x00,0x00,0x00,0x00,0x00,0x00,0x00,0x00,0x00,0x00,0x00,0x00,0x00,0x00,0x00,
    0x00,0x00,0x00,0x00,0x00,0x00,0x00,0x00,0x00,0x00,0x00,0x00,0x00,0x00,0x00,0x00,
    0x00,0x00,0x00,0x00,0x00,0x00,0x00,0x00,0x00,0x00,0x00,0x00,0x00,0x00,0x00,0x00,
    0x00,0x00,0x00,0x00,0x00,0x00,0x00,0x00,0x00,0x00,0x00,0x00,0x00,0x00,0x00,0x00,
    0x00,0x00,0x00,0x00,0x00,0x00,0x00,0x00,0x00,0x00,0x00,0x00,0x00,0x00,0x00,0x00,
    0x00,0x00,0x00,0x00,0x00,0x00,0x00,0x00,0x00,0x00,0x00,0x00,0x00,0x00,0x00,0x00,
    0x00,0x00,0x00,0x00,0x00,0x00,0x00,0x00,0x00,0x00,0x00,0x00,0x00,0x00,0x00,0x00,
    0x00,0x00,0x00,0x00,0x00,0x00,0x00,0x00,0x00,0x00,0x00,0x00,0x00,0x00,0x00,0x00,
    0x00,0x00,0x00,0x00,0x00,0x00,0x00,0x00,0x00,0x00,0x00,0x00,0x00,0x00,0x00,0x00,
    0x00,0x00,0x00,0x00,0x00,0x00,0x00,0x00,0x00,0x00,0x00,0x00,0x00,0x00,0x00,0x00,
    0x00,0x00,0x00,0x00,0x00,0x00,0x00,0x00,0x00,0x00,0x00,0x00,0x00,0x00,0x00,0x00,
    0x00,0x00,0x00,0x00,0x00,0x00,0x00,0x00,0x00,0x00,0x00,0x00,0x00,0x00,0x00,0x00,
    0x00,0x00,0x00,0x00,0x00,0x00,0x00,0x00,0x00,0x00,0x00,0x00,0x00,0x00,0x00,0x00,
    0x00,0x00,0x00,0x00,0x00,0x00,0x00,0x00,0x00,0x00,0x00,0x00,0x00,0x00,0x00,0x00,
    0x00,0x00,0x00,0x00,0x00,0x00,0x00,0x00,0x00,0x00,0x00,0x00,0x00,0x00,0x00,0x00,
    0x00,0x00,0x00,0x00,0x00,0x00,0x00,0x00,0x00,0x00,0x00,0x00,0x00,0x00,0x00,0x00,
    0x00,0x00,0x00,0x00,0x00,0x00,0x00,0x00,0x00,0x00,0x00,0x00,0x00,0x00,0x00,0x00,
    0x00,0x00,0x00,0x00,0x00,0x00,0x00,0x00,0x00,0x00,0x00,0x00,0x00,0x00,0x00,0x00,
    0x00,0x00,0x00,0x00,0x00,0x00,0x00,0x00,0x00,0x00,0x00,0x00,0x00,0x00,0x00,0x00,
    0x00,0x00,0x00,0x00,0x00,0x00,0x00,0x00,0x00,0x00,0x00,0x00,0x00,0x00,0x00,0x00,
    0x00,0x00,0x00,0x00,0x00,0x00,0x00,0x00,0x00,0x00,0x00,0x00,0x00,0x00,0x00,0x00,
    0x00,0x00,0x00,0x00,0x00,0x00,0x00,0x00,0x00,0x00,0x00,0x00,0x00,0x00,0x00,0x00,
    0x00,0x00,0x00,0x00,0x00,0x00,0x00,0x00,0x00,0x00,0x00,0x00,0x00,0x00,0x00,0x00,
    0x00,0x00,0x00,0x00,0x00,0x00,0x00,0x00,0x00,0x00,0x00,0x00,0x00,0x00,0x00,0x00,
    0x00,0x00,0x00,0x00,0x00,0x00,0x00,0x00,0x00,0x00,0x00,0x00,0x00,0x00,0x00,0x00,
    0x00,0x00,0x00,0x00,0x00,0x00,0x00,0x00,0x00,0x00,0x00,0x00,0x00,0x00,0x00,0x00,
    0x00,0x00,0x00,0x00,0x00,0x00,0x00,0x00,0x00,0x00,0x00,0x00,0x00,0x00,0x00,0x00,
    0x00,0x00,0x00,0x00,0x00,0x00,0x00,0x00,0x00,0x00,0x00,0x00,0x00,0x00,0x00,0x00,
    0x00,0x00,0x00,0x00,0x00,0x00,0x00,0x00,0x00,0x00,0x00,0x00,0x00,0x00,0x00,0x00,
    0x00,0x00,0x00,0x00,0x00,0x00,0x00,0x00,0x00,0x00,0x00,0x00,0x00,0x00,0x00,0x00,
    0x00,0x00,0x00,0x00,0x00,0x00,0x00,0x00,0x00,0x00,0x00,0x00,0x00,0x00,0x00,0x00,
    0x00,0x00,0x00,0x00,0x00,0x00,0x00,0x00,0x00,0x00,0x00,0x00,0x00,0x00,0x00,0x00,
    0x00,0x00,0x00,0x00,0x00,0x00,0x00,0x00,0x00,0x00,0x00,0x00,0x00,0x00,0x00,0x00,
    0x00,0x00,0x00,0x00,0x00,0x00,0x00,0x00,0x00,0x00,0x00,0x00,0x00,0x00,0x00,0x00,
    0x00,0x00,0x00,0x00,0x00,0x00,0x00,0x00,0x00,0x00,0x00,0x00,0x00,0x00,0x00,0x00,
    0x00,0x00,0x00,0x00,0x00,0x00,0x00,0x00,0x00,0x00,0x00,0x00,0x00,0x00,0x00,0x00,
    0x00,0x00,0x00,0x00,0x00,0x00,0x00,0x00,0x00,0x00,0x00,0x00,0x00,0x00,0x00,0x00,
    0x00,0x00,0x00,0x00,0x00,0x00,0x00,0x00,0x00,0x00,0x00,0x00,0x00,0x00,0x00,0x00,
    0x00,0x00,0x00,0x00,0x00,0x00,0x00,0x00,0x00,0x00,0x00,0x00,0x00,0x00,0x00,0x00,
    0x00,0x00,0x00,0x00,0x00,0x00,0x00,0x00,0x00,0x00,0x00,0x00,0x00,0x00,0x00,0x00,
    0x00,0x00,0x00,0x00,0x00,0x00,0x00,0x00,0x00,0x00,0x00,0x00,0x00,0x00,0x00,0x00,
    0x00,0x00,0x00,0x00,0x00,0x00,0x00,0x00,0x00,0x00,0x00,0x00,0x00,0x00,0x00,0x00,
    0x00,0x00,0x00,0x00,0x00,0x00,0x00,0x00,0x00,0x00,0x00,0x00,0x00,0x00,0x00,0x00,
    0x00,0x00,0x00,0x00,0x00,0x00,0x00,0x00,0x00,0x00,0x00,0x00,0x00,0x00,0x00,0x00,
    0x00,0x00,0x00,0x00,0x00,0x00,0x00,0x00,0x00,0x00,0x00,0x00,0x00,0x00,0x00,0x00,
    0x00,0x00,0x00,0x00,0x00,0x00,0x00,0x00,0x00,0x00,0x00,0x00,0x00,0x00,0x00,0x00,
    0x00,0x00,0x00,0x00,0x00,0x00,0x00,0x00,0x00,0x00,0x00,0x00,0x00,0x00,0x00,0x00,
    0x00,0x00,0x00,0x00,0x00,0x00,0x00,0x00,0x00,0x00,0x00,0x00,0x00,0x00,0x00,0x00,
    0x00,0x00,0x00,0x00,0x00,0x00,0x00,0x00,0x00,0x00,0x00,0x00,0x00,0x00,0x00,0x00,
    0x00,0x00,0x00,0x00,0x00,0x00,0x00,0x00,0x00,0x00,0x00,0x00,0x00,0x00,0x00,0x00,
    0x00,0x00,0x00,0x00,0x00,0x00,0x00,0x00,0x00,0x00,0x00,0x00,0x00,0x00,0x00,0x00,
    0x00,0x00,0x00,0x00,0x00,0x00,0x00,0x00,0x00,0x00,0x00,0x00,0x00,0x00,0x00,0x00,
    0x00,0x00,0x00,0x00,0x00,0x00,0x00,0x00,0x00,0x00,0x00,0x00,0x00,0x00,0x00,0x00,
    0x00,0x00,0x00,0x00,0x00,0x00,0x00,0x00,0x00,0x00,0x00,0x00,0x00,0x00,0x00,0x00,
    0x00,0x00,0x00,0x00,0x00,0x00,0x00,0x00,0x00,0x00,0x00,0x00,0x00,0x00,0x00,0x00,
    0x00,0x00,0x00,0x00,0x00,0x00,0x00,0x00,0x00,0x00,0x00,0x00,0x00,0x00,0x00,0x00,
    0x00,0x00,0x00,0x00,0x00,0x00,0x00,0x00,0x00,0x00,0x00,0x00,0x00,0x00,0x00,0x00,
    0x00,0x00,0x00,0x00,0x00,0x00,0x00,0x00,0x00,0x00,0x00,0x00,0x00,0x00,0x00,0x00,
    0x00,0x00,0x00,0x00,0x00,0x00,0x00,0x00,0x00,0x00,0x00,0x00,0x00,0x00,0x00,0x00,
    0x00,0x00,0x00,0x00,0x00,0x00,0x00,0x00,0x00,0x00,0x00,0x00,0x00,0x00,0x00,0x00,
    0x00,0x00,0x00,0x00,0x00,0x00,0x00,0x00,0x00,0x00,0x00,0x00,0x00,0x00,0x00,0x00,
    0x00,0x00,0x00,0x00,0x00,0x00,0x00,0x00,0x00,0x00,0x00,0x00,0x00,0x00,0x00,0x00,
    0x00,0x00,0x00,0x00,0x00,0x00,0x00,0x00,0x00,0x00,0x00,0x00,0x00,0x00,0x00,0x00,
    0x00,0x00,0x00,0x00,0x00,0x00,0x00,0x00,0x00,0x00,0x00,0x00,0x00,0x00,0x00,0x00,
    0x00,0x00,0x00,0x00,0x00,0x00,0x00,0x00,0x00,0x00,0x00,0x00,0x00,0x00,0x00,0x00,
    0x00,0x00,0x00,0x00,0x00,0x00,0x00,0x00,0x00,0x00,0x00,0x00,0x00,0x00,0x00,0x00,
    0x00,0x00,0x00,0x00,0x00,0x00,0x00,0x00,0x00,0x00,0x00,0x00,0x00,0x00,0x00,0x00,
    0x00,0x00,0x00,0x00,0x00,0x00,0x00,0x00,0x00,0x00,0x00,0x00,0x00,0x00,0x00,0x00,
    0x00,0x00,0x00,0x00,0x00,0x00,0x00,0x00,0x00,0x00,0x00,0x00,0x00,0x00,0x00,0x00,
    0x00,0x00,0x00,0x00,0x00,0x00,0x00,0x00,0x00,0x00,0x00,0x00,0x00,0x00,0x00,0x00,
    0x00,0x00,0x00,0x00,0x00,0x00,0x00,0x00,0x00,0x00,0x00,0x00,0x00,0x00,0x00,0x00,
    0x00,0x00,0x00,0x00,0x00,0x00,0x00,0x00,0x00,0x00,0x00,0x00,0x00,0x00,0x00,0x00,
    0x00,0x00,0x00,0x00,0x00,0x00,0x00,0x00,0x00,0x00,0x00,0x00,0x00,0x00,0x00,0x00,
    0x00,0x00,0x00,0x00,0x00,0x00,0x00,0x00,0x00,0x00,0x00,0x00,0x00,0x00,0x00,0x00,
    0x00,0x00,0x00,0x00,0x00,0x00,0x00,0x00,0x00,0x00,0x00,0x00,0x00,0x00,0x00,0x00,
    0x00,0x00,0x00,0x00,0x00,0x00,0x00,0x00,0x00,0x00,0x00,0x00,0x00,0x00,0x00,0x00,
    0x00,0x00,0x00,0x00,0x00,0x00,0x00,0x00,0x00,0x00,0x00,0x00,0x00,0x00,0x00,0x00,
    0x00,0x00,0x00,0x00,0x00,0x00,0x00,0x00,0x00,0x00,0x00,0x00,0x00,0x00,0x00,0x00,
    0x00,0x00,0x00,0x00,0x00,0x00,0x00,0x00,0x00,0x00,0x00,0x00,0x00,0x00,0x00,0x00,
    0x00,0x00,0x00,0x00,0x00,0x00,0x00,0x00,0x00,0x00,0x00,0x00,0x00,0x00,0x00,0x00,
    0x00,0x00,0x00,0x00,0x00,0x00,0x00,0x00,0x00,0x00,0x00,0x00,0x00,0x00,0x00,0x00,
    0x00,0x00,0x00,0x00,0x00,0x00,0x00,0x00,0x00,0x00,0x00,0x00,0x00,0x00,0x00,0x00,
    0x00,0x00,0x00,0x00,0x00,0x00,0x00,0x00,0x00,0x00,0x00,0x00,0x00,0x00,0x00,0x00,
    0x00,0x00,0x00,0x00,0x00,0x00,0x00,0x00,0x00,0x00,0x00,0x00,0x00,0x00,0x00,0x00,
    0x00,0x00,0x00,0x00,0x00,0x00,0x00,0x00,0x00,0x00,0x00,0x00,0x00,0x00,0x00,0x00,
    0x00,0x00,0x00,0x00,0x00,0x00,0x00,0x00,0x00,0x00,0x00,0x00,0x00,0x00,0x00,0x00,
    0x00,0x00,0x00,0x00,0x00,0x00,0x00,0x00,0x00,0x00,0x00,0x00,0x00,0x00,0x00,0x00,
    0x00,0x00,0x00,0x00,0x00,0x00,0x00,0x00,0x00,0x00,0x00,0x00,0x00,0x00,0x00,0x00,
    0x00,0x00,0x00,0x00,0x00,0x00,0x00,0x00,0x00,0x00,0x00,0x00,0x00,0x00,0x00,0x00,
    0x00,0x00,0x00,0x00,0x00,0x00,0x00,0x00,0x00,0x00,0x00,0x00,0x00,0x00,0x00,0x00,
    0x00,0x00,0x00,0x00,0x00,0x00,0x00,0x00,0x00,0x00,0x00,0x00,0x00,0x00,0x00,0x00,
    0x00,0x00,0x00,0x00,0x00,0x00,0x00,0x00,0x00,0x00,0x00,0x00,0x00,0x00,0x00,0x00,
    0x00,0x00,0x00,0x00,0x00,0x00,0x00,0x00,0x00,0x00,0x00,0x00,0x00,0x00,0x00,0x00,
    0x00,0x00,0x00,0x00,0x00,0x00,0x00,0x00,0x00,0x00,0x00,0x00,0x00,0x00,0x00,0x00,
    0x00,0x00,0x00,0x00,0x00,0x00,0x00,0x00,0x00,0x00,0x00,0x00,0x00,0x00,0x00,0x00,
    0x00,0x00,0x00,0x00,0x00,0x00,0x00,0x00,0x00,0x00,0x00,0x00,0x00,0x00,0x00,0x00,
    0x00,0x00,0x00,0x00,0x00,0x00,0x00,0x00,0x00,0x00,0x00,0x00,0x00,0x00,0x00,0x00,
    0x00,0x00,0x00,0x00,0x00,0x00,0x00,0x00,0x00,0x00,0x00,0x00,0x00,0x00,0x00,0x00,
    0x00,0x00,0x00,0x00,0x00,0x00,0x00,0x00,0x00,0x00,0x00,0x00,0x00,0x00,0x00,0x00,
    0x00,0x00,0x00,0x00,0x00,0x00,0x00,0x00,0x00,0x00,0x00,0x00,0x00,0x00,0x00,0x00,
    0x00,0x00,0x00,0x00,0x00,0x00,0x00,0x00,0x00,0x00,0x00,0x00,0x00,0x00,0x00,0x00,
    0x00,0x00,0x00,0x00,0x00,0x00,0x00,0x00,0x00,0x00,0x00,0x00,0x00,0x00,0x00,0x00,
    0x00,0x00,0x00,0x00,0x00,0x00,0x00,0x00,0x00,0x00,0x00,0x00,0x00,0x00,0x00,0x00,
    0x00,0x00,0x00,0x00,0x00,0x00,0x00,0x00,0x00,0x00,0x00,0x00,0x00,0x00,0x00,0x00,
    0x00,0x00,0x00,0x00,0x00,0x00,0x00,0x00,0x00,0x00,0x00,0x00,0x00,0x00,0x00,0x00,
    0x00,0x00,0x00,0x00,0x00,0x00,0x00,0x00,0x00,0x00,0x00,0x00,0x00,0x00,0x00,0x00,
    0x00,0x00,0x00,0x00,0x00,0x00,0x00,0x00,0x00,0x00,0x00,0x00,0x00,0x00,0x00,0x00,
    0x00,0x00,0x00,0x00,0x00,0x00,0x00,0x00,0x00,0x00,0x00,0x00,0x00,0x00,0x00,0x00,
    0x00,0x00,0x00,0x00,0x00,0x00,0x00,0x00,0x00,0x00,0x00,0x00,0x00,0x00,0x00,0x00,
    0x00,0x00,0x00,0x00,0x00,0x00,0x00,0x00,0x00,0x00,0x00,0x00,0x00,0x00,0x00,0x00,
    0x00,0x00,0x00,0x00,0x00,0x00,0x00,0x00,0x00,0x00,0x00,0x00,0x00,0x00,0x00,0x00,
    0x00,0x00,0x00,0x00,0x00,0x00,0x00,0x00,0x00,0x00,0x00,0x00,0x00,0x00,0x00,0x00,
    0x00,0x00,0x00,0x00,0x00,0x00,0x00,0x00,0x00,0x00,0x00,0x00,0x00,0x00,0x00,0x00,
    0x00,0x00,0x00,0x00,0x00,0x00,0x00,0x00,0x00,0x00,0x00,0x00,0x00,0x00,0x00,0x00,
    0x00,0x00,0x00,0x00,0x00,0x00,0x00,0x00,0x00,0x00,0x00,0x00,0x00,0x00,0x00,0x00,
    0x00,0x00,0x00,0x00,0x00,0x00,0x00,0x00,0x00,0x00,0x00,0x00,0x00,0x00,0x00,0x00,
    0x00,0x00,0x00,0x00,0x00,0x00,0x00,0x00,0x00,0x00,0x00,0x00,0x00,0x00,0x00,0x00,
    0x00,0x00,0x00,0x00,0x00,0x00,0x00,0x00,0x00,0x00,0x00,0x00,0x00,0x00,0x00,0x00,
    0x00,0x00,0x00,0x00,0x00,0x00,0x00,0x00,0x00,0x00,0x00,0x00,0x00,0x00,0x00,0x00,
    0x00,0x00,0x00,0x00,0x00,0x00,0x00,0x00,0x00,0x00,0x00,0x00,0x00,0x00,0x00,0x00,
    0x00,0x00,0x00,0x00,0x00,0x00,0x00,0x00,0x00,0x00,0x00,0x00,0x00,0x00,0x00,0x00,
    0x00,0x00,0x00,0x00,0x00,0x00,0x00,0x00,0x00,0x00,0x00,0x00,0x00,0x00,0x00,0x00,
    0x00,0x00,0x00,0x00,0x00,0x00,0x00,0x00,0x00,0x00,0x00,0x00,0x00,0x00,0x00,0x00,
    0x00,0x00,0x00,0x00,0x00,0x00,0x00,0x00,0x00,0x00,0x00,0x00,0x00,0x00,0x00,0x00,
    0x00,0x00,0x00,0x00,0x00,0x00,0x00,0x00,0x00,0x00,0x00,0x00,0x00,0x00,0x00,0x00,
    0x00,0x00,0x00,0x00,0x00,0x00,0x00,0x00,0x00,0x00,0x00,0x00,0x00,0x00,0x00,0x00,
    0x00,0x00,0x00,0x00,0x00,0x00,0x00,0x00,0x00,0x00,0x00,0x00,0x00,0x00,0x00,0x00,
    0x00,0x00,0x00,0x00,0x00,0x00,0x00,0x00,0x00,0x00,0x00,0x00,0x00,0x00,0x00,0x00,
    0x00,0x00,0x00,0x00,0x00,0x00,0x00,0x00,0x00,0x00,0x00,0x00,0x00,0x00,0x00,0x00,
    0x00,0x00,0x00,0x00,0x00,0x00,0x00,0x00,0x00,0x00,0x00,0x00,0x00,0x00,0x00,0x00,
    0x00,0x00,0x00,0x00,0x00,0x00,0x00,0x00,0x00,0x00,0x00,0x00,0x00,0x00,0x00,0x00,
    0x00,0x00,0x00,0x00,0x00,0x00,0x00,0x00,0x00,0x00,0x00,0x00,0x00,0x00,0x00,0x00,
    0x00,0x00,0x00,0x00,0x00,0x00,0x00,0x00,0x00,0x00,0x00,0x00,0x00,0x00,0x00,0x00,
    0x00,0x00,0x00,0x00,0x00,0x00,0x00,0x00,0x00,0x00,0x00,0x00,0x00,0x00,0x00,0x00,
    0x00,0x00,0x00,0x00,0x00,0x00,0x00,0x00,0x00,0x00,0x00,0x00,0x00,0x00,0x00,0x00,
    0x00,0x00,0x00,0x00,0x00,0x00,0x00,0x00,0x00,0x00,0x00,0x00,0x00,0x00,0x00,0x00,
    0x00,0x00,0x00,0x00,0x00,0x00,0x00,0x00,0x00,0x00,0x00,0x00,0x00,0x00,0x00,0x00,
    0x00,0x00,0x00,0x00,0x00,0x00,0x00,0x00,0x00,0x00,0x00,0x00,0x00,0x00,0x00,0x00,
    0x00,0x00,0x00,0x00,0x00,0x00,0x00,0x00,0x00,0x00,0x00,0x00,0x00,0x00,0x00,0x00,
    0x00,0x00,0x00,0x00,0x00,0x00,0x00,0x00,0x00,0x00,0x00,0x00,0x00,0x00,0x00,0x00,
    0x00,0x00,0x00,0x00,0x00,0x00,0x00,0x00,0x00,0x00,0x00,0x00,0x00,0x00,0x00,0x00,
    0x00,0x00,0x00,0x00,0x00,0x00,0x00,0x00,0x00,0x00,0x00,0x00,0x00,0x00,0x00,0x00,
    0x00,0x00,0x00,0x00,0x00,0x00,0x00,0x00,0x00,0x00,0x00,0x00,0x00,0x00,0x00,0x00,
    0x00,0x00,0x00,0x00,0x00,0x00,0x00,0x00,0x00,0x00,0x00,0x00,0x00,0x00,0x00,0x00,
    0x00,0x00,0x00,0x00,0x00,0x00,0x00,0x00,0x00,0x00,0x00,0x00,0x00,0x00,0x00,0x00,
    0x00,0x00,0x00,0x00,0x00,0x00,0x00,0x00,0x00,0x00,0x00,0x00,0x00,0x00,0x00,0x00,
    0x00,0x00,0x00,0x00,0x00,0x00,0x00,0x00,0x00,0x00,0x00,0x00,0x00,0x00,0x00,0x00,
    0x00,0x00,0x00,0x00,0x00,0x00,0x00,0x00,0x00,0x00,0x00,0x00,0x00,0x00,0x00,0x00,
    0x00,0x00,0x00,0x00,0x00,0x00,0x00,0x00,0x00,0x00,0x00,0x00,0x00,0x00,0x00,0x00,
    0x00,0x00,0x00,0x00,0x00,0x00,0x00,0x00,0x00,0x00,0x00,0x00,0x00,0x00,0x00,0x00,
    0x00,0x00,0x00,0x00,0x00,0x00,0x00,0x00,0x00,0x00,0x00,0x00,0x00,0x00,0x00,0x00,
    0x00,0x00,0x00,0x00,0x00,0x00,0x00,0x00,0x00,0x00,0x00,0x00,0x00,0x00,0x00,0x00,
    0x00,0x00,0x00,0x00,0x00,0x00,0x00,0x00,0x00,0x00,0x00,0x00,0x00,0x00,0x00,0x00,
    0x00,0x00,0x00,0x00,0x00,0x00,0x00,0x00,0x00,0x00,0x00,0x00,0x00,0x00,0x00,0x00,
    0x00,0x00,0x00,0x00,0x00,0x00,0x00,0x00,0x00,0x00,0x00,0x00,0x00,0x00,0x00,0x00,
    0x00,0x00,0x00,0x00,0x00,0x00,0x00,0x00,0x00,0x00,0x00,0x00,0x00,0x00,0x00,0x00,
    0x00,0x00,0x00,0x00,0x00,0x00,0x00,0x00,0x00,0x00,0x00,0x00,0x00,0x00,0x00,0x00,
    0x00,0x00,0x00,0x00,0x00,0x00,0x00,0x00,0x00,0x00,0x00,0x00,0x00,0x00,0x00,0x00,
    0x00,0x00,0x00,0x00,0x00,0x00,0x00,0x00,0x00,0x00,0x00,0x00,0x00,0x00,0x00,0x00,
    0x00,0x00,0x00,0x00,0x00,0x00,0x00,0x00,0x00,0x00,0x00,0x00,0x00,0x00,0x00,0x00,
    0x00,0x00,0x00,0x00,0x00,0x00,0x00,0x00,0x00,0x00,0x00,0x00,0x00,0x00,0x00,0x00,
    0x00,0x00,0x00,0x00,0x00,0x00,0x00,0x00,0x00,0x00,0x00,0x00,0x00,0x00,0x00,0x00,
    0x00,0x00,0x00,0x00,0x00,0x00,0x00,0x00,0x00,0x00,0x00,0x00,0x00,0x00,0x00,0x00,
    0x00,0x00,0x00,0x00,0x00,0x00,0x00,0x00,0x00,0x00,0x00,0x00,0x00,0x00,0x00,0x00,
    0x00,0x00,0x00,0x00,0x00,0x00,0x00,0x00,0x00,0x00,0x00,0x00,0x00,0x00,0x00,0x00,
    0x00,0x00,0x00,0x00,0x00,0x00,0x00,0x00,0x00,0x00,0x00,0x00,0x00,0x00,0x00,0x00,
    0x00,0x00,0x00,0x00,0x00,0x00,0x00,0x00,0x00,0x00,0x00,0x00,0x00,0x00,0x00,0x00,
    0x00,0x00,0x00,0x00,0x00,0x00,0x00,0x00,0x00,0x00,0x00,0x00,0x00,0x00,0x00,0x00,
    0x00,0x00,0x00,0x00,0x00,0x00,0x00,0x00,0x00,0x00,0x00,0x00,0x00,0x00,0x00,0x00,
    0x00,0x00,0x00,0x00,0x00,0x00,0x00,0x00,0x00,0x00,0x00,0x00,0x00,0x00,0x00,0x00,
    0x00,0x00,0x00,0x00,0x00,0x00,0x00,0x00,0x00,0x00,0x00,0x00,0x00,0x00,0x00,0x00,
    0x00,0x00,0x00,0x00,0x00,0x00,0x00,0x00,0x00,0x00,0x00,0x00,0x00,0x00,0x00,0x00,
    0x00,0x00,0x00,0x00,0x00,0x00,0x00,0x00,0x00,0x00,0x00,0x00,0x00,0x00,0x00,0x00,
    0x00,0x00,0x00,0x00,0x00,0x00,0x00,0x00,0x00,0x00,0x00,0x00,0x00,0x00,0x00,0x00,
    0x00,0x00,0x00,0x00,0x00,0x00,0x00,0x00,0x00,0x00,0x00,0x00,0x00,0x00,0x00,0x00,
    0x00,0x00,0x00,0x00,0x00,0x00,0x00,0x00,0x00,0x00,0x00,0x00,0x00,0x00,0x00,0x00,
    0x00,0x00,0x00,0x00,0x00,0x00,0x00,0x00,0x00,0x00,0x00,0x00,0x00,0x00,0x00,0x00,
    0x00,0x00,0x00,0x00,0x00,0x00,0x00,0x00,0x00,0x00,0x00,0x00,0x00,0x00,0x00,0x00,
    0x00,0x00,0x00,0x00,0x00,0x00,0x00,0x00,0x00,0x00,0x00,0x00,0x00,0x00,0x00,0x00,
    0x00,0x00,0x00,0x00,0x00,0x00,0x00,0x00,0x00,0x00,0x00,0x00,0x00,0x00,0x00,0x00,
    0x00,0x00,0x00,0x00,0x00,0x00,0x00,0x00,0x00,0x00,0x00,0x00,0x00,0x00,0x00,0x00,
    0x00,0x00,0x00,0x00,0x00,0x00,0x00,0x00,0x00,0x00,0x00,0x00,0x00,0x00,0x00,0x00,
    0x00,0x00,0x00,0x00,0x00,0x00,0x00,0x00,0x00,0x00,0x00,0x00,0x00,0x00,0x00,0x00,
    0x00,0x00,0x00,0x00,0x00,0x00,0x00,0x00,0x00,0x00,0x00,0x00,0x00,0x00,0x00,0x00,
    0x00,0x00,0x00,0x00,0x00,0x00,0x00,0x00,0x00,0x00,0x00,0x00,0x00,0x00,0x00,0x00,
    0x00,0x00,0x00,0x00,0x00,0x00,0x00,0x00,0x00,0x00,0x00,0x00,0x00,0x00,0x00,0x00,
    0x00,0x00,0x00,0x00,0x00,0x00,0x00,0x00,0x00,0x00,0x00,0x00,0x00,0x00,0x00,0x00,
    0x00,0x00,0x00,0x00,0x00,0x00,0x00,0x00,0x00,0x00,0x00,0x00,0x00,0x00,0x00,0x00,
    0x00,0x00,0x00,0x00,0x00,0x00,0x00,0x00,0x00,0x00,0x00,0x00,0x00,0x00,0x00,0x00,
    0x00,0x00,0x00,0x00,0x00,0x00,0x00,0x00,0x00,0x00,0x00,0x00,0x00,0x00,0x00,0x00,
    0x00,0x00,0x00,0x00,0x00,0x00,0x00,0x00,0x00,0x00,0x00,0x00,0x00,0x00,0x00,0x00,
    0x00,0x00,0x00,0x00,0x00,0x00,0x00,0x00,0x00,0x00,0x00,0x00,0x00,0x00,0x00,0x00,
    0x00,0x00,0x00,0x00,0x00,0x00,0x00,0x00,0x00,0x00,0x00,0x00,0x00,0x00,0x00,0x00,
    0x00,0x00,0x00,0x00,0x00,0x00,0x00,0x00,0x00,0x00,0x00,0x00,0x00,0x00,0x00,0x00,
    0x00,0x00,0x00,0x00,0x00,0x00,0x00,0x00,0x00,0x00,0x00,0x00,0x00,0x00,0x00,0x00,
    0x00,0x00,0x00,0x00,0x00,0x00,0x00,0x00,0x00,0x00,0x00,0x00,0x00,0x00,0x00,0x00,
    0x00,0x00,0x00,0x00,0x00,0x00,0x00,0x00,0x00,0x00,0x00,0x00,0x00,0x00,0x00,0x00,
    0x00,0x00,0x00,0x00,0x00,0x00,0x00,0x00,0x00,0x00,0x00,0x00,0x00,0x00,0x00,0x00,
    0x00,0x00,0x00,0x00,0x00,0x00,0x00,0x00,0x00,0x00,0x00,0x00,0x00,0x00,0x00,0x00,
    0x00,0x00,0x00,0x00,0x00,0x00,0x00,0x00,0x00,0x00,0x00,0x00,0x00,0x00,0x00,0x00,
    0x00,0x00,0x00,0x00,0x00,0x00,0x00,0x00,0x00,0x00,0x00,0x00,0x00,0x00,0x00,0x00,
    0x00,0x00,0x00,0x00,0x00,0x00,0x00,0x00,0x00,0x00,0x00,0x00,0x00,0x00,0x00,0x00,
    0x00,0x00,0x00,0x00,0x00,0x00,0x00,0x00,0x00,0x00,0x00,0x00,0x00,0x00,0x00,0x00,
    0x00,0x00,0x00,0x00,0x00,0x00,0x00,0x00,0x00,0x00,0x00,0x00,0x00,0x00,0x00,0x00,
    0x00,0x00,0x00,0x00,0x00,0x00,0x00,0x00,0x00,0x00,0x00,0x00,0x00,0x00,0x00,0x00,
    0x00,0x00,0x00,0x00,0x00,0x00,0x00,0x00,0x00,0x00,0x00,0x00,0x00,0x00,0x00,0x00,
    0x00,0x00,0x00,0x00,0x00,0x00,0x00,0x00,0x00,0x00,0x00,0x00,0x00,0x00,0x00,0x00,
    0x00,0x00,0x00,0x00,0x00,0x00,0x00,0x00,0x00,0x00,0x00,0x00,0x00,0x00,0x00,0x00,
    0x00,0x00,0x00,0x00,0x00,0x00,0x00,0x00,0x00,0x00,0x00,0x00,0x00,0x00,0x00,0x00,
    0x00,0x00,0x00,0x00,0x00,0x00,0x00,0x00,0x00,0x00,0x00,0x00,0x00,0x00,0x00,0x00,
    0x00,0x00,0x00,0x00,0x00,0x00,0x00,0x00,0x00,0x00,0x00,0x00,0x00,0x00,0x00,0x00,
    0x00,0x00,0x00,0x00,0x00,0x00,0x00,0x00,0x00,0x00,0x00,0x00,0x00,0x00,0x00,0x00,
    0x00,0x00,0x00,0x00,0x00,0x00,0x00,0x00,0x00,0x00,0x00,0x00,0x00,0x00,0x00,0x00,
    0x00,0x00,0x00,0x00,0x00,0x00,0x00,0x00,0x00,0x00,0x00,0x00,0x00,0x00,0x00,0x00,
    0x00,0x00,0x00,0x00,0x00,0x00,0x00,0x00,0x00,0x00,0x00,0x00,0x00,0x00,0x00,0x00,
    0x00,0x00,0x00,0x00,0x00,0x00,0x00,0x00,0x00,0x00,0x00,0x00,0x00,0x00,0x00,0x00,
    0x00,0x00,0x00,0x00,0x00,0x00,0x00,0x00,0x00,0x00,0x00,0x00,0x00,0x00,0x00,0x00,
    0x00,0x00,0x00,0x00,0x00,0x00,0x00,0x00,0x00,0x00,0x00,0x00,0x00,0x00,0x00,0x00,
    0x00,0x00,0x00,0x00,0x00,0x00,0x00,0x00,0x00,0x00,0x00,0x00,0x00,0x00,0x00,0x00,
    0x00,0x00,0x00,0x00,0x00,0x00,0x00,0x00,0x00,0x00,0x00,0x00,0x00,0x00,0x00,0x00,
    0x00,0x00,0x00,0x00,0x00,0x00,0x00,0x00,0x00,0x00,0x00,0x00,0x00,0x00,0x00,0x00,
    0x00,0x00,0x00,0x00,0x00,0x00,0x00,0x00,0x00,0x00,0x00,0x00,0x00,0x00,0x00,0x00,
    0x00,0x00,0x00,0x00,0x00,0x00,0x00,0x00,0x00,0x00,0x00,0x00,0x00,0x00,0x00,0x00,
    0x00,0x00,0x00,0x00,0x00,0x00,0x00,0x00,0x00,0x00,0x00,0x00,0x00,0x00,0x00,0x00,
    0x00,0x00,0x00,0x00,0x00,0x00,0x00,0x00,0x00,0x00,0x00,0x00,0x00,0x00,0x00,0x00,
    0x00,0x00,0x00,0x00,0x00,0x00,0x00,0x00,0x00,0x00,0x00,0x00,0x00,0x00,0x00,0x00,
    0x00,0x00,0x00,0x00,0x00,0x00,0x00,0x00,0x00,0x00,0x00,0x00,0x00,0x00,0x00,0x00,
    0x00,0x00,0x00,0x00,0x00,0x00,0x00,0x00,0x00,0x00,0x00,0x00,0x00,0x00,0x00,0x00,
    0x00,0x00,0x00,0x00,0x00,0x00,0x00,0x00,0x00,0x00,0x00,0x00,0x00,0x00,0x00,0x00,
    0x00,0x00,0x00,0x00,0x00,0x00,0x00,0x00,0x00,0x00,0x00,0x00,0x00,0x00,0x00,0x00,
    0x00,0x00,0x00,0x00,0x00,0x00,0x00,0x00,0x00,0x00,0x00,0x00,0x00,0x00,0x00,0x00,
    0x00,0x00,0x00,0x00,0x00,0x00,0x00,0x00,0x00,0x00,0x00,0x00,0x00,0x00,0x00,0x00,
    0x00,0x00,0x00,0x00,0x00,0x00,0x00,0x00,0x00,0x00,0x00,0x00,0x00,0x00,0x00,0x00,
    0x00,0x00,0x00,0x00,0x00,0x00,0x00,0x00,0x00,0x00,0x00,0x00,0x00,0x00,0x00,0x00,
    0x00,0x00,0x00,0x00,0x00,0x00,0x00,0x00,0x00,0x00,0x00,0x00,0x00,0x00,0x00,0x00,
    0x00,0x00,0x00,0x00,0x00,0x00,0x00,0x00,0x00,0x00,0x00,0x00,0x00,0x00,0x00,0x00,
    0x00,0x00,0x00,0x00,0x00,0x00,0x00,0x00,0x00,0x00,0x00,0x00,0x00,0x00,0x00,0x00,
    0x00,0x00,0x00,0x00,0x00,0x00,0x00,0x00,0x00,0x00,0x00,0x00,0x00,0x00,0x00,0x00,
    0x00,0x00,0x00,0x00,0x00,0x00,0x00,0x00,0x00,0x00,0x00,0x00,0x00,0x00,0x00,0x00,
    0x00,0x00,0x00,0x00,0x00,0x00,0x00,0x00,0x00,0x00,0x00,0x00,0x00,0x00,0x00,0x00,
    0x00,0x00,0x00,0x00,0x00,0x00,0x00,0x00,0x00,0x00,0x00,0x00,0x00,0x00,0x00,0x00,
    0x00,0x00,0x00,0x00,0x00,0x00,0x00,0x00,0x00,0x00,0x00,0x00,0x00,0x00,0x00,0x00,
    0x00,0x00,0x00,0x00,0x00,0x00,0x00,0x00,0x00,0x00,0x00,0x00,0x00,0x00,0x00,0x00,
    0x00,0x00,0x00,0x00,0x00,0x00,0x00,0x00,0x00,0x00,0x00,0x00,0x00,0x00,0x00,0x00,
    0x00,0x00,0x00,0x00,0x00,0x00,0x00,0x00,0x00,0x00,0x00,0x00,0x00,0x00,0x00,0x00,
    0x00,0x00,0x00,0x00,0x00,0x00,0x00,0x00,0x00,0x00,0x00,0x00,0x00,0x00,0x00,0x00,
    0x00,0x00,0x00,0x00,0x00,0x00,0x00,0x00,0x00,0x00,0x00,0x00,0x00,0x00,0x00,0x00,
    0x00,0x00,0x00,0x00,0x00,0x00,0x00,0x00,0x00,0x00,0x00,0x00,0x00,0x00,0x00,0x00,
    0x00,0x00,0x00,0x00,0x00,0x00,0x00,0x00,0x00,0x00,0x00,0x00,0x00,0x00,0x00,0x00,
    0x00,0x00,0x00,0x00,0x00,0x00,0x00,0x00,0x00,0x00,0x00,0x00,0x00,0x00,0x00,0x00,
    0x00,0x00,0x00,0x00,0x00,0x00,0x00,0x00,0x00,0x00,0x00,0x00,0x00,0x00,0x00,0x00,
    0x00,0x00,0x00,0x00,0x00,0x00,0x00,0x00,0x00,0x00,0x00,0x00,0x00,0x00,0x00,0x00,
    0x00,0x00,0x00,0x00,0x00,0x00,0x00,0x00,0x00,0x00,0x00,0x00,0x00,0x00,0x00,0x00,
    0x00,0x00,0x00,0x00,0x00,0x00,0x00,0x00,0x00,0x00,0x00,0x00,0x00,0x00,0x00,0x00,
    0x00,0x00,0x00,0x00,0x00,0x00,0x00,0x00,0x00,0x00,0x00,0x00,0x00,0x00,0x00,0x00,
    0x00,0x00,0x00,0x00,0x00,0x00,0x00,0x00,0x00,0x00,0x00,0x00,0x00,0x00,0x00,0x00,
    0x00,0x00,0x00,0x00,0x00,0x00,0x00,0x00,0x00,0x00,0x00,0x00,0x00,0x00,0x00,0x00,
    0x00,0x00,0x00,0x00,0x00,0x00,0x00,0x00,0x00,0x00,0x00,0x00,0x00,0x00,0x00,0x00,
    0x00,0x00,0x00,0x00,0x00,0x00,0x00,0x00,0x00,0x00,0x00,0x00,0x00,0x00,0x00,0x00,
    0x00,0x00,0x00,0x00,0x00,0x00,0x00,0x00,0x00,0x00,0x00,0x00,0x00,0x00,0x00,0x00,
    0x00,0x00,0x00,0x00,0x00,0x00,0x00,0x00,0x00,0x00,0x00,0x00,0x00,0x00,0x00,0x00,
    0x00,0x00,0x00,0x00,0x00,0x00,0x00,0x00,0x00,0x00,0x00,0x00,0x00,0x00,0x00,0x00,
    0x00,0x00,0x00,0x00,0x00,0x00,0x00,0x00,0x00,0x00,0x00,0x00,0x00,0x00,0x00,0x00,
    0x00,0x00,0x00,0x00,0x00,0x00,0x00,0x00,0x00,0x00,0x00,0x00,0x00,0x00,0x00,0x00,
    0x00,0x00,0x00,0x00,0x00,0x00,0x00,0x00,0x00,0x00,0x00,0x00,0x00,0x00,0x00,0x00,
    0x00,0x00,0x00,0x00,0x00,0x00,0x00,0x00,0x00,0x00,0x00,0x00,0x00,0x00,0x00,0x00,
    0x00,0x00,0x00,0x00,0x00,0x00,0x00,0x00,0x00,0x00,0x00,0x00,0x00,0x00,0x00,0x00,
    0x00,0x00,0x00,0x00,0x00,0x00,0x00,0x00,0x00,0x00,0x00,0x00,0x00,0x00,0x00,0x00,
    0x00,0x00,0x00,0x00,0x00,0x00,0x00,0x00,0x00,0x00,0x00,0x00,0x00,0x00,0x00,0x00,
    0x00,0x00,0x00,0x00,0x00,0x00,0x00,0x00,0x00,0x00,0x00,0x00,0x00,0x00,0x00,0x00,
    0x00,0x00,0x00,0x00,0x00,0x00,0x00,0x00,0x00,0x00,0x00,0x00,0x00,0x00,0x00,0x00,
    0x00,0x00,0x00,0x00,0x00,0x00,0x00,0x00,0x00,0x00,0x00,0x00,0x00,0x00,0x00,0x00,
    0x00,0x00,0x00,0x00,0x00,0x00,0x00,0x00,0x00,0x00,0x00,0x00,0x00,0x00,0x00,0x00,
    0x00,0x00,0x00,0x00,0x00,0x00,0x00,0x00,0x00,0x00,0x00,0x00,0x00,0x00,0x00,0x00,
    0x00,0x00,0x00,0x00,0x00,0x00,0x00,0x00,0x00,0x00,0x00,0x00,0x00,0x00,0x00,0x00,
    0x00,0x00,0x00,0x00,0x00,0x00,0x00,0x00,0x00,0x00,0x00,0x00,0x00,0x00,0x00,0x00,
    0x00,0x00,0x00,0x00,0x00,0x00,0x00,0x00,0x00,0x00,0x00,0x00,0x00,0x00,0x00,0x00,
    0x00,0x00,0x00,0x00,0x00,0x00,0x00,0x00,0x00,0x00,0x00,0x00,0x00,0x00,0x00,0x00,
    0x00,0x00,0x00,0x00,0x00,0x00,0x00,0x00,0x00,0x00,0x00,0x00,0x00,0x00,0x00,0x00,
    0x00,0x00,0x00,0x00,0x00,0x00,0x00,0x00,0x00,0x00,0x00,0x00,0x00,0x00,0x00,0x00,
    0x00,0x00,0x00,0x00,0x00,0x00,0x00,0x00,0x00,0x00,0x00,0x00,0x00,0x00,0x00,0x00,
    0x00,0x00,0x00,0x00,0x00,0x00,0x00,0x00,0x00,0x00,0x00,0x00,0x00,0x00,0x00,0x00,
    0x00,0x00,0x00,0x00,0x00,0x00,0x00,0x00,0x00,0x00,0x00,0x00,0x00,0x00,0x00,0x00,
    0x00,0x00,0x00,0x00,0x00,0x00,0x00,0x00,0x00,0x00,0x00,0x00,0x00,0x00,0x00,0x00,
    0x00,0x00,0x00,0x00,0x00,0x00,0x00,0x00,0x00,0x00,0x00,0x00,0x00,0x00,0x00,0x00,
    0x00,0x00,0x00,0x00,0x00,0x00,0x00,0x00,0x00,0x00,0x00,0x00,0x00,0x00,0x00,0x00,
    0x00,0x00,0x00,0x00,0x00,0x00,0x00,0x00,0x00,0x00,0x00,0x00,0x00,0x00,0x00,0x00,
    0x00,0x00,0x00,0x00,0x00,0x00,0x00,0x00,0x00,0x00,0x00,0x00,0x00,0x00,0x00,0x00,
    0x00,0x00,0x00,0x00,0x00,0x00,0x00,0x00,0x00,0x00,0x00,0x00,0x00,0x00,0x00,0x00,
    0x00,0x00,0x00,0x00,0x00,0x00,0x00,0x00,0x00,0x00,0x00,0x00,0x00,0x00,0x00,0x00,
    0x00,0x00,0x00,0x00,0x00,0x00,0x00,0x00,0x00,0x00,0x00,0x00,0x00,0x00,0x00,0x00,
    0x00,0x00,0x00,0x00,0x00,0x00,0x00,0x00,0x00,0x00,0x00,0x00,0x00,0x00,0x00,0x00,
    0x00,0x00,0x00,0x00,0x00,0x00,0x00,0x00,0x00,0x00,0x00,0x00,0x00,0x00,0x00,0x00,
    0x00,0x00,0x00,0x00,0x00,0x00,0x00,0x00,0x00,0x00,0x00,0x00,0x00,0x00,0x00,0x00,
    0x00,0x00,0x00,0x00,0x00,0x00,0x00,0x00,0x00,0x00,0x00,0x00,0x00,0x00,0x00,0x00,
    0x00,0x00,0x00,0x00,0x00,0x00,0x00,0x00,0x00,0x00,0x00,0x00,0x00,0x00,0x00,0x00,
    0x00,0x00,0x00,0x00,0x00,0x00,0x00,0x00,0x00,0x00,0x00,0x00,0x00,0x00,0x00,0x00,
    0x00,0x00,0x00,0x00,0x00,0x00,0x00,0x00,0x00,0x00,0x00,0x00,0x00,0x00,0x00,0x00,
    0x00,0x00,0x00,0x00,0x00,0x00,0x00,0x00,0x00,0x00,0x00,0x00,0x00,0x00,0x00,0x00,
    0x00,0x00,0x00,0x00,0x00,0x00,0x00,0x00,0x00,0x00,0x00,0x00,0x00,0x00,0x00,0x00,
    0x00,0x00,0x00,0x00,0x00,0x00,0x00,0x00,0x00,0x00,0x00,0x00,0x00,0x00,0x00,0x00,
    0x00,0x00,0x00,0x00,0x00,0x00,0x00,0x00,0x00,0x00,0x00,0x00,0x00,0x00,0x00,0x00,
    0x00,0x00,0x00,0x00,0x00,0x00,0x00,0x00,0x00,0x00,0x00,0x00,0x00,0x00,0x00,0x00,
    0x00,0x00,0x00,0x00,0x00,0x00,0x00,0x00,0x00,0x00,0x00,0x00,0x00,0x00,0x00,0x00,
    0x00,0x00,0x00,0x00,0x00,0x00,0x00,0x00,0x00,0x00,0x00,0x00,0x00,0x00,0x00,0x00,
    0x00,0x00,0x00,0x00,0x00,0x00,0x00,0x00,0x00,0x00,0x00,0x00,0x00,0x00,0x00,0x00,
    0x00,0x00,0x00,0x00,0x00,0x00,0x00,0x00,0x00,0x00,0x00,0x00,0x00,0x00,0x00,0x00,
    0x00,0x00,0x00,0x00,0x00,0x00,0x00,0x00,0x00,0x00,0x00,0x00,0x00,0x00,0x00,0x00,
    0x00,0x00,0x00,0x00,0x00,0x00,0x00,0x00,0x00,0x00,0x00,0x00,0x00,0x00,0x00,0x00,
    0x00,0x00,0x00,0x00,0x00,0x00,0x00,0x00,0x00,0x00,0x00,0x00,0x00,0x00,0x00,0x00,
    0x00,0x00,0x00,0x00,0x00,0x00,0x00,0x00,0x00,0x00,0x00,0x00,0x00,0x00,0x00,0x00,
    0x00,0x00,0x00,0x00,0x00,0x00,0x00,0x00,0x00,0x00,0x00,0x00,0x00,0x00,0x00,0x00,
    0x00,0x00,0x00,0x00,0x00,0x00,0x00,0x00,0x00,0x00,0x00,0x00,0x00,0x00,0x00,0x00,
    0x00,0x00,0x00,0x00,0x00,0x00,0x00,0x00,0x00,0x00,0x00,0x00,0x00,0x00,0x00,0x00,
    0x00,0x00,0x00,0x00,0x00,0x00,0x00,0x00,0x00,0x00,0x00,0x00,0x00,0x00,0x00,0x00,
    0x00,0x00,0x00,0x00,0x00,0x00,0x00,0x00,0x00,0x00,0x00,0x00,0x00,0x00,0x00,0x00,
    0x00,0x00,0x00,0x00,0x00,0x00,0x00,0x00,0x00,0x00,0x00,0x00,0x00,0x00,0x00,0x00,
    0x00,0x00,0x00,0x00,0x00,0x00,0x00,0x00,0x00,0x00,0x00,0x00,0x00,0x00,0x00,0x00,
    0x00,0x00,0x00,0x00,0x00,0x00,0x00,0x00,0x00,0x00,0x00,0x00,0x00,0x00,0x00,0x00,
    0x00,0x00,0x00,0x00,0x00,0x00,0x00,0x00,0x00,0x00,0x00,0x00,0x00,0x00,0x00,0x00,
    0x00,0x00,0x00,0x00,0x00,0x00,0x00,0x00,0x00,0x00,0x00,0x00,0x00,0x00,0x00,0x00,
    0x00,0x00,0x00,0x00,0x00,0x00,0x00,0x00,0x00,0x00,0x00,0x00,0x00,0x00,0x00,0x00,
    0x00,0x00,0x00,0x00,0x00,0x00,0x00,0x00,0x00,0x00,0x00,0x00,0x00,0x00,0x00,0x00,
    0x00,0x00,0x00,0x00,0x00,0x00,0x00,0x00,0x00,0x00,0x00,0x00,0x00,0x00,0x00,0x00,
    0x00,0x00,0x00,0x00,0x00,0x00,0x00,0x00,0x00,0x00,0x00,0x00,0x00,0x00,0x00,0x00,
    0x00,0x00,0x00,0x00,0x00,0x00,0x00,0x00,0x00,0x00,0x00,0x00,0x00,0x00,0x00,0x00,
    0x00,0x00,0x00,0x00,0x00,0x00,0x00,0x00,0x00,0x00,0x00,0x00,0x00,0x00,0x00,0x00,
    0x00,0x00,0x00,0x00,0x00,0x00,0x00,0x00,0x00,0x00,0x00,0x00,0x00,0x00,0x00,0x00,
    0x00,0x00,0x00,0x00,0x00,0x00,0x00,0x00,0x00,0x00,0x00,0x00,0x00,0x00,0x00,0x00,
    0x00,0x00,0x00,0x00,0x00,0x00,0x00,0x00,0x00,0x00,0x00,0x00,0x00,0x00,0x00,0x00,
    0x00,0x00,0x00,0x00,0x00,0x00,0x00,0x00,0x00,0x00,0x00,0x00,0x00,0x00,0x00,0x00,
    0x00,0x00,0x00,0x00,0x00,0x00,0x00,0x00,0x00,0x00,0x00,0x00,0x00,0x00,0x00,0x00,
    0x00,0x00,0x00,0x00,0x00,0x00,0x00,0x00,0x00,0x00,0x00,0x00,0x00,0x00,0x00,0x00,
    0x00,0x00,0x00,0x00,0x00,0x00,0x00,0x00,0x00,0x00,0x00,0x00,0x00,0x00,0x00,0x00,
    0x00,0x00,0x00,0x00,0x00,0x00,0x00,0x00,0x00,0x00,0x00,0x00,0x00,0x00,0x00,0x00,
    0x00,0x00,0x00,0x00,0x00,0x00,0x00,0x00,0x00,0x00,0x00,0x00,0x00,0x00,0x00,0x00,
    0x00,0x00,0x00,0x00,0x00,0x00,0x00,0x00,0x00,0x00,0x00,0x00,0x00,0x00,0x00,0x00,
    0x00,0x00,0x00,0x00,0x00,0x00,0x00,0x00,0x00,0x00,0x00,0x00,0x00,0x00,0x00,0x00,
    0x00,0x00,0x00,0x00,0x00,0x00,0x00,0x00,0x00,0x00,0x00,0x00,0x00,0x00,0x00,0x00,
    0x00,0x00,0x00,0x00,0x00,0x00,0x00,0x00,0x00,0x00,0x00,0x00,0x00,0x00,0x00,0x00,
    0x00,0x00,0x00,0x00,0x00,0x00,0x00,0x00,0x00,0x00,0x00,0x00,0x00,0x00,0x00,0x00,
    0x00,0x00,0x00,0x00,0x00,0x00,0x00,0x00,0x00,0x00,0x00,0x00,0x00,0x00,0x00,0x00,
    0x00,0x00,0x00,0x00,0x00,0x00,0x00,0x00,0x00,0x00,0x00,0x00,0x00,0x00,0x00,0x00,
    0x00,0x00,0x00,0x00,0x00,0x00,0x00,0x00,0x00,0x00,0x00,0x00,0x00,0x00,0x00,0x00,
    0x00,0x00,0x00,0x00,0x00,0x00,0x00,0x00,0x00,0x00,0x00,0x00,0x00,0x00,0x00,0x00,
    0x00,0x00,0x00,0x00,0x00,0x00,0x00,0x00,0x00,0x00,0x00,0x00,0x00,0x00,0x00,0x00,
    0x00,0x00,0x00,0x00,0x00,0x00,0x00,0x00,0x00,0x00,0x00,0x00,0x00,0x00,0x00,0x00,
    0x00,0x00,0x00,0x00,0x00,0x00,0x00,0x00,0x00,0x00,0x00,0x00,0x00,0x00,0x00,0x00,
    0x00,0x00,0x00,0x00,0x00,0x00,0x00,0x00,0x00,0x00,0x00,0x00,0x00,0x00,0x00,0x00,
    0x00,0x00,0x00,0x00,0x00,0x00,0x00,0x00,0x00,0x00,0x00,0x00,0x00,0x00,0x00,0x00,
    0x00,0x00,0x00,0x00,0x00,0x00,0x00,0x00,0x00,0x00,0x00,0x00,0x00,0x00,0x00,0x00,
    0x00,0x00,0x00,0x00,0x00,0x00,0x00,0x00,0x00,0x00,0x00,0x00,0x00,0x00,0x00,0x00,
    0x00,0x00,0x00,0x00,0x00,0x00,0x00,0x00,0x00,0x00,0x00,0x00,0x00,0x00,0x00,0x00,
    0x00,0x00,0x00,0x00,0x00,0x00,0x00,0x00,0x00,0x00,0x00,0x00,0x00,0x00,0x00,0x00,
    0x00,0x00,0x00,0x00,0x00,0x00,0x00,0x00,0x00,0x00,0x00,0x00,0x00,0x00,0x00,0x00,
    0x00,0x00,0x00,0x00,0x00,0x00,0x00,0x00,0x00,0x00,0x00,0x00,0x00,0x00,0x00,0x00,
    0x00,0x00,0x00,0x00,0x00,0x00,0x00,0x00,0x00,0x00,0x00,0x00,0x00,0x00,0x00,0x00,
    0x00,0x00,0x00,0x00,0x00,0x00,0x00,0x00,0x00,0x00,0x00,0x00,0x00,0x00,0x00,0x00,
    0x00,0x00,0x00,0x00,0x00,0x00,0x00,0x00,0x00,0x00,0x00,0x00,0x00,0x00,0x00,0x00,
    0x00,0x00,0x00,0x00,0x00,0x00,0x00,0x00,0x00,0x00,0x00,0x00,0x00,0x00,0x00,0x00,
    0x00,0x00,0x00,0x00,0x00,0x00,0x00,0x00,0x00,0x00,0x00,0x00,0x00,0x00,0x00,0x00,
    0x00,0x00,0x00,0x00,0x00,0x00,0x00,0x00,0x00,0x00,0x00,0x00,0x00,0x00,0x00,0x00,
    0x00,0x00,0x00,0x00,0x00,0x00,0x00,0x00,0x00,0x00,0x00,0x00,0x00,0x00,0x00,0x00,
    0x00,0x00,0x00,0x00,0x00,0x00,0x00,0x00,0x00,0x00,0x00,0x00,0x00,0x00,0x00,0x00,
    0x00,0x00,0x00,0x00,0x00,0x00,0x00,0x00,0x00,0x00,0x00,0x00,0x00,0x00,0x00,0x00,
    0x00,0x00,0x00,0x00,0x00,0x00,0x00,0x00,0x00,0x00,0x00,0x00,0x00,0x00,0x00,0x00,
    0x00,0x00,0x00,0x00,0x00,0x00,0x00,0x00,0x00,0x00,0x00,0x00,0x00,0x00,0x00,0x00,
    0x00,0x00,0x00,0x00,0x00,0x00,0x00,0x00,0x00,0x00,0x00,0x00,0x00,0x00,0x00,0x00,
    0x00,0x00,0x00,0x00,0x00,0x00,0x00,0x00,0x00,0x00,0x00,0x00,0x00,0x00,0x00,0x00,
    0x00,0x00,0x00,0x00,0x00,0x00,0x00,0x00,0x00,0x00,0x00,0x00,0x00,0x00,0x00,0x00,
    0x00,0x00,0x00,0x00,0x00,0x00,0x00,0x00,0x00,0x00,0x00,0x00,0x00,0x00,0x00,0x00,
    0x00,0x00,0x00,0x00,0x00,0x00,0x00,0x00,0x00,0x00,0x00,0x00,0x00,0x00,0x00,0x00,
    0x00,0x00,0x00,0x00,0x00,0x00,0x00,0x00,0x00,0x00,0x00,0x00,0x00,0x00,0x00,0x00,
    0x00,0x00,0x00,0x00,0x00,0x00,0x00,0x00,0x00,0x00,0x00,0x00,0x00,0x00,0x00,0x00,
    0x00,0x00,0x00,0x00,0x00,0x00,0x00,0x00,0x00,0x00,0x00,0x00,0x00,0x00,0x00,0x00,
    0x00,0x00,0x00,0x00,0x00,0x00,0x00,0x00,0x00,0x00,0x00,0x00,0x00,0x00,0x00,0x00,
    0x00,0x00,0x00,0x00,0x00,0x00,0x00,0x00,0x00,0x00,0x00,0x00,0x00,0x00,0x00,0x00,
    0x00,0x00,0x00,0x00,0x00,0x00,0x00,0x00,0x00,0x00,0x00,0x00,0x00,0x00,0x00,0x00,
    0x00,0x00,0x00,0x00,0x00,0x00,0x00,0x00,0x00,0x00,0x00,0x00,0x00,0x00,0x00,0x00,
    0x00,0x00,0x00,0x00,0x00,0x00,0x00,0x00,0x00,0x00,0x00,0x00,0x00,0x00,0x00,0x00,
    0x00,0x00,0x00,0x00,0x00,0x00,0x00,0x00,0x00,0x00,0x00,0x00,0x00,0x00,0x00,0x00,
    0x00,0x00,0x00,0x00,0x00,0x00,0x00,0x00,0x00,0x00,0x00,0x00,0x00,0x00,0x00,0x00,
    0x00,0x00,0x00,0x00,0x00,0x00,0x00,0x00,0x00,0x00,0x00,0x00,0x00,0x00,0x00,0x00,
    0x00,0x00,0x00,0x00,0x00,0x00,0x00,0x00,0x00,0x00,0x00,0x00,0x00,0x00,0x00,0x00,
    0x00,0x00,0x00,0x00,0x00,0x00,0x00,0x00,0x00,0x00,0x00,0x00,0x00,0x00,0x00,0x00,
    0x00,0x00,0x00,0x00,0x00,0x00,0x00,0x00,0x00,0x00,0x00,0x00,0x00,0x00,0x00,0x00,
    0x00,0x00,0x00,0x00,0x00,0x00,0x00,0x00,0x00,0x00,0x00,0x00,0x00,0x00,0x00,0x00,
    0x00,0x00,0x00,0x00,0x00,0x00,0x00,0x00,0x00,0x00,0x00,0x00,0x00,0x00,0x00,0x00,
    0x00,0x00,0x00,0x00,0x00,0x00,0x00,0x00,0x00,0x00,0x00,0x00,0x00,0x00,0x00,0x00,
    0x00,0x00,0x00,0x00,0x00,0x00,0x00,0x00,0x00,0x00,0x00,0x00,0x00,0x00,0x00,0x00,
    0x00,0x00,0x00,0x00,0x00,0x00,0x00,0x00,0x00,0x00,0x00,0x00,0x00,0x00,0x00,0x00,
    0x00,0x00,0x00,0x00,0x00,0x00,0x00,0x00,0x00,0x00,0x00,0x00,0x00,0x00,0x00,0x00,
    0x00,0x00,0x00,0x00,0x00,0x00,0x00,0x00,0x00,0x00,0x00,0x00,0x00,0x00,0x00,0x00,
    0x00,0x00,0x00,0x00,0x00,0x00,0x00,0x00,0x00,0x00,0x00,0x00,0x00,0x00,0x00,0x00,
    0x00,0x00,0x00,0x00,0x00,0x00,0x00,0x00,0x00,0x00,0x00,0x00,0x00,0x00,0x00,0x00,
    0x00,0x00,0x00,0x00,0x00,0x00,0x00,0x00,0x00,0x00,0x00,0x00,0x00,0x00,0x00,0x00,
    0x00,0x00,0x00,0x00,0x00,0x00,0x00,0x00,0x00,0x00,0x00,0x00,0x00,0x00,0x00,0x00,
    0x00,0x00,0x00,0x00,0x00,0x00,0x00,0x00,0x00,0x00,0x00,0x00,0x00,0x00,0x00,0x00,
    0x00,0x00,0x00,0x00,0x00,0x00,0x00,0x00,0x00,0x00,0x00,0x00,0x00,0x00,0x00,0x00,
    0x00,0x00,0x00,0x00,0x00,0x00,0x00,0x00,0x00,0x00,0x00,0x00,0x00,0x00,0x00,0x00,
    0x00,0x00,0x00,0x00,0x00,0x00,0x00,0x00,0x00,0x00,0x00,0x00,0x00,0x00,0x00,0x00,
    0x00,0x00,0x00,0x00,0x00,0x00,0x00,0x00,0x00,0x00,0x00,0x00,0x00,0x00,0x00,0x00,
    0x00,0x00,0x00,0x00,0x00,0x00,0x00,0x00,0x00,0x00,0x00,0x00,0x00,0x00,0x00,0x00,
    0x00,0x00,0x00,0x00,0x00,0x00,0x00,0x00,0x00,0x00,0x00,0x00,0x00,0x00,0x00,0x00,
    0x00,0x00,0x00,0x00,0x00,0x00,0x00,0x00,0x00,0x00,0x00,0x00,0x00,0x00,0x00,0x00,
    0x00,0x00,0x00,0x00,0x00,0x00,0x00,0x00,0x00,0x00,0x00,0x00,0x00,0x00,0x00,0x00,
    0x00,0x00,0x00,0x00,0x00,0x00,0x00,0x00,0x00,0x00,0x00,0x00,0x00,0x00,0x00,0x00,
    0x00,0x00,0x00,0x00,0x00,0x00,0x00,0x00,0x00,0x00,0x00,0x00,0x00,0x00,0x00,0x00,
    0x00,0x00,0x00,0x00,0x00,0x00,0x00,0x00,0x00,0x00,0x00,0x00,0x00,0x00,0x00,0x00,
    0x00,0x00,0x00,0x00,0x00,0x00,0x00,0x00,0x00,0x00,0x00,0x00,0x00,0x00,0x00,0x00,
    0x00,0x00,0x00,0x00,0x00,0x00,0x00,0x00,0x00,0x00,0x00,0x00,0x00,0x00,0x00,0x00,
    0x00,0x00,0x00,0x00,0x00,0x00,0x00,0x00,0x00,0x00,0x00,0x00,0x00,0x00,0x00,0x00,
    0x00,0x00,0x00,0x00,0x00,0x00,0x00,0x00,0x00,0x00,0x00,0x00,0x00,0x00,0x00,0x00,
    0x00,0x00,0x00,0x00,0x00,0x00,0x00,0x00,0x00,0x00,0x00,0x00,0x00,0x00,0x00,0x00,
    0x00,0x00,0x00,0x00,0x00,0x00,0x00,0x00,0x00,0x00,0x00,0x00,0x00,0x00,0x00,0x00,
    0x00,0x00,0x00,0x00,0x00,0x00,0x00,0x00,0x00,0x00,0x00,0x00,0x00,0x00,0x00,0x00,
    0x00,0x00,0x00,0x00,0x00,0x00,0x00,0x00,0x00,0x00,0x00,0x00,0x00,0x00,0x00,0x00,
    0x00,0x00,0x00,0x00,0x00,0x00,0x00,0x00,0x00,0x00,0x00,0x00,0x00,0x00,0x00,0x00,
    0x00,0x00,0x00,0x00,0x00,0x00,0x00,0x00,0x00,0x00,0x00,0x00,0x00,0x00,0x00,0x00,
    0x00,0x00,0x00,0x00,0x00,0x00,0x00,0x00,0x00,0x00,0x00,0x00,0x00,0x00,0x00,0x00,
    0x00,0x00,0x00,0x00,0x00,0x00,0x00,0x00,0x00,0x00,0x00,0x00,0x00,0x00,0x00,0x00,
    0x00,0x00,0x00,0x00,0x00,0x00,0x00,0x00,0x00,0x00,0x00,0x00,0x00,0x00,0x00,0x00,
    0x00,0x00,0x00,0x00,0x00,0x00,0x00,0x00,0x00,0x00,0x00,0x00,0x00,0x00,0x00,0x00,
    0x00,0x00,0x00,0x00,0x00,0x00,0x00,0x00,0x00,0x00,0x00,0x00,0x00,0x00,0x00,0x00,
    0x00,0x00,0x00,0x00,0x00,0x00,0x00,0x00,0x00,0x00,0x00,0x00,0x00,0x00,0x00,0x00,
    0x00,0x00,0x00,0x00,0x00,0x00,0x00,0x00,0x00,0x00,0x00,0x00,0x00,0x00,0x00,0x00,
    0x00,0x00,0x00,0x00,0x00,0x00,0x00,0x00,0x00,0x00,0x00,0x00,0x00,0x00,0x00,0x00,
    0x00,0x00,0x00,0x00,0x00,0x00,0x00,0x00,0x00,0x00,0x00,0x00,0x00,0x00,0x00,0x00,
    0x00,0x00,0x00,0x00,0x00,0x00,0x00,0x00,0x00,0x00,0x00,0x00,0x00,0x00,0x00,0x00,
    0x00,0x00,0x00,0x00,0x00,0x00,0x00,0x00,0x00,0x00,0x00,0x00,0x00,0x00,0x00,0x00,
    0x00,0x00,0x00,0x00,0x00,0x00,0x00,0x00,0x00,0x00,0x00,0x00,0x00,0x00,0x00,0x00,
    0x00,0x00,0x00,0x00,0x00,0x00,0x00,0x00,0x00,0x00,0x00,0x00,0x00,0x00,0x00,0x00,
    0x00,0x00,0x00,0x00,0x00,0x00,0x00,0x00,0x00,0x00,0x00,0x00,0x00,0x00,0x00,0x00,
    0x00,0x00,0x00,0x00,0x00,0x00,0x00,0x00,0x00,0x00,0x00,0x00,0x00,0x00,0x00,0x00,
    0x00,0x00,0x00,0x00,0x00,0x00,0x00,0x00,0x00,0x00,0x00,0x00,0x00,0x00,0x00,0x00,
    0x00,0x00,0x00,0x00,0x00,0x00,0x00,0x00,0x00,0x00,0x00,0x00,0x00,0x00,0x00,0x00,
    0x00,0x00,0x00,0x00,0x00,0x00,0x00,0x00,0x00,0x00,0x00,0x00,0x00,0x00,0x00,0x00,
    0x00,0x00,0x00,0x00,0x00,0x00,0x00,0x00,0x00,0x00,0x00,0x00,0x00,0x00,0x00,0x00,
    0x00,0x00,0x00,0x00,0x00,0x00,0x00,0x00,0x00,0x00,0x00,0x00,0x00,0x00,0x00,0x00,
    0x00,0x00,0x00,0x00,0x00,0x00,0x00,0x00,0x00,0x00,0x00,0x00,0x00,0x00,0x00,0x00,
    0x00,0x00,0x00,0x00,0x00,0x00,0x00,0x00,0x00,0x00,0x00,0x00,0x00,0x00,0x00,0x00,
    0x00,0x00,0x00,0x00,0x00,0x00,0x00,0x00,0x00,0x00,0x00,0x00,0x00,0x00,0x00,0x00,
    0x00,0x00,0x00,0x00,0x00,0x00,0x00,0x00,0x00,0x00,0x00,0x00,0x00,0x00,0x00,0x00,
    0x00,0x00,0x00,0x00,0x00,0x00,0x00,0x00,0x00,0x00,0x00,0x00,0x00,0x00,0x00,0x00,
    0x00,0x00,0x00,0x00,0x00,0x00,0x00,0x00,0x00,0x00,0x00,0x00,0x00,0x00,0x00,0x00,
    0x00,0x00,0x00,0x00,0x00,0x00,0x00,0x00,0x00,0x00,0x00,0x00,0x00,0x00,0x00,0x00,
    0x00,0x00,0x00,0x00,0x00,0x00,0x00,0x00,0x00,0x00,0x00,0x00,0x00,0x00,0x00,0x00,
    0x00,0x00,0x00,0x00,0x00,0x00,0x00,0x00,0x00,0x00,0x00,0x00,0x00,0x00,0x00,0x00,
    0x00,0x00,0x00,0x00,0x00,0x00,0x00,0x00,0x00,0x00,0x00,0x00,0x00,0x00,0x00,0x00,
    0x00,0x00,0x00,0x00,0x00,0x00,0x00,0x00,0x00,0x00,0x00,0x00,0x00,0x00,0x00,0x00,
    0x00,0x00,0x00,0x00,0x00,0x00,0x00,0x00,0x00,0x00,0x00,0x00,0x00,0x00,0x00,0x00,
    0x00,0x00,0x00,0x00,0x00,0x00,0x00,0x00,0x00,0x00,0x00,0x00,0x00,0x00,0x00,0x00,
    0x00,0x00,0x00,0x00,0x00,0x00,0x00,0x00,0x00,0x00,0x00,0x00,0x00,0x00,0x00,0x00,
    0x00,0x00,0x00,0x00,0x00,0x00,0x00,0x00,0x00,0x00,0x00,0x00,0x00,0x00,0x00,0x00,
    0x00,0x00,0x00,0x00,0x00,0x00,0x00,0x00,0x00,0x00,0x00,0x00,0x00,0x00,0x00,0x00,
    0x00,0x00,0x00,0x00,0x00,0x00,0x00,0x00,0x00,0x00,0x00,0x00,0x00,0x00,0x00,0x00,
    0x00,0x00,0x00,0x00,0x00,0x00,0x00,0x00,0x00,0x00,0x00,0x00,0x00,0x00,0x00,0x00,
    0x00,0x00,0x00,0x00,0x00,0x00,0x00,0x00,0x00,0x00,0x00,0x00,0x00,0x00,0x00,0x00,
    0x00,0x00,0x00,0x00,0x00,0x00,0x00,0x00,0x00,0x00,0x00,0x00,0x00,0x00,0x00,0x00,
    0x00,0x00,0x00,0x00,0x00,0x00,0x00,0x00,0x00,0x00,0x00,0x00,0x00,0x00,0x00,0x00,
    0x00,0x00,0x00,0x00,0x00,0x00,0x00,0x00,0x00,0x00,0x00,0x00,0x00,0x00,0x00,0x00,
    0x00,0x00,0x00,0x00,0x00,0x00,0x00,0x00,0x00,0x00,0x00,0x00,0x00,0x00,0x00,0x00,
    0x00,0x00,0x00,0x00,0x00,0x00,0x00,0x00,0x00,0x00,0x00,0x00,0x00,0x00,0x00,0x00,
    0x00,0x00,0x00,0x00,0x00,0x00,0x00,0x00,0x00,0x00,0x00,0x00,0x00,0x00,0x00,0x00,
    0x00,0x00,0x00,0x00,0x00,0x00,0x00,0x00,0x00,0x00,0x00,0x00,0x00,0x00,0x00,0x00,
    0x00,0x00,0x00,0x00,0x00,0x00,0x00,0x00,0x00,0x00,0x00,0x00,0x00,0x00,0x00,0x00,
    0x00,0x00,0x00,0x00,0x00,0x00,0x00,0x00,0x00,0x00,0x00,0x00,0x00,0x00,0x00,0x00,
    0x00,0x00,0x00,0x00,0x00,0x00,0x00,0x00,0x00,0x00,0x00,0x00,0x00,0x00,0x00,0x00,
    0x00,0x00,0x00,0x00,0x00,0x00,0x00,0x00,0x00,0x00,0x00,0x00,0x00,0x00,0x00,0x00,
    0xf8,0xd0,0x9f,0xe5,0xf8,0x40,0x9f,0xe5,0x00,0x00,0x94,0xe5,0x04,0x10,0x94,0xe5,
    0x08,0x50,0x94,0xe5,0x14,0x60,0x94,0xe5,0x00,0x00,0x56,0xe3,0x08,0x00,0x00,0x0a,
    0xfe,0x78,0xa0,0xe3,0xa8,0x60,0x87,0xe5,0x03,0x80,0xa0,0xe3,0xa4,0x80,0x87,0xe5,
    0xff,0x78,0xa0,0xe3,0x80,0x80,0xa0,0xe3,0x0c,0x80,0x87,0xe5,0x10,0x80,0x87,0xe5,
    0x40,0x00,0x08,0xf1,0x00,0x00,0x55,0xe3,0x01,0x00,0x00,0x0a,0x10,0x00,0x02,0xf1,
    0xb0,0xd0,0x9f,0xe5,0xb0,0x20,0x9f,0xe5,0xb0,0x30,0x9f,0xe5,0xb0,0xc0,0x9f,0xe5,
    0x3c,0xff,0x2f,0xe1,0x0c,0x00,0x84,0xe5,0x01,0x00,0xa0,0xe3,0x10,0x00,0x84,0xe5,
    0xfe,0xff,0xff,0xea,0x03,0x00,0x2d,0xe9,0x90,0x00,0x9f,0xe5,0x00,0x10,0x90,0xe5,
    0x01,0x10,0x81,0xe2,0x00,0x10,0x80,0xe5,0x03,0x00,0xbd,0xe8,0x0e,0xf0,0xb0,0xe1,
    0xfe,0x88,0xa0,0xe3,0x03,0x98,0xa0,0xe3,0xf8,0x90,0x88,0xe5,0x74,0xa0,0x9f,0xe5,
    0x00,0xb0,0x9a,0xe5,0x01,0xb0,0x8b,0xe2,0x00,0xb0,0x8a,0xe5,0x04,0xf0,0x5e,0xe2,
    0x4c,0x40,0x9f,0xe5,0x04,0x0f,0x00,0xe3,0x10,0x00,0x84,0xe5,0xfe,0xff,0xff,0xea,
    0x3c,0x40,0x9f,0xe5,0x0c,0x0f,0x00,0xe3,0x10,0x00,0x84,0xe5,0xfe,0xff,0xff,0xea,
    0x2c,0x40,0x9f,0xe5,0xf1,0x0e,0xa0,0xe3,0x10,0x00,0x84,0xe5,0xfe,0xff,0xff,0xea,
    0x1c,0x40,0x9f,0xe5,0x14,0x0f,0x00,0xe3,0x10,0x00,0x84,0xe5,0xfe,0xff,0xff,0xea,
    0x0c,0x40,0x9f,0xe5,0x18,0x0f,0x00,0xe3,0x10,0x00,0x84,0xe5,0xfe,0xff,0xff,0xea,
    0x00,0x00,0xf0,0x00,0x00,0x10,0x00,0x00,0x00,0x00,0xe0,0x00,0x00,0x50,0x00,0x00,
    0x00,0x40,0x00,0x00,0xb1,0x23,0x00,0x00,0x04,0x40,0x00,0x00,0x00,0x2a,0x08,0xbf,
    0x70,0x47,0x84,0x46,0x11,0xf8,0x01,0x3b,0x01,0x3a,0x0c,0xf8,0x01,0x3b,0xf9,0xd1,
    0x70,0x47,0x88,0x42,0x08,0xd2,0x92,0xb1,0x84,0x46,0x11,0xf8,0x01,0x3b,0x01,0x3a,
    0x0c,0xf8,0x01,0x3b,0xf9,0xd1,0x0a,0xe0,0x00,0x2a,0x08,0xbf,0x70,0x47,0xa0,0xf1,
    0x01,0x0c,0x01,0x39,0x8b,0x5c,0x0c,0xf8,0x02,0x30,0x01,0x3a,0xfa,0xd1,0x70,0x47,
    0x00,0x2a,0x08,0xbf,0x70,0x47,0x03,0x46,0x03,0xf8,0x01,0x1b,0x01,0x3a,0xfb,0xd1,
    0x70,0x47,0x00,0x2a,0x08,0xbf,0x70,0x47,0x11,0xf8,0x01,0x3b,0x01,0x3a,0x00,0xf8,
    0x01,0x3b,0xf9,0xd1,0x70,0x47,0x00,0x2a,0x08,0xbf,0x70,0x47,0x11,0xf8,0x01,0x3b,
    0x01,0x3a,0x00,0xf8,0x01,0x3b,0xf9,0xd1,0x70,0x47,0x00,0x2a,0x08,0xbf,0x70,0x47,
    0x11,0xf8,0x01,0x3b,0x01,0x3a,0x00,0xf8,0x01,0x3b,0xf9,0xd1,0x70,0x47,0x88,0x42,
    0x07,0xd2,0x7a,0xb1,0x11,0xf8,0x01,0x3b,0x01,0x3a,0x00,0xf8,0x01,0x3b,0xf9,0xd1,
    0x08,0xe0,0x00,0x2a,0x08,0xbf,0x70,0x47,0x01,0x38,0x01,0x39,0x8b,0x5c,0x83,0x54,
    0x01,0x3a,0xfb,0xd1,0x70,0x47,0x00,0x29,0x08,0xbf,0x70,0x47,0x00,0xf8,0x01,0x2b,
    0x01,0x39,0xfb,0xd1,0x70,0x47,0x00,0x29,0x08,0xbf,0x70,0x47,0x00,0xf8,0x01,0x2b,
    0x01,0x39,0xfb,0xd1,0x70,0x47,0x00,0x29,0x08,0xbf,0x70,0x47,0x00,0x22,0x00,0xf8,
    0x01,0x2b,0x01,0x39,0xfb,0xd1,0x70,0x47,0x00,0x29,0x08,0xbf,0x70,0x47,0x00,0x22,
    0x00,0xf8,0x01,0x2b,0x01,0x39,0xfb,0xd1,0x70,0x47,0x00,0x29,0x08,0xbf,0x70,0x47,
    0x00,0x22,0x00,0xf8,0x01,0x2b,0x01,0x39,0xfb,0xd1,0x70,0x47,0x00,0x29,0x04,0xbf,
    0x4f,0xf0,0xff,0x30,0x70,0x47,0xb0,0xb5,0x02,0xaf,0x00,0x23,0x1f,0x22,0x4f,0xf0,
    0x01,0x0e,0x4f,0xf0,0x00,0x0c,0x20,0xfa,0x02,0xf5,0x0e,0xfa,0x02,0xf4,0x05,0xf0,
    0x01,0x05,0x01,0x3a,0x45,0xea,0x43,0x03,0x8b,0x42,0x24,0xbf,0x4c,0xea,0x04,0x0c,
    0x5b,0x1a,0x54,0x1c,0xef,0xd1,0xbd,0xe8,0xb0,0x40,0x60,0x46,0x70,0x47,0xd9,0xb1,
    0xb0,0xb5,0x02,0xaf,0x8c,0x46,0x00,0x21,0x1f,0x22,0x4f,0xf0,0x01,0x0e,0x00,0x23,
    0x20,0xfa,0x02,0xf5,0x0e,0xfa,0x02,0xf4,0x05,0xf0,0x01,0x05,0x01,0x3a,0x45,0xea,
    0x41,0x01,0x61,0x45,0x24,0xbf,0x23,0x43,0xa1,0xeb,0x0c,0x01,0x54,0x1c,0xef,0xd1,
    0xbd,0xe8,0xb0,0x40,0x18,0x46,0x70,0x47,0x4f,0xf0,0xff,0x33,0x01,0x46,0x18,0x46,
    0x70,0x47,0xf0,0xb5,0x03,0xaf,0x4d,0xf8,0x04,0x8d,0x00,0x29,0x8e,0x46,0x48,0xbf,
    0xc1,0xf1,0x00,0x0e,0x00,0x28,0x84,0x46,0x48,0xbf,0xc0,0xf1,0x00,0x0c,0xa9,0xb1,
    0x00,0x23,0x1f,0x24,0x4f,0xf0,0x01,0x08,0x00,0x22,0x2c,0xfa,0x04,0xf5,0x08,0xfa,
    0x04,0xf6,0x05,0xf0,0x01,0x05,0x01,0x3c,0x45,0xea,0x43,0x03,0x73,0x45,0x24,0xbf,
    0x32,0x43,0xa3,0xeb,0x0e,0x03,0x65,0x1c,0xef,0xd1,0x01,0xe0,0x4f,0xf0,0xff,0x32,
    0x48,0x40,0x48,0xbf,0x52,0x42,0x10,0x46,0x5d,0xf8,0x04,0x8b,0xf0,0xbd,0x8c,0x46,
    0x00,0x29,0x48,0xbf,0xc1,0xf1,0x00,0x0c,0xf0,0xb5,0x03,0xaf,0x4d,0xf8,0x04,0x8d,
    0x00,0x28,0x86,0x46,0x48,0xbf,0xc0,0xf1,0x00,0x0e,0xa9,0xb1,0x00,0x22,0x1f,0x24,
    0x4f,0xf0,0x01,0x08,0x00,0x23,0x2e,0xfa,0x04,0xf5,0x08,0xfa,0x04,0xf6,0x05,0xf0,
    0x01,0x05,0x01,0x3c,0x45,0xea,0x42,0x02,0x62,0x45,0x24,0xbf,0x33,0x43,0xa2,0xeb,
    0x0c,0x02,0x65,0x1c,0xef,0xd1,0x02,0xe0,0x4f,0xf0,0xff,0x33,0x72,0x46,0x00,0x28,
    0x48,0xbf,0x52,0x42,0x48,0x40,0x48,0xbf,0x5b,0x42,0x18,0x46,0x11,0x46,0x5d,0xf8,
    0x04,0x8b,0xf0,0xbd,0x80,0xb5,0x6f,0x46,0x51,0x43,0x03,0xfb,0x00,0x1c,0x83,0xb2,
    0x91,0xb2,0x01,0xfb,0x03,0xfe,0x12,0x0c,0x00,0x0c,0x53,0x43,0x41,0x43,0x02,0xfb,
    0x00,0xc0,0x4f,0xea,0x1e,0x42,0x12,0xfa,0x83,0xf2,0x12,0xfa,0x81,0xf2,0x00,0xeb,
    0x13,0x40,0x00,0xeb,0x11,0x40,0x00,0xeb,0x12,0x41,0xce,0xea,0x02,0x40,0x80,0xbd,
    0x0a,0x28,0x00,0xf2,0xe8,0x85,0xf0,0xb5,0x03,0xaf,0x2d,0xe9,0x00,0x0f,0x81,0xb0,
    0x2d,0xed,0x10,0x8b,0x9a,0xb0,0x8b,0x46,0x96,0x46,0xcd,0xf8,0x34,0xb0,0x11,0x92,
    0xdf,0xe8,0x10,0xf0,0x0b,0x00,0xb2,0x04,0x42,0x02,0xb4,0x02,0x61,0x00,0x2b,0x05,
    0x4e,0x05,0x29,0x04,0xb4,0x05,0xb5,0x00,0x8f,0x05,0x45,0xf2,0x78,0x60,0x46,0xf2,
    0x0d,0x62,0x4f,0xf2,0x5f,0x33,0x0e,0xf1,0x80,0x09,0xc1,0xf2,0x34,0x20,0x00,0x21,
    0xc0,0xf2,0x19,0x02,0xc3,0xf6,0x6e,0x43,0x00,0xfb,0x02,0x36,0x4e,0xf8,0x21,0x60,
    0x06,0xfb,0x02,0x30,0x0e,0xeb,0x81,0x06,0x01,0x31,0x20,0x29,0xc6,0xf8,0x80,0x00,
    0xf2,0xd1,0x49,0xf6,0xc5,0x53,0xbb,0xf1,0x00,0x0f,0xc8,0xf2,0x1c,0x13,0x00,0xf0,
    0x9a,0x86,0x40,0xf2,0x93,0x1a,0x0e,0xf5,0x80,0x78,0x00,0x26,0xc0,0xf2,0x00,0x1a,
    0x00,0x24,0x75,0x46,0x40,0x46,0x29,0x46,0x4a,0x46,0x9b,0x46,0x00,0xf0,0x95,0xfe,
    0x06,0xf0,0x07,0x00,0x00,0x21,0x05,0xeb,0x80,0x00,0x00,0xf5,0x80,0x70,0x50,0xf8,
    0x21,0x20,0x55,0xf8,0x21,0x30,0x5a,0x40,0x45,0xf8,0x21,0x20,0x01,0x31,0x20,0x29,
    0xf5,0xd1,0xd5,0xf8,0x7c,0x01,0x01,0x36,0xd5,0xf8,0xfc,0x11,0x01,0x34,0x80,0xea,
    0x0b,0x00,0x00,0xfb,0x0a,0xf0,0x48,0x40,0x00,0xfb,0x0a,0xf3,0x0d,0x98,0x84,0x42,
    0xd8,0xd1,0x00,0xf0,0x68,0xbe,0x49,0xf6,0xc5,0x53,0xbb,0xf1,0x00,0x0f,0xc8,0xf2,
    0x1c,0x13,0x00,0xf0,0x60,0x86,0x46,0xf2,0x0d,0x6a,0x4f,0xf2,0x5f,0x36,0x0e,0xf1,
    0x04,0x09,0x01,0x24,0x4f,0xf0,0x00,0x08,0xc0,0xf2,0x19,0x0a,0xc3,0xf6,0x6e,0x46,
    0x0e,0xf5,0x00,0x50,0x10,0x90,0x9b,0x46,0x08,0xf0,0x07,0x03,0x00,0x21,0x04,0xfb,
    0x0a,0x64,0x24,0xfa,0x03,0xf2,0x4e,0xf8,0x21,0x20,0x01,0x31,0xb1,0xf5,0x80,0x5f,
    0xf5,0xd1,0x70,0x46,0x00,0x21,0x40,0xf6,0xff,0x72,0x40,0xf6,0xff,0x75,0x00,0xf0,
    0x47,0xff,0x48,0x46,0x0d,0x9b,0x50,0xe9,0x01,0x21,0x8a,0x42,0x00,0xf2,0x48,0x85,
    0x04,0x30,0x01,0x3d,0xf7,0xd1,0xdd,0xf8,0x44,0xe0,0x08,0xf1,0x01,0x00,0x6f,0xf3,
    0x1f,0x38,0x40,0xf2,0x93,0x15,0xc0,0xf2,0x00,0x15,0x10,0x9a,0x5e,0xf8,0x28,0x10,
    0x98,0x42,0x80,0x46,0x81,0xea,0x0b,0x01,0x12,0x68,0x05,0xfb,0x01,0xf1,0x81,0xea,
    0x02,0x01,0x05,0xfb,0x01,0xf1,0x0b,0x46,0xc5,0xd1,0x00,0xf0,0x14,0xbe,0x46,0xf2,
    0x0d,0x62,0x4f,0xf2,0x5f,0x33,0x0e,0xf5,0x00,0x64,0x0e,0xf5,0x80,0x69,0x9f,0xed,
    0xf1,0x0a,0x40,0xf2,0x2b,0x20,0x9f,0xed,0xf0,0x1a,0x00,0x21,0x9f,0xed,0xef,0x2a,
    0xc0,0xf2,0x19,0x02,0x9f,0xed,0xee,0x3a,0xc3,0xf6,0x6e,0x43,0x00,0xfb,0x02,0x36,
    0x06,0xfb,0x02,0x30,0x36,0x0d,0x04,0xee,0x10,0x6a,0xb8,0xee,0xc4,0x4a,0x06,0x0d,
    0x05,0xee,0x10,0x6a,0x0e,0xeb,0x01,0x06,0x04,0x31,0xb8,0xee,0xc5,0x5a,0xb1,0xf5,
    0x80,0x6f,0x24,0xee,0x00,0x4a,0x25,0xee,0x01,0x5a,0x34,0xee,0x02,0x4a,0x35,0xee,
    0x03,0x5a,0x86,0xed,0x00,0x4a,0x06,0xf5,0x80,0x66,0x86,0xed,0x00,0x5a,0xdd,0xd1,
    0x00,0x22,0x00,0x23,0xc4,0xf2,0xa0,0x02,0xc4,0xf2,0x94,0x03,0x40,0xf2,0x00,0x0c,
    0x40,0xf2,0x00,0x0e,0x00,0x26,0x00,0x25,0xc4,0xe9,0x0c,0x32,0x00,0x23,0x00,0x20,
    0x00,0x21,0xc4,0xf2,0xb8,0x0c,0xc4,0xf2,0xac,0x0e,0xc4,0xf2,0x88,0x06,0xc4,0xf2,
    0x78,0x05,0x4f,0xf0,0x80,0x42,0xc3,0xf6,0xd0,0x73,0xc4,0xe9,0x0a,0x56,0x00,0x26,
    0xc4,0xe9,0x0e,0xec,0x40,0xf2,0x00,0x0c,0x40,0xf2,0x00,0x0e,0x00,0x25,0xc4,0xe9,
    0x04,0x32,0x49,0xf6,0xc5,0x53,0xc4,0xf2,0x60,0x00,0xc4,0xf2,0x48,0x01,0xc4,0xe9,
    0x08,0x10,0xc4,0xf2,0x30,0x0c,0xc4,0xf2,0x18,0x0e,0xc3,0xf6,0xa0,0x76,0xc3,0xf6,
    0x60,0x75,0x4f,0xf0,0x7c,0x50,0x4f,0xf0,0x78,0x51,0xc8,0xf2,0x1c,0x13,0xbb,0xf1,
    0x00,0x0f,0xc4,0xe9,0x00,0x10,0xc4,0xe9,0x02,0x56,0xc4,0xe9,0x06,0xec,0x00,0xf0,
    0x92,0x85,0xdd,0xf8,0x44,0xb0,0x40,0xf2,0x93,0x18,0x04,0xf1,0x40,0x0a,0x9f,0xed,
    0xb5,0x9a,0x9f,0xed,0xb5,0xaa,0x00,0x26,0x9f,0xed,0xb4,0xba,0xc0,0xf2,0x00,0x18,
    0x9f,0xed,0xb3,0xca,0x9f,0xed,0xb3,0xda,0x9f,0xed,0xb3,0xea,0x58,0x46,0x49,0x46,
    0x1d,0x46,0x01,0xf0,0x03,0xf8,0x50,0x46,0x21,0x46,0x22,0x46,0xb0,0xee,0x40,0x8a,
    0x01,0xf0,0x10,0xf8,0x94,0xed,0x10,0x0a,0x68,0xee,0x0a,0x9a,0x94,0xed,0x11,0x1a,
    0x60,0xee,0x00,0x0a,0x94,0xed,0x12,0x2a,0x61,0xee,0x01,0x1a,0x94,0xed,0x13,0x3a,
    0x62,0xee,0x02,0x2a,0x94,0xed,0x14,0x4a,0x94,0xed,0x15,0x5a,0x94,0xed,0x16,0x6a,
    0x94,0xed,0x17,0x7a,0x70,0xee,0x89,0x0a,0x70,0xee,0xa1,0x0a,0x63,0xee,0x03,0x1a,
    0x70,0xee,0xa2,0x0a,0x64,0xee,0x04,0x2a,0x70,0xee,0xa1,0x0a,0x65,0xee,0x05,0x1a,
    0x70,0xee,0xa2,0x0a,0x66,0xee,0x06,0x2a,0x70,0xee,0xa1,0x0a,0x67,0xee,0x07,0x1a,
    0x70,0xee,0xa2,0x0a,0xd4,0xed,0x18,0x2a,0x62,0xee,0xa2,0x3a,0x70,0xee,0xa1,0x0a,
    0xd4,0xed,0x19,0x1a,0x61,0xee,0xa1,0x4a,0x70,0xee,0xa3,0x0a,0xd4,0xed,0x1a,0x3a,
    0x63,0xee,0xa3,0x5a,0x70,0xee,0xa4,0x0a,0xd4,0xed,0x1b,0x4a,0x64,0xee,0xa4,0x6a,
    0x70,0xee,0xa5,0x0a,0xd4,0xed,0x1c,0x5a,0x65,0xee,0xa5,0x7a,0x70,0xee,0xa6,0x0a,
    0xd4,0xed,0x1d,0x6a,0x26,0xee,0xa6,0xfa,0x70,0xee,0xa7,0x0a,0xd4,0xed,0x1e,0x7a,
    0x67,0xee,0xa7,0x8a,0x70,0xee,0x8f,0x0a,0x94,0xed,0x1f,0xfa,0x6f,0xee,0x0f,0xaa,
    0x70,0xee,0xa8,0x0a,0x68,0xee,0x29,0x8a,0x70,0xee,0xaa,0x0a,0x68,0xee,0x0d,0xaa,
    0x78,0xee,0xa0,0x0a,0xf1,0xee,0xe0,0x0a,0x86,0xee,0x20,0x6a,0x85,0xee,0x20,0x5a,
    0x84,0xee,0x20,0x4a,0x87,0xee,0x20,0x7a,0x83,0xee,0x20,0x3a,0x82,0xee,0x20,0x2a,
    0x81,0xee,0x20,0x1a,0x80,0xee,0x20,0x0a,0xc6,0xee,0xa0,0x6a,0xc5,0xee,0xa0,0x5a,
    0xc4,0xee,0xa0,0x4a,0xc3,0xee,0xa0,0x3a,0xc1,0xee,0xa0,0x1a,0x60,0xee,0x8c,0x9a,
    0x70,0xee,0x8b,0x8a,0xc7,0xee,0xa0,0x7a,0x8f,0xee,0x20,0xfa,0xc2,0xee,0xa0,0x0a,
    0xfd,0xee,0xea,0x2a,0xfd,0xee,0xe9,0x9a,0x88,0xee,0x28,0x8a,0x12,0xee,0x90,0x0a,
    0x19,0xee,0x90,0x1a,0x77,0xee,0x8e,0x2a,0x36,0xee,0x0e,0x6a,0x35,0xee,0x0e,0x5a,
    0x34,0xee,0x0e,0x4a,0x37,0xee,0x0e,0x7a,0x7f,0xee,0x0e,0x7a,0x33,0xee,0x0e,0x3a,
    0x32,0xee,0x0e,0x2a,0xc4,0xed,0x0e,0x2a,0x31,0xee,0x0e,0x1a,0x84,0xed,0x06,0x6a,
    0x30,0xee,0x0e,0x0a,0x84,0xed,0x05,0x5a,0x76,0xee,0x8e,0x6a,0x84,0xed,0x04,0x4a,
    0x75,0xee,0x8e,0x5a,0x84,0xed,0x07,0x7a,0x74,0xee,0x8e,0x4a,0xc4,0xed,0x0f,0x7a,
    0x73,0xee,0x8e,0x3a,0x84,0xed,0x03,0x3a,0x71,0xee,0x8e,0x1a,0x84,0xed,0x02,0x2a,
    0x70,0xee,0x8e,0x0a,0x84,0xed,0x01,0x1a,0x84,0xed,0x00,0x0a,0x68,0x40,0xc4,0xed,
    0x0d,0x6a,0xc4,0xed,0x0c,0x5a,0x00,0xfb,0x08,0xf0,0xc4,0xed,0x0b,0x4a,0xc4,0xed,
    0x0a,0x3a,0xc4,0xed,0x09,0x1a,0xc4,0xed,0x08,0x0a,0x48,0x40,0x00,0xfb,0x08,0xf3,
    0xf0,0xb2,0x0b,0xeb,0x80,0x00,0x01,0x36,0x80,0xed,0x00,0x8a,0x0d,0x98,0xb0,0x42,
    0x7f,0xf4,0x0c,0xaf,0x00,0xf0,0x87,0xbc,0x43,0xf2,0xe0,0x7c,0x12,0xac,0xc0,0xf2,
    0x00,0x0c,0x21,0x46,0x9c,0xe8,0x6d,0x00,0x6d,0xc1,0x46,0xf2,0x0d,0x62,0x4f,0xf2,
    0x5f,0x33,0x4f,0xf0,0x5a,0x30,0x00,0x21,0xc0,0xf2,0x19,0x02,0xc3,0xf6,0x6e,0x43,
    0x00,0xfb,0x02,0x30,0x06,0x0c,0x0e,0xf8,0x01,0x60,0x01,0x31,0xb1,0xf5,0x80,0x5f,
    0xf6,0xd1,0xbb,0xf1,0x00,0x0f,0x00,0xf0,0x80,0x83,0x40,0xf2,0x93,0x18,0x49,0xf6,
    0xc5,0x59,0x4c,0xf6,0xcd,0x4a,0x00,0x26,0xc0,0xf2,0x00,0x18,0xc8,0xf2,0x1c,0x19,
    0xcc,0xf6,0xcc,0x4a,0x00,0x25,0x0e,0xeb,0x05,0x01,0x20,0x46,0x00,0xf0,0xc6,0xfc,
    0xdd,0xf8,0x44,0xe0,0x40,0x35,0xb5,0xf5,0x80,0x5f,0xf4,0xd1,0xa6,0xfb,0x0a,0x01,
    0x88,0x08,0x00,0xeb,0x80,0x00,0x30,0x1a,0x01,0x36,0x5e,0x45,0x54,0xf8,0x20,0x00,
    0x80,0xea,0x09,0x00,0x00,0xfb,0x08,0xf9,0xe4,0xd1,0x12,0xab,0x0f,0xcb,0x80,0xea,
    0x09,0x00,0x00,0xfb,0x08,0xf0,0x48,0x40,0x16,0x99,0x00,0xfb,0x08,0xf0,0x50,0x40,
    0x00,0xfb,0x08,0xf0,0x58,0x40,0x00,0xfb,0x08,0xf0,0x48,0x40,0x00,0xfb,0x08,0xf3,
    0x00,0xf0,0x29,0xbc,0x00,0x00,0x00,0x3b,0x00,0x00,0x00,0x3a,0x00,0x00,0x80,0xbf,
    0x00,0x00,0x80,0x3e,0x00,0x00,0x80,0x3f,0x00,0x00,0x80,0x37,0x00,0x00,0x00,0x40,
    0x00,0x00,0x80,0x47,0x00,0x00,0x80,0x44,0x00,0x00,0x80,0x3d,0x4f,0xf6,0xff,0x70,
    0x0e,0xeb,0x00,0x06,0x0e,0xf5,0x00,0x20,0x4f,0xf2,0x5f,0x31,0x03,0x30,0x08,0x90,
    0x46,0xf2,0x0d,0x60,0x4d,0x22,0x00,0x23,0xc0,0xf2,0x19,0x00,0xc3,0xf6,0x6e,0x41,
    0x01,0x25,0x02,0xfb,0x00,0x12,0x05,0xeb,0x52,0x64,0x0e,0xf8,0x03,0x40,0x01,0x33,
    0xb3,0xf5,0x80,0x3f,0xf5,0xd1,0x0e,0xf5,0x80,0x1b,0x00,0x23,0xf2,0x46,0x33,0x70,
    0x02,0xfb,0x00,0x12,0x0a,0xeb,0x03,0x08,0x4f,0xf4,0x80,0x14,0x0c,0x26,0x20,0x33,
    0xc0,0xf2,0x10,0x06,0xb3,0xf5,0x80,0x3f,0x48,0xf8,0x04,0x20,0x40,0xf2,0x04,0x04,
    0xc0,0xf2,0x10,0x04,0x02,0xfb,0x00,0x1c,0x48,0xf8,0x04,0xc0,0x40,0xf2,0x08,0x04,
    0xc0,0xf2,0x10,0x04,0x0c,0xfb,0x00,0x1e,0x48,0xf8,0x04,0xe0,0x0e,0xfb,0x00,0x19,
    0x48,0xf8,0x06,0x90,0x4f,0xf0,0x10,0x16,0x09,0xfb,0x00,0x12,0x48,0xf8,0x06,0x20,
    0x40,0xf2,0x18,0x06,0xc0,0xf2,0x10,0x06,0x02,0xfb,0x00,0x15,0x40,0xf2,0x14,0x02,
    0xc0,0xf2,0x10,0x02,0x48,0xf8,0x02,0x50,0x05,0xfb,0x00,0x14,0x48,0xf8,0x06,0x40,
    0x40,0xf2,0x1c,0x06,0xc0,0xf2,0x10,0x06,0x04,0xfb,0x00,0x12,0x48,0xf8,0x06,0x20,
    0xbe,0xd1,0x0d,0x98,0x49,0xf6,0xc5,0x53,0xc8,0xf2,0x1c,0x13,0x00,0x28,0x00,0xf0,
    0xaa,0x83,0xdd,0xf8,0x44,0xc0,0x4f,0xf4,0x00,0x29,0x08,0x9e,0x4f,0xf4,0x80,0x3a,
    0x0c,0xf1,0x08,0x01,0x04,0x91,0x0c,0xf1,0x0c,0x01,0x10,0x91,0x0c,0xf1,0x04,0x01,
    0x0f,0x91,0x0c,0xf1,0x08,0x11,0x0e,0x91,0x31,0x1d,0x0c,0xf5,0x88,0x10,0x0c,0xf5,
    0x00,0x22,0x02,0x91,0xf1,0x1c,0x0b,0x90,0x42,0xea,0x0c,0x00,0x03,0x91,0xb1,0x1c,
    0x05,0x91,0x71,0x1c,0x06,0x91,0x80,0x07,0x00,0x21,0x4f,0xf0,0x00,0x08,0x07,0x90,
    0x0a,0x92,0x09,0x91,0x01,0xf0,0x0f,0x00,0x02,0xeb,0x08,0x01,0x0c,0x93,0x41,0xea,
    0x0c,0x01,0x89,0x07,0x0d,0xd0,0x00,0x21,0x00,0xf5,0x00,0x20,0xcf,0xf6,0xff,0x71,
    0x62,0x46,0x10,0x31,0x13,0x78,0x01,0x31,0x13,0x54,0x02,0xf1,0x01,0x02,0xf9,0xd3,
    0x1b,0xe0,0x60,0x44,0x00,0x21,0x43,0x18,0x5c,0xf8,0x01,0x20,0x0c,0xeb,0x01,0x05,
    0x43,0xf8,0x09,0x20,0x0c,0x22,0xc0,0xf2,0x08,0x02,0xd5,0xe9,0x01,0x64,0x10,0x31,
    0xed,0x68,0x9d,0x50,0x4f,0xf0,0x08,0x12,0x9c,0x50,0x04,0x22,0xc0,0xf2,0x08,0x02,
    0x9e,0x50,0x4f,0xf6,0xf0,0x72,0x91,0x42,0xe5,0xd1,0x07,0x98,0x58,0xb1,0x00,0x20,
    0x1c,0xf8,0x00,0x10,0x0c,0xeb,0x00,0x02,0x01,0x30,0xb0,0xf5,0x80,0x3f,0x02,0xf8,
    0x09,0x10,0xf5,0xd1,0x26,0xe0,0x04,0x9c,0x00,0x20,0xcf,0xf6,0xff,0x70,0x0f,0x9d,
    0x40,0xf2,0x04,0x0e,0x0c,0xeb,0x00,0x03,0xc0,0xf2,0x09,0x0e,0x05,0x44,0x10,0x99,
    0x53,0xf8,0x0a,0x60,0x22,0x18,0x55,0xf8,0x0a,0x50,0x43,0xf8,0x0e,0x50,0x4f,0xf4,
    0x10,0x25,0x5e,0x51,0x01,0x44,0x0e,0x9d,0x52,0xf8,0x0a,0x20,0x2e,0x18,0x10,0x30,
    0x51,0xf8,0x0a,0x10,0x46,0xf8,0x0a,0x20,0x40,0xf2,0x0c,0x02,0xc0,0xf2,0x09,0x02,
    0x99,0x50,0xdc,0xd1,0x08,0x9a,0x08,0xf0,0x0f,0x00,0x91,0x07,0x14,0xd0,0x82,0xf8,
    0x00,0x80,0x06,0x9a,0x91,0x07,0x12,0xd0,0x82,0xf8,0x00,0x80,0x05,0x9a,0x91,0x07,
    0x10,0xd0,0x82,0xf8,0x00,0x80,0x03,0x9a,0x91,0x07,0x0e,0xd0,0x82,0xf8,0x00,0x80,
    0x00,0xf6,0xfc,0x70,0x02,0x99,0x0b,0xe0,0x00,0xf5,0x80,0x50,0x07,0xe0,0x00,0xf6,
    0xff,0x70,0x04,0xe0,0x00,0xf6,0xfe,0x70,0x01,0xe0,0x00,0xf6,0xfd,0x70,0x11,0x46,
    0x5f,0xfa,0x88,0xf2,0x4f,0xf0,0x01,0x33,0x53,0x43,0x04,0x38,0x41,0xf8,0x04,0x3b,
    0x03,0x28,0xfa,0xd8,0x28,0xb1,0x00,0x23,0x01,0xf8,0x03,0x80,0x01,0x33,0x98,0x42,
    0xfa,0xd1,0x0a,0x98,0x10,0x44,0x00,0xf0,0xe4,0xfb,0xdd,0xf8,0x2c,0xc0,0x4f,0xf0,
    0x00,0x0e,0x08,0xeb,0x0e,0x03,0x62,0x46,0x0e,0xf1,0x01,0x0e,0x0c,0xf1,0x20,0x0c,
    0x6f,0xf3,0xdf,0x23,0xbe,0xf5,0x00,0x6f,0x0b,0xeb,0x43,0x13,0x72,0xcb,0x72,0xc2,
    0x93,0xe8,0x72,0x00,0x72,0xc2,0xec,0xd1,0x0c,0x9a,0x40,0xf2,0x93,0x16,0xc0,0xf2,
    0x00,0x16,0x0b,0x9b,0x50,0x40,0x42,0x46,0x6f,0xf3,0xdf,0x22,0x83,0x21,0x70,0x43,
    0xdd,0xf8,0x44,0xc0,0x03,0xeb,0x42,0x12,0x08,0xf0,0x07,0x03,0x08,0xfb,0x01,0xf1,
    0x08,0xf1,0x01,0x08,0x52,0xf8,0x23,0x20,0x50,0x40,0x0a,0x9a,0x70,0x43,0x89,0xb2,
    0x51,0x5c,0x48,0x40,0x09,0x99,0x00,0xfb,0x06,0xf3,0x0d,0x98,0x01,0x31,0x80,0x45,
    0x7f,0xf4,0x1f,0xaf,0x9f,0xe2,0x0e,0xf5,0xa0,0x00,0x00,0xf5,0x7f,0x28,0x00,0x20,
    0xce,0xf8,0x00,0x00,0x01,0x30,0x0e,0xf5,0x80,0x5e,0xb0,0xf5,0xc0,0x6f,0xf7,0xd1,
    0x46,0xf2,0x0d,0x69,0x4f,0xf2,0x5f,0x35,0x47,0xf6,0x69,0x24,0x4f,0xf4,0xc0,0x66,
    0xc0,0xf2,0x19,0x09,0xc3,0xf6,0x6e,0x45,0x04,0xfb,0x09,0x54,0x31,0x46,0x20,0x46,
    0xff,0xf7,0x05,0xfb,0x11,0x9b,0x09,0x03,0x01,0x3e,0xd8,0xf8,0x00,0x00,0x01,0x2e,
    0x5a,0x58,0xc8,0xf8,0x00,0x20,0xa8,0xf5,0x80,0x58,0x58,0x50,0xec,0xd1,0x4f,0xf2,
    0x00,0x02,0x41,0xf2,0x00,0x04,0x18,0x1d,0x4f,0xf4,0x80,0x51,0xcf,0xf6,0xff,0x72,
    0xc0,0xf2,0x60,0x04,0x5e,0x18,0xb1,0xf5,0xc0,0x0f,0x01,0xf5,0x80,0x51,0xb5,0x58,
    0x08,0xbf,0x1e,0x46,0xa1,0x42,0x36,0x68,0x4f,0xea,0x05,0x35,0x46,0x51,0xf1,0xd1,
    0x49,0xf6,0xc5,0x52,0xbb,0xf1,0x00,0x0f,0xc8,0xf2,0x1c,0x12,0x00,0xf0,0x72,0x81,
    0x40,0xf2,0x93,0x18,0x4a,0xf6,0xab,0x2e,0x1c,0x46,0x00,0x21,0xc0,0xf2,0x00,0x18,
    0x40,0xf6,0xf4,0x7c,0xca,0xf6,0xaa,0x2e,0x13,0x46,0x1a,0x46,0x01,0xeb,0x01,0x13,
    0x0c,0xea,0x83,0x03,0x23,0x44,0x00,0x24,0x03,0xf1,0x08,0x05,0x00,0x23,0x2e,0x68,
    0x34,0x44,0x84,0xea,0x03,0x06,0x2e,0x60,0x01,0x33,0x05,0xf5,0x80,0x55,0xb3,0xf5,
    0xc0,0x6f,0xf4,0xd1,0xa1,0xfb,0x0e,0x35,0x0d,0x9e,0xab,0x0a,0x4f,0xf4,0xc0,0x65,
    0x03,0xeb,0x43,0x03,0xa1,0xeb,0x43,0x23,0x1b,0x03,0x01,0x3d,0xc3,0x58,0xfb,0xd1,
    0x54,0x40,0x01,0x31,0xb1,0x42,0x04,0xfb,0x08,0xf4,0x83,0xea,0x04,0x03,0x11,0x9c,
    0x03,0xfb,0x08,0xf3,0xd1,0xd1,0x16,0xe2,0x48,0xf2,0x20,0x31,0x00,0x20,0xce,0xf6,
    0xb8,0x51,0x81,0xea,0x50,0x02,0xc3,0x07,0x08,0xbf,0x42,0x08,0x81,0xea,0x52,0x03,
    0xd6,0x07,0x08,0xbf,0x53,0x08,0x81,0xea,0x53,0x02,0xde,0x07,0x08,0xbf,0x5a,0x08,
    0x81,0xea,0x52,0x03,0xd6,0x07,0x08,0xbf,0x53,0x08,0x81,0xea,0x53,0x02,0xde,0x07,
    0x08,0xbf,0x5a,0x08,0x81,0xea,0x52,0x03,0xd6,0x07,0x08,0xbf,0x53,0x08,0x81,0xea,
    0x53,0x02,0xde,0x07,0x08,0xbf,0x5a,0x08,0x81,0xea,0x52,0x03,0xd6,0x07,0x08,0xbf,
    0x53,0x08,0x4e,0xf8,0x20,0x30,0x01,0x30,0xb0,0xf5,0x80,0x7f,0xd1,0xd1,0x4f,0xf6,
    0xee,0x71,0x46,0xf2,0x0d,0x63,0x4f,0xf2,0x5f,0x36,0x0e,0xf5,0x80,0x60,0xc0,0xf2,
    0xc0,0x01,0x00,0x22,0xc0,0xf2,0x19,0x03,0xc3,0xf6,0x6e,0x46,0x01,0xfb,0x03,0x61,
    0x0d,0x0e,0x85,0x54,0x01,0x32,0xb2,0xf5,0x80,0x4f,0xf7,0xd1,0x49,0xf6,0xc5,0x53,
    0xbb,0xf1,0x00,0x0f,0xc8,0xf2,0x1c,0x13,0x00,0xf0,0xc5,0x81,0x40,0xf2,0x93,0x1c,
    0x00,0x22,0xc0,0xf2,0x00,0x1c,0x71,0x46,0x1c,0x46,0x4f,0xf0,0xff,0x33,0x00,0x26,
    0x85,0x5d,0x01,0x36,0xb6,0xf5,0x80,0x4f,0x85,0xea,0x03,0x05,0xed,0xb2,0x51,0xf8,
    0x25,0x50,0x85,0xea,0x13,0x23,0xf3,0xd1,0xdb,0x43,0x84,0xea,0x03,0x06,0x55,0x1c,
    0x6f,0xf3,0x9f,0x32,0x06,0xfb,0x0c,0xf6,0x84,0x5c,0x63,0x40,0x83,0x54,0x0d,0x9a,
    0x33,0x46,0x95,0x42,0x2a,0x46,0xdf,0xd1,0x9d,0xe1,0x5f,0xea,0x8e,0x70,0x00,0xf0,
    0xbb,0x80,0x00,0x22,0x71,0x46,0x01,0xf8,0x01,0x2b,0x88,0x07,0x45,0xf6,0xfc,0x70,
    0xc0,0xf2,0x09,0x00,0x00,0xf0,0xb4,0x80,0x0e,0xf1,0x02,0x01,0x8e,0xf8,0x01,0x20,
    0x8a,0x07,0x00,0xf0,0xaf,0x80,0x0e,0xf1,0x03,0x01,0x00,0x22,0x8e,0xf8,0x02,0x20,
    0x8b,0x07,0x00,0xf0,0xa9,0x80,0x8e,0xf8,0x03,0x20,0x0e,0xf1,0x04,0x01,0xa4,0xe0,
    0x49,0xf6,0xc5,0x53,0xbb,0xf1,0x00,0x0f,0xc8,0xf2,0x1c,0x13,0x00,0xf0,0x73,0x81,
    0x46,0xf2,0x0d,0x65,0x4f,0xf2,0x5f,0x36,0x43,0xf2,0xf4,0x7b,0x41,0xf2,0x92,0x04,
    0x4f,0xf0,0x00,0x0a,0x01,0x20,0xc0,0xf2,0x19,0x05,0xc3,0xf6,0x6e,0x46,0xc0,0xf2,
    0x00,0x0b,0x51,0x46,0x03,0x22,0x62,0xf3,0x9f,0x01,0x81,0x46,0x0c,0x93,0x08,0x46,
    0x00,0xf0,0x37,0xfb,0x80,0x46,0x48,0x46,0x4f,0xf4,0x80,0x79,0x04,0xfb,0x05,0x64,
    0x61,0x0f,0x5b,0xf8,0x21,0x20,0x21,0x46,0x90,0x47,0xb9,0xf1,0x01,0x09,0xf5,0xd1,
    0x0c,0x99,0x40,0xf2,0x93,0x12,0xc0,0xf2,0x00,0x12,0x0a,0xf1,0x01,0x0a,0x81,0xea,
    0x08,0x01,0x51,0x43,0x41,0x40,0x01,0xfb,0x02,0xf3,0x0d,0x99,0x8a,0x45,0xd8,0xd1,
    0x39,0xe1,0x1c,0x46,0x49,0xf6,0xc5,0x53,0xc8,0xf2,0x1c,0x13,0xbb,0xf1,0x00,0x0f,
    0x00,0xf0,0x31,0x81,0x46,0xf2,0x0d,0x68,0x40,0xf2,0x93,0x19,0x4f,0xf2,0x5f,0x3a,
    0x08,0x25,0xc0,0xf2,0x19,0x08,0xc0,0xf2,0x00,0x19,0xc3,0xf6,0x6e,0x4a,0x05,0xfb,
    0x08,0xa5,0x1e,0x46,0x00,0xf0,0x5a,0xfc,0x20,0x68,0x70,0x40,0x68,0x40,0x00,0xfb,
    0x09,0xf3,0x0d,0x98,0x01,0x38,0x0d,0x90,0xf1,0xd1,0x14,0xe1,0x49,0xf6,0xc5,0x53,
    0x00,0x20,0xc8,0xf2,0x1c,0x13,0xbb,0xf1,0x00,0x0f,0xcd,0xe9,0x18,0x00,0xcd,0xe9,
    0x16,0x00,0xcd,0xe9,0x14,0x00,0x00,0xf0,0x06,0x81,0x40,0xf2,0x93,0x18,0x12,0xac,
    0x00,0x25,0xc0,0xf2,0x00,0x18,0x05,0xf0,0x3f,0x00,0x12,0x95,0xc8,0x30,0x13,0x90,
    0x20,0x46,0x1e,0x46,0x00,0xf0,0xe4,0xfa,0x70,0x40,0x01,0x35,0xab,0x45,0x00,0xfb,
    0x08,0xf3,0xf0,0xd1,0xef,0xe0,0x4b,0xf6,0xef,0x60,0xcd,0xf6,0xad,0x60,0x70,0x47,
    0x4b,0xf6,0xd0,0x23,0xcb,0xf6,0xd0,0x23,0xe5,0xe0,0x40,0xf2,0x7d,0x63,0xc9,0xf6,
    0x71,0x73,0xe0,0xe0,0x13,0x46,0xde,0xe0,0x4f,0xf4,0x16,0x20,0x71,0x46,0x04,0xe0,
    0x03,0x30,0x02,0xe0,0x02,0x30,0x00,0xe0,0x01,0x30,0x00,0x22,0x04,0x38,0x41,0xf8,
    0x04,0x2b,0x03,0x28,0xfa,0xd8,0x28,0xb1,0x00,0x22,0x00,0x23,0xca,0x54,0x01,0x33,
    0x98,0x42,0xfb,0xd1,0x40,0xf2,0x93,0x16,0x49,0xf6,0xc5,0x53,0xc0,0xf2,0x00,0x16,
    0xc8,0xf2,0x1c,0x13,0xbb,0xf1,0x00,0x0f,0x00,0xf0,0xad,0x80,0x0e,0xf5,0xa0,0x70,
    0x09,0x90,0x0e,0xf1,0x2b,0x50,0x4f,0xf0,0x63,0x0c,0x00,0x21,0x00,0xf5,0x5b,0x40,
    0x08,0x90,0x15,0xe0,0x0b,0x98,0x40,0xf2,0x93,0x16,0x09,0x99,0xc0,0xf2,0x00,0x16,
    0xdd,0xf8,0x38,0xc0,0x00,0xeb,0x80,0x00,0x00,0x02,0x08,0x58,0x0c,0x99,0x48,0x40,
    0x0a,0x99,0x00,0xfb,0x06,0xf3,0x0d,0x98,0x01,0x31,0x81,0x42,0x00,0xf0,0x8b,0x80,
    0x46,0xf2,0x0d,0x64,0x4f,0xf2,0x5f,0x30,0xc0,0xf2,0x19,0x04,0xc3,0xf6,0x6e,0x40,
    0x0c,0xfb,0x04,0x02,0x0a,0x91,0x4e,0xf6,0x4f,0x41,0xc4,0xf6,0xc4,0x61,0x0c,0x93,
    0x02,0xfb,0x04,0x06,0xa2,0xfb,0x01,0x13,0x4a,0xf6,0xab,0x21,0xca,0xf6,0xaa,0x21,
    0x06,0xfb,0x04,0x0a,0xa6,0xfb,0x01,0x15,0x4f,0xea,0xd3,0x19,0x4f,0xf4,0xd0,0x73,
    0x09,0xfb,0x13,0x23,0x0a,0xfb,0x04,0x01,0x6a,0x09,0x02,0xeb,0x42,0x05,0x0b,0x93,
    0xa6,0xeb,0x05,0x16,0x1e,0x44,0x06,0xf1,0x10,0x08,0x01,0xfb,0x04,0x06,0x43,0x45,
    0x06,0xfb,0x04,0x05,0x05,0xfb,0x04,0x02,0x10,0x92,0x02,0xfb,0x04,0x00,0x0e,0x90,
    0xb0,0xd2,0x48,0xf2,0x00,0x00,0x0a,0x46,0xcf,0xf6,0xff,0x70,0x49,0x46,0x10,0xfa,
    0x86,0xf9,0x10,0xfa,0x85,0xfb,0x0e,0x98,0x01,0xeb,0x81,0x13,0x4f,0xf4,0xfe,0x01,
    0x00,0xf0,0xbf,0x06,0x01,0xea,0x02,0x41,0x06,0xf1,0x20,0x00,0x0f,0x90,0x4c,0xf6,
    0xcd,0x40,0xcc,0xf6,0xcc,0x40,0xaa,0xfb,0x00,0x65,0x44,0xf2,0x00,0x10,0xc7,0xf6,
    0xfe,0x60,0x0c,0xfb,0x00,0xf0,0xa0,0xeb,0x43,0x30,0x08,0x9b,0x1e,0x18,0xe8,0x09,
    0x00,0xeb,0x80,0x00,0x0b,0x9d,0xaa,0xeb,0x40,0x10,0x01,0xeb,0x00,0x41,0x04,0x04,
    0x01,0xf5,0x00,0x1a,0x07,0xe0,0x01,0x35,0xda,0x44,0x4c,0x44,0x06,0xf5,0xa0,0x66,
    0x45,0x45,0xbf,0xf4,0x77,0xaf,0x4f,0xea,0x2a,0x40,0xb0,0xf5,0xa0,0x7f,0x4f,0xf4,
    0xa0,0x72,0x4f,0xea,0x24,0x40,0x20,0xea,0xe4,0x71,0xb8,0xbf,0x4f,0xea,0x2a,0x42,
    0x91,0x42,0xe8,0xda,0x10,0x9b,0x0f,0x98,0x00,0x90,0x30,0x46,0x00,0xf0,0xa9,0xf9,
    0xdd,0xf8,0x44,0xe0,0xdf,0xe7,0x45,0xf2,0xc3,0x71,0x00,0x20,0xc0,0xf2,0x02,0x01,
    0x5e,0xf8,0x20,0x20,0x88,0x42,0x82,0xea,0x03,0x02,0x02,0xfb,0x06,0xf3,0x00,0xf1,
    0x3d,0x02,0x10,0x46,0xf4,0xd3,0x1a,0xb0,0xbd,0xec,0x10,0x8b,0x01,0xb0,0xbd,0xe8,
    0x00,0x0f,0xbd,0xe8,0xf0,0x40,0x18,0x46,0x70,0x47,0xf0,0xb5,0x03,0xaf,0x2d,0xe9,
    0x00,0x0b,0x4f,0xf0,0x00,0x0c,0x80,0x46,0xc0,0xe9,0x38,0xcc,0xc0,0xe9,0x3a,0xcc,
    0xc0,0xe9,0x3c,0xcc,0xc0,0xe9,0x3e,0xcc,0xc0,0xe9,0x30,0xcc,0xc0,0xe9,0x32,0xcc,
    0xc0,0xe9,0x34,0xcc,0xc0,0xe9,0x36,0xcc,0xc0,0xe9,0x28,0xcc,0xc0,0xe9,0x2a,0xcc,
    0xc0,0xe9,0x2c,0xcc,0xc0,0xe9,0x2e,0xcc,0xc0,0xe9,0x20,0xcc,0xc0,0xe9,0x22,0xcc,
    0xc0,0xe9,0x24,0xcc,0xc0,0xe9,0x26,0xcc,0xc0,0xe9,0x18,0xcc,0xc0,0xe9,0x1a,0xcc,
    0xc0,0xe9,0x1c,0xcc,0xc0,0xe9,0x1e,0xcc,0xc0,0xe9,0x10,0xcc,0xc0,0xe9,0x12,0xcc,
    0xc0,0xe9,0x14,0xcc,0xc0,0xe9,0x16,0xcc,0xc0,0xe9,0x08,0xcc,0xc0,0xe9,0x0a,0xcc,
    0xc0,0xe9,0x0c,0xcc,0xc0,0xe9,0x0e,0xcc,0xc0,0xe9,0x00,0xcc,0xc0,0xe9,0x02,0xcc,
    0xc0,0xe9,0x04,0xcc,0xc0,0xe9,0x06,0xcc,0x51,0xf8,0x2c,0xe0,0x00,0x24,0x00,0x25,
    0x00,0x26,0x58,0xf8,0x24,0x30,0x52,0xf8,0x24,0x90,0x5b,0x19,0x46,0xf1,0x00,0x05,
    0x00,0x26,0xe9,0xfb,0x0e,0x35,0x48,0xf8,0x24,0x30,0x01,0x34,0x20,0x2c,0xf0,0xd1,
    0x00,0xeb,0x8c,0x06,0x0c,0xf1,0x01,0x0c,0x08,0xf1,0x04,0x08,0xbc,0xf1,0x20,0x0f,
    0xc6,0xf8,0x80,0x50,0xe0,0xd1,0xbd,0xe8,0x00,0x0b,0xf0,0xbd,0xf0,0xb5,0x03,0xaf,
    0x2d,0xe9,0x00,0x0f,0xd5,0xb0,0x0d,0xf1,0x14,0x0b,0x00,0x22,0x8e,0x18,0x8b,0x5c,
    0x75,0x78,0xb4,0x78,0xf6,0x78,0x2d,0x04,0x45,0xea,0x03,0x63,0x43,0xea,0x04,0x23,
    0x33,0x44,0x4b,0xf8,0x02,0x30,0x04,0x32,0x40,0x2a,0xef,0xd1,0x00,0x21,0x0b,0xeb,
    0x01,0x02,0x5b,0xf8,0x01,0x40,0x04,0x31,0x16,0x6a,0xb1,0xf5,0x80,0x7f,0x55,0x6b,
    0x93,0x68,0x86,0xea,0x05,0x06,0x83,0xea,0x06,0x03,0x83,0xea,0x04,0x03,0x4f,0xea,
    0xf3,0x73,0x13,0x64,0xeb,0xd1,0x00,0xf1,0x08,0x0a,0xd0,0xe9,0x00,0x26,0x00,0x25,
    0x04,0x92,0x9a,0xe8,0x12,0x04,0x53,0x46,0x23,0x46,0xcd,0xf8,0x00,0xa0,0x0b,0x46,
    0x01,0x94,0x33,0x46,0x02,0x91,0x03,0x96,0x13,0x46,0x18,0xe0,0x47,0xf6,0x99,0x1e,
    0x08,0xea,0x06,0x01,0x23,0xea,0x06,0x02,0xc5,0xf6,0x82,0x2e,0x02,0xeb,0x01,0x0c,
    0x0a,0xeb,0xf9,0x61,0x5b,0xf8,0x25,0x20,0x61,0x44,0x71,0x44,0x01,0x35,0x0a,0x44,
    0x4f,0xea,0xb6,0x01,0x50,0x2d,0x9a,0x46,0x44,0x46,0x4e,0x46,0x26,0xd0,0x91,0x46,
    0x88,0x46,0x23,0x46,0x13,0x2d,0xe1,0xd9,0x27,0x2d,0x08,0xd8,0x4e,0xf6,0xa1,0x3e,
    0x88,0xea,0x06,0x01,0x81,0xea,0x03,0x0c,0xc6,0xf6,0xd9,0x6e,0xe0,0xe7,0x3b,0x2d,
    0x0b,0xd8,0x43,0xea,0x08,0x02,0x4b,0xf6,0xdc,0x4e,0x03,0xea,0x08,0x01,0x32,0x40,
    0x42,0xea,0x01,0x0c,0xc8,0xf6,0x1b,0x7e,0xd2,0xe7,0x88,0xea,0x06,0x01,0x4c,0xf2,
    0xd6,0x1e,0x81,0xea,0x03,0x0c,0xcc,0xf6,0x62,0x2e,0xc9,0xe7,0x00,0x9e,0x02,0x9d,
    0x33,0x44,0x01,0x9e,0x29,0x44,0x03,0x9d,0x46,0x44,0x04,0x9c,0x4d,0x44,0x03,0x61,
    0x22,0x44,0xc0,0xe9,0x02,0x16,0xc0,0xe9,0x00,0x25,0x55,0xb0,0xbd,0xe8,0x00,0x0f,
    0xf0,0xbd,0x00,0x21,0x42,0x5c,0x01,0x31,0x00,0x2a,0xfb,0xd1,0x48,0x1e,0x70,0x47,
    0xf0,0xb5,0x03,0xaf,0x2d,0xe9,0x00,0x0f,0x81,0xb0,0xa2,0xeb,0x01,0x0b,0x96,0x46,
    0x8a,0x46,0x04,0x46,0xbb,0xf1,0x11,0x0f,0x29,0xda,0xf2,0x45,0x75,0xda,0x04,0xeb,
    0x8a,0x00,0x04,0xf1,0x04,0x0c,0x05,0x1d,0x56,0x46,0x05,0xe0,0x10,0x46,0x04,0x35,
    0x76,0x45,0x4c,0xf8,0x20,0x30,0x68,0xd0,0x32,0x46,0x01,0x36,0x52,0x45,0x54,0xf8,
    0x26,0x30,0xf3,0xdb,0x29,0x46,0x51,0xf8,0x04,0x0c,0x98,0x42,0xee,0xd9,0x41,0xf8,
    0x04,0x09,0x50,0x1e,0x52,0x45,0x02,0x46,0xf5,0xdc,0xe8,0xe7,0x49,0x46,0x72,0x46,
    0xff,0xf7,0xce,0xff,0xab,0x46,0xc6,0x46,0xbb,0xf1,0x10,0x0f,0xd5,0xdd,0x6f,0xf0,
    0x02,0x00,0x04,0xeb,0x8a,0x02,0x00,0xea,0x4b,0x00,0x54,0xf8,0x2a,0x10,0xd1,0x46,
    0x10,0x58,0xf0,0x46,0x54,0xf8,0x2e,0x20,0x81,0x42,0x03,0x46,0x88,0xbf,0x0b,0x46,
    0x38,0xbf,0x08,0x46,0x90,0x42,0x98,0xbf,0x10,0x46,0x93,0x42,0x38,0xbf,0x18,0x46,
    0xf2,0x45,0x11,0xdd,0xae,0xeb,0x09,0x0b,0xa8,0xeb,0x0a,0x05,0x20,0x46,0x5d,0x45,
    0xd4,0xda,0x51,0x46,0x42,0x46,0x75,0x46,0xff,0xf7,0xa2,0xff,0xae,0x46,0xca,0x46,
    0xbb,0xf1,0x10,0x0f,0xd3,0xdc,0xa8,0xe7,0xf0,0x46,0xd1,0x46,0x01,0xe0,0xc1,0x45,
    0xe8,0xdc,0x04,0xeb,0x89,0x01,0x4a,0x46,0x51,0xf8,0x04,0x3b,0x01,0x32,0x83,0x42,
    0xfa,0xd3,0xa2,0xf1,0x01,0x09,0x45,0x46,0x54,0xf8,0x25,0x60,0x01,0x3d,0x86,0x42,
    0xfa,0xd8,0x05,0xf1,0x01,0x08,0xc1,0x45,0xe9,0xdc,0x41,0xf8,0x04,0x6c,0x04,0xeb,
    0x85,0x01,0x91,0x46,0xa8,0x46,0x4b,0x60,0xe1,0xe7,0x01,0xb0,0xbd,0xe8,0x00,0x0f,
    0xf0,0xbd,0x8a,0x42,0x98,0xbf,0x70,0x47,0xb0,0xb5,0x02,0xaf,0xbd,0x68,0x03,0xf4,
    0x7f,0x44,0x3f,0xfa,0x83,0xf3,0x00,0xeb,0x81,0x00,0x51,0x1a,0x4f,0xf4,0x7f,0x42,
    0x03,0xfb,0x05,0xfe,0xc5,0xf5,0x80,0x73,0x04,0xfb,0x05,0xfc,0x04,0x68,0x01,0x39,
    0x04,0xf4,0x7f,0x45,0x3f,0xfa,0x84,0xf4,0x05,0xfb,0x03,0xc5,0x04,0xfb,0x03,0xe4,
    0x02,0xea,0x15,0x25,0x3f,0xfa,0x94,0xf4,0x2c,0x44,0x04,0xf1,0x7f,0x44,0x40,0xf8,
    0x04,0x4b,0xeb,0xd1,0xbd,0xe8,0xb0,0x40,0x70,0x47,0x08,0x44,0x70,0x47,0x40,0x1a,
    0x70,0x47,0x80,0xea,0xc1,0x00,0x70,0x47,0x41,0xf0,0x01,0x01,0x48,0x43,0x70,0x47,
    0x41,0xf0,0x01,0x01,0x49,0x42,0xc8,0x41,0x70,0x47,0x88,0x42,0x28,0xbf,0x08,0x46,
    0x70,0x47,0x88,0x42,0x98,0xbf,0x08,0x46,0x70,0x47,0x49,0x08,0x01,0xeb,0x50,0x00,
    0x70,0x47,0xb0,0xb5,0x02,0xaf,0x04,0x46,0x00,0x25,0x02,0x28,0x06,0xd3,0x60,0x1e,
    0xff,0xf7,0xf7,0xff,0x02,0x3c,0x05,0x44,0x01,0x2c,0xf8,0xd8,0x60,0x19,0xb0,0xbd,
    0xb0,0xb5,0x02,0xaf,0xa0,0xb0,0x43,0xf6,0x14,0x0e,0x00,0x22,0xc0,0xf2,0x00,0x0e,
    0xec,0x46,0x00,0x23,0x03,0xe0,0x43,0xf8,0x08,0x2c,0x0a,0x46,0x23,0x46,0x1e,0xf8,
    0x02,0x40,0x0d,0x2c,0x00,0xf2,0x86,0x80,0x51,0x1c,0xdf,0xe8,0x04,0xf0,0x10,0x4d,
    0x30,0x39,0x13,0x56,0x6c,0x42,0x78,0x27,0x6f,0x07,0x1c,0x5e,0x5c,0x1e,0x0c,0xeb,
    0x83,0x03,0x5c,0xf8,0x24,0x20,0x53,0xf8,0x08,0x5c,0x6a,0x40,0xe3,0xe7,0x1e,0xf8,
    0x01,0x10,0x34,0xe0,0x0c,0xeb,0x83,0x02,0x52,0xf8,0x04,0x2c,0x4c,0xf8,0x23,0x20,
    0x01,0x33,0x0a,0x46,0xdb,0xe7,0x0c,0xeb,0x83,0x04,0x1e,0xf8,0x01,0x10,0x54,0xf8,
    0x04,0x5c,0x01,0xf0,0x1f,0x01,0x05,0xfa,0x01,0xf1,0x40,0xe0,0x0c,0xeb,0x83,0x02,
    0x52,0xf8,0x04,0x4c,0x01,0x3c,0x42,0xf8,0x04,0x4c,0x0a,0x46,0xc7,0xe7,0x5c,0x1e,
    0x0c,0xeb,0x83,0x03,0x5c,0xf8,0x24,0x20,0x53,0xf8,0x08,0x5c,0xaa,0x1a,0xba,0xe7,
    0x5c,0x1e,0x0c,0xeb,0x83,0x03,0x5c,0xf8,0x24,0x20,0x53,0xf8,0x08,0x5c,0x6a,0x43,
    0xb1,0xe7,0x1e,0xf8,0x01,0x10,0x01,0xf0,0x07,0x01,0x50,0xf8,0x21,0x10,0x4c,0xf8,
    0x23,0x10,0x01,0x33,0x02,0x32,0xaa,0xe7,0x5c,0x1e,0x0c,0xeb,0x83,0x03,0x5c,0xf8,
    0x24,0x20,0x53,0xf8,0x08,0x5c,0x2a,0x44,0x9d,0xe7,0x0c,0xeb,0x83,0x02,0x52,0xe9,
    0x02,0x45,0x42,0xe9,0x02,0x54,0x0a,0x46,0x99,0xe7,0x0c,0xeb,0x83,0x04,0x1e,0xf8,
    0x01,0x10,0x54,0xf8,0x04,0x5c,0x01,0xf0,0x1f,0x01,0x25,0xfa,0x01,0xf1,0x44,0xf8,
    0x04,0x1c,0x02,0x32,0x8b,0xe7,0x01,0x3b,0x0a,0x46,0x88,0xe7,0x01,0x3b,0x02,0x32,
    0x5c,0xf8,0x23,0x40,0x00,0x2c,0x18,0xbf,0x1e,0xf8,0x01,0x20,0x7f,0xe7,0x1e,0xf8,
    0x01,0x10,0x01,0x3b,0x02,0x32,0x01,0xf0,0x07,0x01,0x5c,0xf8,0x23,0x40,0x40,0xf8,
    0x21,0x40,0x74,0xe7,0x00,0x68,0x20,0xb0,0xb0,0xbd,0x00,0xbf,0x9f,0xed,0x08,0x0a,
    0x00,0x22,0x8b,0x18,0x93,0xed,0x00,0x1a,0x83,0x18,0x04,0x32,0x93,0xed,0x00,0x2a,
    0xb2,0xf5,0x80,0x6f,0x22,0xee,0x01,0x1a,0x30,0xee,0x01,0x0a,0xf1,0xd1,0x70,0x47,
    0x00,0x00,0x00,0x00,0x80,0xb5,0x6f,0x46,0x9f,0xed,0x4b,0x0a,0x4f,0xf0,0x00,0x0c,
    0x01,0xeb,0x0c,0x03,0x92,0xed,0x00,0x1a,0x92,0xed,0x04,0x2a,0x00,0xeb,0x0c,0x0e,
    0x93,0xed,0x00,0x5a,0x0c,0xf1,0x10,0x0c,0x93,0xed,0x01,0x6a,0xbc,0xf1,0x40,0x0f,
    0x25,0xee,0x01,0x1a,0x92,0xed,0x08,0x3a,0x26,0xee,0x02,0x2a,0x93,0xed,0x02,0x7a,
    0x92,0xed,0x0c,0x4a,0x27,0xee,0x03,0x3a,0xd3,0xed,0x03,0x0a,0x31,0xee,0x00,0x1a,
    0x31,0xee,0x02,0x1a,0x20,0xee,0x84,0x2a,0x31,0xee,0x03,0x1a,0x31,0xee,0x02,0x1a,
    0x8e,0xed,0x00,0x1a,0x93,0xed,0x00,0x1a,0x92,0xed,0x01,0x5a,0x93,0xed,0x01,0x2a,
    0x21,0xee,0x05,0x1a,0x92,0xed,0x05,0x6a,0x93,0xed,0x02,0x3a,0x22,0xee,0x06,0x2a,
    0x92,0xed,0x09,0x7a,0x93,0xed,0x03,0x4a,0x23,0xee,0x07,0x3a,0xd2,0xed,0x0d,0x0a,
    0x31,0xee,0x00,0x1a,0x31,0xee,0x02,0x1a,0x24,0xee,0x20,0x2a,0x31,0xee,0x03,0x1a,
    0x31,0xee,0x02,0x1a,0x8e,0xed,0x01,0x1a,0x93,0xed,0x00,0x1a,0x92,0xed,0x02,0x5a,
    0x93,0xed,0x01,0x2a,0x21,0xee,0x05,0x1a,0x92,0xed,0x06,0x6a,0x93,0xed,0x02,0x3a,
    0x22,0xee,0x06,0x2a,0x92,0xed,0x0a,0x7a,0x93,0xed,0x03,0x4a,0x23,0xee,0x07,0x3a,
    0xd2,0xed,0x0e,0x0a,0x31,0xee,0x00,0x1a,0x31,0xee,0x02,0x1a,0x24,0xee,0x20,0x2a,
    0x31,0xee,0x03,0x1a,0x31,0xee,0x02,0x1a,0x8e,0xed,0x02,0x1a,0x93,0xed,0x00,0x1a,
    0x92,0xed,0x03,0x5a,0x93,0xed,0x01,0x2a,0x21,0xee,0x05,0x1a,0x92,0xed,0x07,0x6a,
    0x93,0xed,0x02,0x3a,0x22,0xee,0x06,0x2a,0x92,0xed,0x0b,0x7a,0x93,0xed,0x03,0x4a,
    0x23,0xee,0x07,0x3a,0xd2,0xed,0x0f,0x0a,0x31,0xee,0x00,0x1a,0x31,0xee,0x02,0x1a,
    0x24,0xee,0x20,0x2a,0x31,0xee,0x03,0x1a,0x31,0xee,0x02,0x1a,0x8e,0xed,0x03,0x1a,
    0x7f,0xf4,0x6e,0xaf,0x80,0xbd,0x00,0xbf,0x00,0x00,0x00,0x00,0x00,0xdf,0x70,0x47,
    0x01,0x23,0x45,0x67,0x89,0xab,0xcd,0xef,0xfe,0xdc,0xba,0x98,0x76,0x54,0x32,0x10,
    0xf0,0xe1,0xd2,0xc3,0xeb,0x34,0x00,0x00,0xef,0x34,0x00,0x00,0xf3,0x34,0x00,0x00,
    0xf9,0x34,0x00,0x00,0x01,0x35,0x00,0x00,0x0b,0x35,0x00,0x00,0x13,0x35,0x00,0x00,
    0x1b,0x35,0x00,0x00,0x07,0x01,0x04,0x03,0x07,0x00,0x00,0x01,0x05,0x06,0x0c,0x01,
    0x0b,0x07,0x00,0x01,0x08,0x00,0x07,0x01,0x09,0x04,0x08,0x01,0x0a,0x00,0x0e,
};
#endif
